Canonical_miRNA_ID	Canonical_Seq_ID	Canonical_library_detection_count	IsomiR_miRNA_ID	IsomiR_Seq_ID	IsomiR_library_detection_count	Canonical_detected	Family	miRNA_loci
gma-miR10197	miR265_R47_L21	47	gma-miR10197.v1	miR473_R17_L21	17	yes	gma-miR10197	gma-miR10197
gma-miR10414b	miR239_R56_L22	56	gma-miR10414b.v1	miR314_R34_L22	34	yes	gma-miR10414	gma-miR10414b
gma-miR10421a	miR60_R317_L22	317	gma-miR10421a.v1	miR769_R7_L22	7	yes	gma-miR10421	gma-miR10421a
gma-miR10421b	miR60_R317_L22	317	gma-miR10421b.v1	miR769_R7_L22	7	yes	gma-miR10421	gma-miR10421b
gma-miR10421c	miR60_R317_L22	317	gma-miR10421c.v1	miR769_R7_L22	7	yes	gma-miR10421	gma-miR10421c
gma-miR10438	miR98_R193_L22	193	gma-miR10438.v1	miR361_R27_L22	27	yes	gma-miR10438	gma-miR10438
gma-miR10439	miR240_R55_L21	55	gma-miR10439.v1	miR1429_R2_L22	2	yes	gma-miR10439	gma-miR10439
gma-miR10440-5p	miR168_R96_L21	96	gma-miR10440-5p.v1	miR367_R27_L22	27	yes	gma-miR10440	gma-miR10440
gma-miR10440	miR61_R311_L21	311	gma-miR10440.v1	miR153_R105_L21	105	yes	gma-miR10440	gma-miR10440
gma-miR10442	miR113_R156_L21	156	gma-miR10442.v1	miR197_R73_L21	73	yes	gma-miR10442	gma-miR10442
gma-miR10448a	miR38_R445_L22	445	gma-miR10448a.v1	miR579_R11_L22	11	yes	gma-miR10448	gma-miR10448a
gma-miR12203	miR544_R12_L21	12	gma-miR12203.v1	miR166_R97_L21	97	yes	gma-miR12203	gma-miR12203
gma-miR12203	miR544_R12_L21	12	gma-miR12203.v2	miR1237_R3_L22	3	yes	gma-miR12203	gma-miR12203
gma-miR12203	miR544_R12_L21	12	gma-miR12203.v3	miR1520_R2_L22	2	yes	gma-miR12203	gma-miR12203
gma-miR12209b	miR451_R18_L21	18	gma-miR12209b.v1	miR589_R11_L20	11	yes	gma-miR12209	gma-miR12209b
gma-miR12213a	miR155_R104_L20	104	gma-miR12213a.v1	miR309_R36_L21	36	yes	gma-miR12213	gma-miR12213a
gma-miR12213a	miR155_R104_L20	104	gma-miR12213a.v2	miR1443_R2_L22	2	yes	gma-miR12213	gma-miR12213a
gma-miR12214a	miR717_R8_L22	8	gma-miR12214a.v1	miR268_R45_L22	45	yes	gma-miR12214	gma-miR12214a
gma-miR12214a	miR717_R8_L22	8	gma-miR12214a.v2	miR743_R7_L21	7	yes	gma-miR12214	gma-miR12214a
gma-miR12269l	miR318_R33_L22	33	gma-miR12269l.v1	miR674_R8_L22	8	yes	gma-miR12269	gma-miR12269l
gma-miR12367b	miR351_R28_L22	28	gma-miR12367b.v1	miR311_R35_L22	35	yes	gma-miR12367	gma-miR12367b
gma-miR12376a	miR334_R31_L22	31	gma-miR12376a.v1	miR908_R5_L21	5	yes	gma-miR12376	gma-miR12376a
gma-miR12376b	miR334_R31_L22	31	gma-miR12376b.v1	miR908_R5_L21	5	yes	gma-miR12376	gma-miR12376b
gma-miR12392a	miR157_R103_L22	103	gma-miR12392a.v1	miR1467_R2_L21	2	yes	gma-miR12392	gma-miR12392a
gma-miR12392b	miR157_R103_L22	103	gma-miR12392b.v1	miR1190_R3_L21	3	yes	gma-miR12392	gma-miR12392b
gma-miR12393	miR258_R49_L21	49	gma-miR12393.v1	miR876_R5_L21	5	yes	gma-miR12393	gma-miR12393
gma-miR12410e	miR406_R23_L21	23	gma-miR12410e.v1	miR581_R11_L21	11	yes	gma-miR12410	gma-miR12410e
gma-miR12410h-3p	miR1458_R2_L21	2	gma-miR12410h-3p.v1	miR1305_R2_L21	2	yes	gma-miR12410	gma-miR12410h
gma-miR12410h	miR406_R23_L21	23	gma-miR12410h.v1	miR581_R11_L21	11	yes	gma-miR12410	gma-miR12410h
gma-miR12410j	miR406_R23_L21	23	gma-miR12410j.v1	miR581_R11_L21	11	yes	gma-miR12410	gma-miR12410j
gma-miR12920	miR225_R61_L22	61	gma-miR12920.v1	miR1287_R2_L21	2	yes	gma-miR12920	gma-miR12920
gma-miR13146a	miR730_R7_L22	7	gma-miR13146a.v1	miR978_R4_L21	4	yes	gma-miR13146	gma-miR13146a
gma-miR13146b	miR730_R7_L22	7	gma-miR13146b.v1	miR978_R4_L21	4	yes	gma-miR13146	gma-miR13146b
gma-miR13146c	miR730_R7_L22	7	gma-miR13146c.v1	miR978_R4_L21	4	yes	gma-miR13146	gma-miR13146c
gma-miR13639	miR337_R31_L20	31	gma-miR13639.v1	miR380_R26_L21	26	yes	gma-miR13639	gma-miR13639
gma-miR13837	miR1002_R4_L20	4	gma-miR13837.v1	miR553_R12_L21	12	yes	gma-miR13837	gma-miR13837
gma-miR13877c	miR185_R84_L22	84	gma-miR13877c.v1	miR428_R20_L22	20	yes	gma-miR13877	gma-miR13877c
gma-miR13986	miR234_R58_L21	58	gma-miR13986.v1	miR1564_R2_L21	2	yes	gma-miR13986	gma-miR13986
gma-miR14289	miR140_R123_L22	123	gma-miR14289.v1	miR1364_R2_L22	2	yes	gma-miR14289	gma-miR14289
gma-miR14289a	miR140_R123_L22	123	gma-miR14289a.v1	miR1364_R2_L22	2	yes	gma-miR14289	gma-miR14289a
gma-miR14589	miR424_R21_L21	21	gma-miR14589.v1	miR526_R13_L21	13	yes	gma-miR14589	gma-miR14589
gma-miR14645a	miR568_R12_L22	12	gma-miR14645a.v1	miR860_R6_L21	6	yes	gma-miR14645	gma-miR14645a
gma-miR14645b	miR568_R12_L22	12	gma-miR14645b.v1	miR860_R6_L21	6	yes	gma-miR14645	gma-miR14645b
gma-miR14645c	miR568_R12_L22	12	gma-miR14645c.v1	miR860_R6_L21	6	yes	gma-miR14645	gma-miR14645c
gma-miR14645d	miR568_R12_L22	12	gma-miR14645d.v1	miR860_R6_L21	6	yes	gma-miR14645	gma-miR14645d
gma-miR14645e	miR568_R12_L22	12	gma-miR14645e.v1	miR860_R6_L21	6	yes	gma-miR14645	gma-miR14645e
gma-miR14645f	miR568_R12_L22	12	gma-miR14645f.v1	miR860_R6_L21	6	yes	gma-miR14645	gma-miR14645f
gma-miR14645j	miR568_R12_L22	12	gma-miR14645j.v1	miR860_R6_L21	6	yes	gma-miR14645	gma-miR14645j
gma-miR14645l	miR568_R12_L22	12	gma-miR14645l.v1	miR860_R6_L21	6	yes	gma-miR14645	gma-miR14645l
gma-miR14645m	miR568_R12_L22	12	gma-miR14645m.v1	miR860_R6_L21	6	yes	gma-miR14645	gma-miR14645m
gma-miR14645n	miR568_R12_L22	12	gma-miR14645n.v1	miR860_R6_L21	6	yes	gma-miR14645	gma-miR14645n
gma-miR14846a	miR493_R15_L21	15	gma-miR14846a.v1	miR1473_R2_L21	2	yes	gma-miR14846	gma-miR14846a
gma-miR14939b	miR928_R5_L21	5	gma-miR14939b.v1	miR388_R25_L22	25	yes	gma-miR14939	gma-miR14939b
gma-miR1507a	miR9_R713_L22	713	gma-miR1507a.v1	miR201_R72_L21	72	yes	gma-miR1507	gma-miR1507a
gma-miR1507b	miR201_R72_L21	72	gma-miR1507b.v1	miR9_R713_L22	713	yes	gma-miR1507	gma-miR1507b
gma-miR1507c-3p		0	gma-miR1507c-3p.v1	miR51_R340_L22	340	no	gma-miR1507	gma-miR1507c
gma-miR1507c-3p		0	gma-miR1507c-3p.v2	miR213_R67_L22	67	no	gma-miR1507	gma-miR1507c
gma-miR1507c-5p	miR355_R28_L21	28	gma-miR1507c-5p.v1	miR99_R193_L21	193	yes	gma-miR1507	gma-miR1507c
gma-miR1507c-5p	miR355_R28_L21	28	gma-miR1507c-5p.v2	miR719_R8_L22	8	yes	gma-miR1507	gma-miR1507c
gma-miR1507c-5p	miR355_R28_L21	28	gma-miR1507c-5p.v3	miR739_R7_L20	7	yes	gma-miR1507	gma-miR1507c
gma-miR1508b	miR21_R644_L21	644	gma-miR1508b.v1	miR1402_R2_L22	2	yes	gma-miR1508	gma-miR1508b
gma-miR1509a	miR3_R751_L22	751	gma-miR1509a.v1	miR797_R6_L21	6	yes	gma-miR1509	gma-miR1509a
gma-miR1509b		0	gma-miR1509b.v1	miR42_R402_L22	402	no	gma-miR1509	gma-miR1509b
gma-miR1509b		0	gma-miR1509b.v2	miR294_R39_L20	39	no	gma-miR1509	gma-miR1509b
gma-miR1510a-3p		0	gma-miR1510a-3p.v1	miR58_R319_L21	319	no	gma-miR1510	gma-miR1510a
gma-miR1510a-3p		0	gma-miR1510a-3p.v2	miR483_R15_L22	15	no	gma-miR1510	gma-miR1510a
gma-miR1510a-3p		0	gma-miR1510a-3p.v3	miR1080_R3_L22	3	no	gma-miR1510	gma-miR1510a
gma-miR1510a-5p		0	gma-miR1510a-5p.v1	miR45_R376_L21	376	no	gma-miR1510	gma-miR1510a
gma-miR1510b-3p	miR58_R319_L21	319	gma-miR1510b-3p.v1	miR471_R17_L22	17	yes	gma-miR1510	gma-miR1510b
gma-miR1510b-5p	miR102_R187_L22	187	gma-miR1510b-5p.v1	miR26_R556_L21	556	yes	gma-miR1510	gma-miR1510b
gma-miR1510b-5p	miR102_R187_L22	187	gma-miR1510b-5p.v2	miR712_R8_L20	8	yes	gma-miR1510	gma-miR1510b
gma-miR1511-5p	miR241_R55_L21	55	gma-miR1511-5p.v1	miR1063_R4_L22	4	yes	gma-miR1511	gma-miR1511
gma-miR1511	miR53_R333_L20	333	gma-miR1511.v1	miR34_R456_L21	456	yes	gma-miR1511	gma-miR1511
gma-miR1512a-3p		0	gma-miR1512a-3p.v1	miR724_R7_L21	7	no	gma-miR1512	gma-miR1512a
gma-miR1512b	miR177_R88_L22	88	gma-miR1512b.v1	miR512_R14_L22	14	yes	gma-miR1512	gma-miR1512b
gma-miR1512c	miR93_R204_L22	204	gma-miR1512c.v1	miR618_R10_L21	10	yes	gma-miR1512	gma-miR1512c
gma-miR1513b-5p	miR196_R74_L21	74	gma-miR1513b-5p.v1	miR1496_R2_L20	2	yes	gma-miR1513	gma-miR1513b
gma-miR1513c		0	gma-miR1513c.v1	miR74_R274_L21	274	no	gma-miR1513	gma-miR1513c
gma-miR1514a-5p		0	gma-miR1514a-5p.v1	miR59_R318_L22	318	no	gma-miR1514	gma-miR1514a
gma-miR1514a-5p		0	gma-miR1514a-5p.v2	miR1111_R3_L22	3	no	gma-miR1514	gma-miR1514a
gma-miR1514b-5p		0	gma-miR1514b-5p.v1	miR723_R7_L22	7	no	gma-miR1514	gma-miR1514b
gma-miR1515a	miR36_R451_L22	451	gma-miR1515a.v1	miR215_R64_L21	64	yes	gma-miR1515	gma-miR1515a
gma-miR1515b	miR36_R451_L22	451	gma-miR1515b.v1	miR215_R64_L21	64	yes	gma-miR1515	gma-miR1515b
gma-miR1523a		0	gma-miR1523a.v1	miR111_R157_L21	157	no	gma-miR1523	gma-miR1523a
gma-miR1523c	miR1011_R4_L22	4	gma-miR1523c.v1	miR1220_R3_L22	3	yes	gma-miR1523	gma-miR1523c
gma-miR1531-5p		0	gma-miR1531-5p.v1	miR757_R7_L22	7	no	gma-miR1531	gma-miR1531
gma-miR1535a		0	gma-miR1535a.v1	miR716_R8_L22	8	no	gma-miR1535	gma-miR1535a
gma-miR156a	miR10_R708_L20	708	gma-miR156a.v1	miR572_R12_L21	12	yes	gma-miR156	gma-miR156a
gma-miR156a	miR10_R708_L20	708	gma-miR156a.v2	miR1559_R2_L20	2	yes	gma-miR156	gma-miR156a
gma-miR156ad	miR298_R39_L22	39	gma-miR156ad.v1	miR313_R35_L21	35	yes	gma-miR156	gma-miR156ad
gma-miR156ae	miR33_R465_L21	465	gma-miR156ae.v1	miR366_R27_L22	27	yes	gma-miR156	gma-miR156ae
gma-miR156ae	miR33_R465_L21	465	gma-miR156ae.v2	miR1271_R2_L20	2	yes	gma-miR156	gma-miR156ae
gma-miR156d-3p	miR228_R60_L21	60	gma-miR156d-3p.v1	miR1562_R2_L22	2	yes	gma-miR156	gma-miR156d
gma-miR156d	miR33_R465_L21	465	gma-miR156d.v1	miR1271_R2_L20	2	yes	gma-miR156	gma-miR156d
gma-miR156e-3p	miR269_R45_L21	45	gma-miR156e-3p.v1	miR904_R5_L22	5	yes	gma-miR156	gma-miR156e
gma-miR156e		0	gma-miR156e.v1	miR33_R465_L21	465	no	gma-miR156	gma-miR156e
gma-miR156e		0	gma-miR156e.v2	miR1271_R2_L20	2	no	gma-miR156	gma-miR156e
gma-miR156f		0	gma-miR156f.v1	miR204_R71_L21	71	no	gma-miR156	gma-miR156f
gma-miR156g		0	gma-miR156g.v1	miR33_R465_L21	465	no	gma-miR156	gma-miR156g
gma-miR156g		0	gma-miR156g.v2	miR1271_R2_L20	2	no	gma-miR156	gma-miR156g
gma-miR156h	miR10_R708_L20	708	gma-miR156h.v1	miR517_R14_L22	14	yes	gma-miR156	gma-miR156h
gma-miR156i-3p	miR228_R60_L21	60	gma-miR156i-3p.v1	miR1562_R2_L22	2	yes	gma-miR156	gma-miR156i
gma-miR156i	miR33_R465_L21	465	gma-miR156i.v1	miR1271_R2_L20	2	yes	gma-miR156	gma-miR156i
gma-miR156j	miR33_R465_L21	465	gma-miR156j.v1	miR1271_R2_L20	2	yes	gma-miR156	gma-miR156j
gma-miR156k		0	gma-miR156k.v1	miR10_R708_L20	708	no	gma-miR156	gma-miR156k
gma-miR156k		0	gma-miR156k.v2	miR517_R14_L22	14	no	gma-miR156	gma-miR156k
gma-miR156l-3p	miR528_R13_L22	13	gma-miR156l-3p.v1	miR1142_R3_L21	3	yes	gma-miR156	gma-miR156l
gma-miR156l	miR33_R465_L21	465	gma-miR156l.v1	miR1271_R2_L20	2	yes	gma-miR156	gma-miR156l
gma-miR156m-3p	miR169_R96_L22	96	gma-miR156m-3p.v1	miR620_R10_L21	10	yes	gma-miR156	gma-miR156m
gma-miR156n		0	gma-miR156n.v1	miR10_R708_L20	708	no	gma-miR156	gma-miR156n
gma-miR156n		0	gma-miR156n.v2	miR517_R14_L22	14	no	gma-miR156	gma-miR156n
gma-miR156o		0	gma-miR156o.v1	miR10_R708_L20	708	no	gma-miR156	gma-miR156o
gma-miR156o		0	gma-miR156o.v2	miR517_R14_L22	14	no	gma-miR156	gma-miR156o
gma-miR156p	miR219_R63_L21	63	gma-miR156p.v1	miR1105_R3_L20	3	yes	gma-miR156	gma-miR156p
gma-miR156q	miR310_R35_L21	35	gma-miR156q.v1	miR10_R708_L20	708	yes	gma-miR156	gma-miR156q
gma-miR156r	miR329_R32_L21	32	gma-miR156r.v1	miR1012_R4_L20	4	yes	gma-miR156	gma-miR156r
gma-miR156s-3p	miR298_R39_L22	39	gma-miR156s-3p.v1	miR313_R35_L21	35	yes	gma-miR156	gma-miR156s
gma-miR156s	miR310_R35_L21	35	gma-miR156s.v1	miR10_R708_L20	708	yes	gma-miR156	gma-miR156s
gma-miR156t	miR219_R63_L21	63	gma-miR156t.v1	miR1105_R3_L20	3	yes	gma-miR156	gma-miR156t
gma-miR156u	miR10_R708_L20	708	gma-miR156u.v1	miR572_R12_L21	12	yes	gma-miR156	gma-miR156u
gma-miR156u	miR10_R708_L20	708	gma-miR156u.v2	miR1559_R2_L20	2	yes	gma-miR156	gma-miR156u
gma-miR159a-3p	miR48_R362_L21	362	gma-miR159a-3p.v1	miR634_R9_L20	9	yes	gma-miR159	gma-miR159a
gma-miR159a-3p	miR48_R362_L21	362	gma-miR159a-3p.v2	miR960_R4_L22	4	yes	gma-miR159	gma-miR159a
gma-miR159b-3p	miR698_R8_L21	8	gma-miR159b-3p.v1	miR420_R21_L20	21	yes	gma-miR159	gma-miR159b
gma-miR159c	miR921_R5_L21	5	gma-miR159c.v1	miR420_R21_L20	21	yes	gma-miR159	gma-miR159c
gma-miR159e-3p	miR48_R362_L21	362	gma-miR159e-3p.v1	miR634_R9_L20	9	yes	gma-miR159	gma-miR159e
gma-miR159e-3p	miR48_R362_L21	362	gma-miR159e-3p.v2	miR960_R4_L22	4	yes	gma-miR159	gma-miR159e
gma-miR159f-3p	miR698_R8_L21	8	gma-miR159f-3p.v1	miR420_R21_L20	21	yes	gma-miR159	gma-miR159f
gma-miR159g	miR420_R21_L20	21	gma-miR159g.v1	miR1169_R3_L21	3	yes	gma-miR159	gma-miR159g
gma-miR159h	miR522_R13_L20	13	gma-miR159h.v1	miR750_R7_L21	7	yes	gma-miR159	gma-miR159h
gma-miR159i	miR921_R5_L21	5	gma-miR159i.v1	miR420_R21_L20	21	yes	gma-miR159	gma-miR159i
gma-miR160a-5p	miR25_R563_L21	563	gma-miR160a-5p.v1	miR325_R32_L20	32	yes	gma-miR160	gma-miR160a
gma-miR160b	miR325_R32_L20	32	gma-miR160b.v1	miR25_R563_L21	563	yes	gma-miR160	gma-miR160b
gma-miR160b	miR325_R32_L20	32	gma-miR160b.v2	miR350_R28_L21	28	yes	gma-miR160	gma-miR160b
gma-miR160c	miR325_R32_L20	32	gma-miR160c.v1	miR25_R563_L21	563	yes	gma-miR160	gma-miR160c
gma-miR160c	miR325_R32_L20	32	gma-miR160c.v2	miR350_R28_L21	28	yes	gma-miR160	gma-miR160c
gma-miR160d	miR325_R32_L20	32	gma-miR160d.v1	miR25_R563_L21	563	yes	gma-miR160	gma-miR160d
gma-miR160d	miR325_R32_L20	32	gma-miR160d.v2	miR350_R28_L21	28	yes	gma-miR160	gma-miR160d
gma-miR160e	miR325_R32_L20	32	gma-miR160e.v1	miR25_R563_L21	563	yes	gma-miR160	gma-miR160e
gma-miR160e	miR325_R32_L20	32	gma-miR160e.v2	miR350_R28_L21	28	yes	gma-miR160	gma-miR160e
gma-miR160f	miR25_R563_L21	563	gma-miR160f.v1	miR325_R32_L20	32	yes	gma-miR160	gma-miR160f
gma-miR160f	miR25_R563_L21	563	gma-miR160f.v2	miR350_R28_L21	28	yes	gma-miR160	gma-miR160f
gma-miR160l	miR207_R69_L21	69	gma-miR160l.v1	miR1098_R3_L20	3	yes	gma-miR160	gma-miR160l
gma-miR162a		0	gma-miR162a.v1	miR4_R751_L21	751	no	gma-miR162	gma-miR162a
gma-miR162a		0	gma-miR162a.v2	miR887_R5_L22	5	no	gma-miR162	gma-miR162a
gma-miR162b	miR4_R751_L21	751	gma-miR162b.v1	miR887_R5_L22	5	yes	gma-miR162	gma-miR162b
gma-miR162c	miR4_R751_L21	751	gma-miR162c.v1	miR887_R5_L22	5	yes	gma-miR162	gma-miR162c
gma-miR162d	miR72_R275_L21	275	gma-miR162d.v1	miR237_R56_L22	56	yes	gma-miR162	gma-miR162d
gma-miR164a-3p	miR322_R33_L21	33	gma-miR164a-3p.v1	miR865_R6_L22	6	yes	gma-miR164	gma-miR164a
gma-miR164a	miR30_R527_L21	527	gma-miR164a.v1	miR238_R56_L20	56	yes	gma-miR164	gma-miR164a
gma-miR164b-3p	miR322_R33_L21	33	gma-miR164b-3p.v1	miR865_R6_L22	6	yes	gma-miR164	gma-miR164b
gma-miR164b	miR238_R56_L20	56	gma-miR164b.v1	miR30_R527_L21	527	yes	gma-miR164	gma-miR164b
gma-miR164c-3p	miR162_R100_L21	100	gma-miR164c-3p.v1	miR718_R8_L22	8	yes	gma-miR164	gma-miR164c
gma-miR164c	miR238_R56_L20	56	gma-miR164c.v1	miR30_R527_L21	527	yes	gma-miR164	gma-miR164c
gma-miR164d-3p	miR322_R33_L21	33	gma-miR164d-3p.v1	miR865_R6_L22	6	yes	gma-miR164	gma-miR164d
gma-miR164d	miR238_R56_L20	56	gma-miR164d.v1	miR30_R527_L21	527	yes	gma-miR164	gma-miR164d
gma-miR164e-3p	miR322_R33_L21	33	gma-miR164e-3p.v1	miR865_R6_L22	6	yes	gma-miR164	gma-miR164e
gma-miR164e	miR30_R527_L21	527	gma-miR164e.v1	miR238_R56_L20	56	yes	gma-miR164	gma-miR164e
gma-miR164f	miR30_R527_L21	527	gma-miR164f.v1	miR238_R56_L20	56	yes	gma-miR164	gma-miR164f
gma-miR164g-3p	miR322_R33_L21	33	gma-miR164g-3p.v1	miR865_R6_L22	6	yes	gma-miR164	gma-miR164g
gma-miR164g	miR30_R527_L21	527	gma-miR164g.v1	miR238_R56_L20	56	yes	gma-miR164	gma-miR164g
gma-miR164h-3p	miR162_R100_L21	100	gma-miR164h-3p.v1	miR718_R8_L22	8	yes	gma-miR164	gma-miR164h
gma-miR164h	miR30_R527_L21	527	gma-miR164h.v1	miR238_R56_L20	56	yes	gma-miR164	gma-miR164h
gma-miR164i	miR30_R527_L21	527	gma-miR164i.v1	miR238_R56_L20	56	yes	gma-miR164	gma-miR164i
gma-miR164j	miR30_R527_L21	527	gma-miR164j.v1	miR238_R56_L20	56	yes	gma-miR164	gma-miR164j
gma-miR164k	miR30_R527_L21	527	gma-miR164k.v1	miR238_R56_L20	56	yes	gma-miR164	gma-miR164k
gma-miR164l-3p	miR162_R100_L21	100	gma-miR164l-3p.v1	miR718_R8_L22	8	yes	gma-miR164	gma-miR164l
gma-miR164l	miR30_R527_L21	527	gma-miR164l.v1	miR238_R56_L20	56	yes	gma-miR164	gma-miR164l
gma-miR164p	miR322_R33_L21	33	gma-miR164p.v1	miR865_R6_L22	6	yes	gma-miR164	gma-miR164p
gma-miR166a-3p		0	gma-miR166a-3p.v1	miR344_R29_L22	29	no	gma-miR166	gma-miR166a
gma-miR166a-3p		0	gma-miR166a-3p.v2	miR734_R7_L21	7	no	gma-miR166	gma-miR166a
gma-miR166a-3p		0	gma-miR166a-3p.v3	miR815_R6_L22	6	no	gma-miR166	gma-miR166a
gma-miR166a-3p		0	gma-miR166a-3p.v4	miR976_R4_L21	4	no	gma-miR166	gma-miR166a
gma-miR166aa	miR1_R795_L21	795	gma-miR166aa.v1	miR1397_R2_L22	2	yes	gma-miR166	gma-miR166aa
gma-miR166ac	miR1_R795_L21	795	gma-miR166ac.v1	miR1397_R2_L22	2	yes	gma-miR166	gma-miR166ac
gma-miR166b		0	gma-miR166b.v1	miR39_R433_L22	433	no	gma-miR166	gma-miR166b
gma-miR166b		0	gma-miR166b.v2	miR87_R214_L22	214	no	gma-miR166	gma-miR166b
gma-miR166c-3p		0	gma-miR166c-3p.v1	miR39_R433_L22	433	no	gma-miR166	gma-miR166c
gma-miR166c-3p		0	gma-miR166c-3p.v2	miR126_R138_L21	138	no	gma-miR166	gma-miR166c
gma-miR166c-3p		0	gma-miR166c-3p.v3	miR138_R123_L21	123	no	gma-miR166	gma-miR166c
gma-miR166c-3p		0	gma-miR166c-3p.v4	miR344_R29_L22	29	no	gma-miR166	gma-miR166c
gma-miR166d		0	gma-miR166d.v1	miR1_R795_L21	795	no	gma-miR166	gma-miR166d
gma-miR166d		0	gma-miR166d.v2	miR344_R29_L22	29	no	gma-miR166	gma-miR166d
gma-miR166d		0	gma-miR166d.v3	miR1397_R2_L22	2	no	gma-miR166	gma-miR166d
gma-miR166e		0	gma-miR166e.v1	miR39_R433_L22	433	no	gma-miR166	gma-miR166e
gma-miR166e		0	gma-miR166e.v2	miR87_R214_L22	214	no	gma-miR166	gma-miR166e
gma-miR166e		0	gma-miR166e.v3	miR126_R138_L21	138	no	gma-miR166	gma-miR166e
gma-miR166f		0	gma-miR166f.v1	miR1_R795_L21	795	no	gma-miR166	gma-miR166f
gma-miR166f		0	gma-miR166f.v2	miR344_R29_L22	29	no	gma-miR166	gma-miR166f
gma-miR166f		0	gma-miR166f.v3	miR1397_R2_L22	2	no	gma-miR166	gma-miR166f
gma-miR166g		0	gma-miR166g.v1	miR39_R433_L22	433	no	gma-miR166	gma-miR166g
gma-miR166g		0	gma-miR166g.v2	miR87_R214_L22	214	no	gma-miR166	gma-miR166g
gma-miR166g		0	gma-miR166g.v3	miR126_R138_L21	138	no	gma-miR166	gma-miR166g
gma-miR166g		0	gma-miR166g.v4	miR138_R123_L21	123	no	gma-miR166	gma-miR166g
gma-miR166h-3p	miR1_R795_L21	795	gma-miR166h-3p.v1	miR256_R49_L21	49	yes	gma-miR166	gma-miR166h
gma-miR166i-3p		0	gma-miR166i-3p.v1	miR39_R433_L22	433	no	gma-miR166	gma-miR166i
gma-miR166i-3p		0	gma-miR166i-3p.v2	miR87_R214_L22	214	no	gma-miR166	gma-miR166i
gma-miR166i-3p		0	gma-miR166i-3p.v3	miR126_R138_L21	138	no	gma-miR166	gma-miR166i
gma-miR166i-3p		0	gma-miR166i-3p.v4	miR138_R123_L21	123	no	gma-miR166	gma-miR166i
gma-miR166i-5p		0	gma-miR166i-5p.v1	miR477_R16_L21	16	no	gma-miR166	gma-miR166i
gma-miR166l-3p	miR1_R795_L21	795	gma-miR166l-3p.v1	miR1397_R2_L22	2	yes	gma-miR166	gma-miR166l
gma-miR166m		0	gma-miR166m.v1	miR290_R40_L21	40	no	gma-miR166	gma-miR166m
gma-miR166m		0	gma-miR166m.v2	miR1327_R2_L21	2	no	gma-miR166	gma-miR166m
gma-miR166n		0	gma-miR166n.v1	miR39_R433_L22	433	no	gma-miR166	gma-miR166n
gma-miR166n		0	gma-miR166n.v2	miR87_R214_L22	214	no	gma-miR166	gma-miR166n
gma-miR166n		0	gma-miR166n.v3	miR126_R138_L21	138	no	gma-miR166	gma-miR166n
gma-miR166o		0	gma-miR166o.v1	miR39_R433_L22	433	no	gma-miR166	gma-miR166o
gma-miR166o		0	gma-miR166o.v2	miR87_R214_L22	214	no	gma-miR166	gma-miR166o
gma-miR166o		0	gma-miR166o.v3	miR126_R138_L21	138	no	gma-miR166	gma-miR166o
gma-miR166p		0	gma-miR166p.v1	miR39_R433_L22	433	no	gma-miR166	gma-miR166p
gma-miR166p		0	gma-miR166p.v2	miR87_R214_L22	214	no	gma-miR166	gma-miR166p
gma-miR166p		0	gma-miR166p.v3	miR126_R138_L21	138	no	gma-miR166	gma-miR166p
gma-miR166p		0	gma-miR166p.v4	miR138_R123_L21	123	no	gma-miR166	gma-miR166p
gma-miR166q		0	gma-miR166q.v1	miR1_R795_L21	795	no	gma-miR166	gma-miR166q
gma-miR166q		0	gma-miR166q.v2	miR1397_R2_L22	2	no	gma-miR166	gma-miR166q
gma-miR166r		0	gma-miR166r.v1	miR17_R685_L21	685	no	gma-miR166	gma-miR166r
gma-miR166r		0	gma-miR166r.v2	miR198_R73_L21	73	no	gma-miR166	gma-miR166r
gma-miR166r		0	gma-miR166r.v3	miR1415_R2_L21	2	no	gma-miR166	gma-miR166r
gma-miR166s		0	gma-miR166s.v1	miR1_R795_L21	795	no	gma-miR166	gma-miR166s
gma-miR166s		0	gma-miR166s.v2	miR87_R214_L22	214	no	gma-miR166	gma-miR166s
gma-miR166s		0	gma-miR166s.v3	miR1397_R2_L22	2	no	gma-miR166	gma-miR166s
gma-miR166t		0	gma-miR166t.v1	miR1_R795_L21	795	no	gma-miR166	gma-miR166t
gma-miR166t		0	gma-miR166t.v2	miR87_R214_L22	214	no	gma-miR166	gma-miR166t
gma-miR166t		0	gma-miR166t.v3	miR1397_R2_L22	2	no	gma-miR166	gma-miR166t
gma-miR166v	miR1_R795_L21	795	gma-miR166v.v1	miR1397_R2_L22	2	yes	gma-miR166	gma-miR166v
gma-miR166x	miR17_R685_L21	685	gma-miR166x.v1	miR198_R73_L21	73	yes	gma-miR166	gma-miR166x
gma-miR166x	miR17_R685_L21	685	gma-miR166x.v2	miR1415_R2_L21	2	yes	gma-miR166	gma-miR166x
gma-miR166y	miR1_R795_L21	795	gma-miR166y.v1	miR1397_R2_L22	2	yes	gma-miR166	gma-miR166y
gma-miR167a	miR47_R363_L21	363	gma-miR167a.v1	miR83_R242_L20	242	yes	gma-miR167	gma-miR167a
gma-miR167b	miR47_R363_L21	363	gma-miR167b.v1	miR83_R242_L20	242	yes	gma-miR167	gma-miR167b
gma-miR167d	miR47_R363_L21	363	gma-miR167d.v1	miR83_R242_L20	242	yes	gma-miR167	gma-miR167d
gma-miR167e-3p	miR907_R5_L20	5	gma-miR167e-3p.v1	miR1183_R3_L21	3	yes	gma-miR167	gma-miR167e
gma-miR167e	miR46_R371_L21	371	gma-miR167e.v1	miR83_R242_L20	242	yes	gma-miR167	gma-miR167e
gma-miR167e	miR46_R371_L21	371	gma-miR167e.v2	miR117_R153_L22	153	yes	gma-miR167	gma-miR167e
gma-miR167f-3p	miR907_R5_L20	5	gma-miR167f-3p.v1	miR1183_R3_L21	3	yes	gma-miR167	gma-miR167f
gma-miR167f	miR46_R371_L21	371	gma-miR167f.v1	miR83_R242_L20	242	yes	gma-miR167	gma-miR167f
gma-miR167f	miR46_R371_L21	371	gma-miR167f.v2	miR117_R153_L22	153	yes	gma-miR167	gma-miR167f
gma-miR167g-3p	miR371_R27_L21	27	gma-miR167g-3p.v1	miR852_R6_L20	6	yes	gma-miR167	gma-miR167g
gma-miR167g	miR669_R9_L22	9	gma-miR167g.v1	miR19_R676_L21	676	yes	gma-miR167	gma-miR167g
gma-miR167g	miR669_R9_L22	9	gma-miR167g.v2	miR83_R242_L20	242	yes	gma-miR167	gma-miR167g
gma-miR167j-3p	miR371_R27_L21	27	gma-miR167j-3p.v1	miR852_R6_L20	6	yes	gma-miR167	gma-miR167j
gma-miR167j	miR19_R676_L21	676	gma-miR167j.v1	miR83_R242_L20	242	yes	gma-miR167	gma-miR167j
gma-miR167j	miR19_R676_L21	676	gma-miR167j.v2	miR669_R9_L22	9	yes	gma-miR167	gma-miR167j
gma-miR167k		0	gma-miR167k.v1	miR460_R17_L21	17	no	gma-miR167	gma-miR167k
gma-miR167l	miR83_R242_L20	242	gma-miR167l.v1	miR47_R363_L21	363	yes	gma-miR167	gma-miR167l
gma-miR168a	miR8_R731_L21	731	gma-miR168a.v1	miR584_R11_L20	11	yes	gma-miR168	gma-miR168a
gma-miR168b		0	gma-miR168b.v1	miR8_R731_L21	731	no	gma-miR168	gma-miR168b
gma-miR168b		0	gma-miR168b.v2	miR584_R11_L20	11	no	gma-miR168	gma-miR168b
gma-miR169a	miR85_R222_L21	222	gma-miR169a.v1	miR174_R90_L20	90	yes	gma-miR169	gma-miR169a
gma-miR169a	miR85_R222_L21	222	gma-miR169a.v2	miR360_R27_L20	27	yes	gma-miR169	gma-miR169a
gma-miR169a	miR85_R222_L21	222	gma-miR169a.v3	miR431_R20_L22	20	yes	gma-miR169	gma-miR169a
gma-miR169ab	miR174_R90_L20	90	gma-miR169ab.v1	miR163_R99_L22	99	yes	gma-miR169	gma-miR169ab
gma-miR169ab	miR174_R90_L20	90	gma-miR169ab.v2	miR1308_R2_L21	2	yes	gma-miR169	gma-miR169ab
gma-miR169ac	miR174_R90_L20	90	gma-miR169ac.v1	miR163_R99_L22	99	yes	gma-miR169	gma-miR169ac
gma-miR169ac	miR174_R90_L20	90	gma-miR169ac.v2	miR1308_R2_L21	2	yes	gma-miR169	gma-miR169ac
gma-miR169ad	miR170_R95_L21	95	gma-miR169ad.v1	miR1181_R3_L20	3	yes	gma-miR169	gma-miR169ad
gma-miR169c	miR170_R95_L21	95	gma-miR169c.v1	miR1181_R3_L20	3	yes	gma-miR169	gma-miR169c
gma-miR169d	miR1307_R2_L23	2	gma-miR169d.v1	miR163_R99_L22	99	yes	gma-miR169	gma-miR169d
gma-miR169d	miR1307_R2_L23	2	gma-miR169d.v2	miR174_R90_L20	90	yes	gma-miR169	gma-miR169d
gma-miR169d	miR1307_R2_L23	2	gma-miR169d.v3	miR1308_R2_L21	2	yes	gma-miR169	gma-miR169d
gma-miR169e	miR174_R90_L20	90	gma-miR169e.v1	miR163_R99_L22	99	yes	gma-miR169	gma-miR169e
gma-miR169e	miR174_R90_L20	90	gma-miR169e.v2	miR1308_R2_L21	2	yes	gma-miR169	gma-miR169e
gma-miR169f	miR85_R222_L21	222	gma-miR169f.v1	miR119_R149_L21	149	yes	gma-miR169	gma-miR169f
gma-miR169f	miR85_R222_L21	222	gma-miR169f.v2	miR174_R90_L20	90	yes	gma-miR169	gma-miR169f
gma-miR169f	miR85_R222_L21	222	gma-miR169f.v3	miR360_R27_L20	27	yes	gma-miR169	gma-miR169f
gma-miR169g	miR85_R222_L21	222	gma-miR169g.v1	miR174_R90_L20	90	yes	gma-miR169	gma-miR169g
gma-miR169g	miR85_R222_L21	222	gma-miR169g.v2	miR360_R27_L20	27	yes	gma-miR169	gma-miR169g
gma-miR169i-5p		0	gma-miR169i-5p.v1	miR383_R25_L23	25	no	gma-miR169	gma-miR169i
gma-miR169m	miR85_R222_L21	222	gma-miR169m.v1	miR174_R90_L20	90	yes	gma-miR169	gma-miR169m
gma-miR169m	miR85_R222_L21	222	gma-miR169m.v2	miR360_R27_L20	27	yes	gma-miR169	gma-miR169m
gma-miR169n-5p	miR137_R124_L21	124	gma-miR169n-5p.v1	miR132_R129_L21	129	yes	gma-miR169	gma-miR169n
gma-miR169n-5p	miR137_R124_L21	124	gma-miR169n-5p.v2	miR655_R9_L22	9	yes	gma-miR169	gma-miR169n
gma-miR169o	miR66_R283_L22	283	gma-miR169o.v1	miR1104_R3_L21	3	yes	gma-miR169	gma-miR169o
gma-miR169p	miR1308_R2_L21	2	gma-miR169p.v1	miR448_R18_L23	18	yes	gma-miR169	gma-miR169p
gma-miR169p	miR1308_R2_L21	2	gma-miR169p.v2	miR1181_R3_L20	3	yes	gma-miR169	gma-miR169p
gma-miR169r	miR66_R283_L22	283	gma-miR169r.v1	miR1104_R3_L21	3	yes	gma-miR169	gma-miR169r
gma-miR169s-5p		0	gma-miR169s-5p.v1	miR174_R90_L20	90	no	gma-miR169	gma-miR169s
gma-miR169s-5p		0	gma-miR169s-5p.v2	miR178_R88_L21	88	no	gma-miR169	gma-miR169s
gma-miR169u	miR221_R62_L21	62	gma-miR169u.v1	miR360_R27_L20	27	yes	gma-miR169	gma-miR169u
gma-miR169w	miR119_R149_L21	149	gma-miR169w.v1	miR174_R90_L20	90	yes	gma-miR169	gma-miR169w
gma-miR169w	miR119_R149_L21	149	gma-miR169w.v2	miR178_R88_L21	88	yes	gma-miR169	gma-miR169w
gma-miR169y	miR163_R99_L22	99	gma-miR169y.v1	miR174_R90_L20	90	yes	gma-miR169	gma-miR169y
gma-miR169y	miR163_R99_L22	99	gma-miR169y.v2	miR1308_R2_L21	2	yes	gma-miR169	gma-miR169y
gma-miR169z	miR174_R90_L20	90	gma-miR169z.v1	miR163_R99_L22	99	yes	gma-miR169	gma-miR169z
gma-miR169z	miR174_R90_L20	90	gma-miR169z.v2	miR1308_R2_L21	2	yes	gma-miR169	gma-miR169z
gma-miR171a		0	gma-miR171a.v1	miR271_R44_L22	44	no	gma-miR171	gma-miR171a
gma-miR171a		0	gma-miR171a.v2	miR523_R13_L21	13	no	gma-miR171	gma-miR171a
gma-miR171a		0	gma-miR171a.v3	miR524_R13_L20	13	no	gma-miR171	gma-miR171a
gma-miR171b-5p		0	gma-miR171b-5p.v1	miR128_R135_L22	135	no	gma-miR171	gma-miR171b
gma-miR171b-5p		0	gma-miR171b-5p.v2	miR529_R13_L23	13	no	gma-miR171	gma-miR171b
gma-miR171c-3p	miR142_R121_L21	121	gma-miR171c-3p.v1	miR40_R422_L21	422	yes	gma-miR171	gma-miR171c
gma-miR171f	miR40_R422_L21	422	gma-miR171f.v1	miR142_R121_L21	121	yes	gma-miR171	gma-miR171f
gma-miR171i-3p		0	gma-miR171i-3p.v1	miR271_R44_L22	44	no	gma-miR171	gma-miR171i
gma-miR171i-3p		0	gma-miR171i-3p.v2	miR523_R13_L21	13	no	gma-miR171	gma-miR171i
gma-miR171i-3p		0	gma-miR171i-3p.v3	miR524_R13_L20	13	no	gma-miR171	gma-miR171i
gma-miR171k-3p	miR63_R300_L21	300	gma-miR171k-3p.v1	miR1084_R3_L22	3	yes	gma-miR171	gma-miR171k
gma-miR171l-3p	miR63_R300_L21	300	gma-miR171l-3p.v1	miR1084_R3_L22	3	yes	gma-miR171	gma-miR171l
gma-miR171o-3p	miR142_R121_L21	121	gma-miR171o-3p.v1	miR40_R422_L21	422	yes	gma-miR171	gma-miR171o
gma-miR171q	miR142_R121_L21	121	gma-miR171q.v1	miR40_R422_L21	422	yes	gma-miR171	gma-miR171q
gma-miR171r	miR209_R69_L21	69	gma-miR171r.v1	miR1006_R4_L20	4	yes	gma-miR171	gma-miR171r
gma-miR171s	miR209_R69_L21	69	gma-miR171s.v1	miR1006_R4_L20	4	yes	gma-miR171	gma-miR171s
gma-miR171v	miR128_R135_L22	135	gma-miR171v.v1	miR529_R13_L23	13	yes	gma-miR171	gma-miR171v
gma-miR172a-5p	miR283_R41_L21	41	gma-miR172a-5p.v1	miR527_R13_L20	13	yes	gma-miR172	gma-miR172a
gma-miR172b-5p	miR527_R13_L20	13	gma-miR172b-5p.v1	miR283_R41_L21	41	yes	gma-miR172	gma-miR172b
gma-miR172d		0	gma-miR172d.v1	miR115_R154_L21	154	no	gma-miR172	gma-miR172d
gma-miR172e		0	gma-miR172e.v1	miR115_R154_L21	154	no	gma-miR172	gma-miR172e
gma-miR172f-5p	miR283_R41_L21	41	gma-miR172f-5p.v1	miR527_R13_L20	13	yes	gma-miR172	gma-miR172f
gma-miR172f		0	gma-miR172f.v1	miR56_R325_L21	325	no	gma-miR172	gma-miR172f
gma-miR172g		0	gma-miR172g.v1	miR817_R6_L21	6	no	gma-miR172	gma-miR172g
gma-miR172i-3p	miR737_R7_L21	7	gma-miR172i-3p.v1	miR1003_R4_L21	4	yes	gma-miR172	gma-miR172i
gma-miR172l	miR737_R7_L21	7	gma-miR172l.v1	miR1003_R4_L21	4	yes	gma-miR172	gma-miR172l
gma-miR2109-3p	miR49_R362_L21	362	gma-miR2109-3p.v1	miR272_R44_L22	44	yes	gma-miR2109	gma-miR2109
gma-miR2109-5p		0	gma-miR2109-5p.v1	miR43_R396_L21	396	no	gma-miR2109	gma-miR2109
gma-miR2109-5p		0	gma-miR2109-5p.v2	miR607_R11_L22	11	no	gma-miR2109	gma-miR2109
gma-miR2111a-5p	miR68_R282_L20	282	gma-miR2111a-5p.v1	miR354_R28_L21	28	yes	gma-miR2111	gma-miR2111a
gma-miR2111a	miR414_R22_L21	22	gma-miR2111a.v1	miR575_R12_L22	12	yes	gma-miR2111	gma-miR2111a
gma-miR2111b-3p	miR336_R31_L21	31	gma-miR2111b-3p.v1	miR372_R27_L22	27	yes	gma-miR2111	gma-miR2111b
gma-miR2111b	miR354_R28_L21	28	gma-miR2111b.v1	miR68_R282_L20	282	yes	gma-miR2111	gma-miR2111b
gma-miR2111c	miR354_R28_L21	28	gma-miR2111c.v1	miR68_R282_L20	282	yes	gma-miR2111	gma-miR2111c
gma-miR2111e-3p	miR336_R31_L21	31	gma-miR2111e-3p.v1	miR372_R27_L22	27	yes	gma-miR2111	gma-miR2111e
gma-miR2111e	miR354_R28_L21	28	gma-miR2111e.v1	miR68_R282_L20	282	yes	gma-miR2111	gma-miR2111e
gma-miR2111f-3p	miR495_R15_L21	15	gma-miR2111f-3p.v1	miR780_R7_L22	7	yes	gma-miR2111	gma-miR2111f
gma-miR2111f	miR354_R28_L21	28	gma-miR2111f.v1	miR68_R282_L20	282	yes	gma-miR2111	gma-miR2111f
gma-miR2111g	miR125_R140_L21	140	gma-miR2111g.v1	miR252_R51_L20	51	yes	gma-miR2111	gma-miR2111g
gma-miR2118a-3p	miR381_R25_L21	25	gma-miR2118a-3p.v1	miR2_R756_L22	756	yes	gma-miR2118	gma-miR2118a
gma-miR2118b-3p	miR381_R25_L21	25	gma-miR2118b-3p.v1	miR2_R756_L22	756	yes	gma-miR2118	gma-miR2118b
gma-miR2118b-5p	miR18_R676_L22	676	gma-miR2118b-5p.v1	miR861_R6_L20	6	yes	gma-miR2118	gma-miR2118b
gma-miR2118b-5p	miR18_R676_L22	676	gma-miR2118b-5p.v2	miR1062_R4_L23	4	yes	gma-miR2118	gma-miR2118b
gma-miR2118b-5p	miR18_R676_L22	676	gma-miR2118b-5p.v3	miR1560_R2_L21	2	yes	gma-miR2118	gma-miR2118b
gma-miR319a	miR27_R544_L20	544	gma-miR319a.v1	miR127_R137_L21	137	yes	gma-miR319	gma-miR319a
gma-miR319a	miR27_R544_L20	544	gma-miR319a.v2	miR210_R68_L22	68	yes	gma-miR319	gma-miR319a
gma-miR319a	miR27_R544_L20	544	gma-miR319a.v3	miR820_R6_L21	6	yes	gma-miR319	gma-miR319a
gma-miR319b	miR27_R544_L20	544	gma-miR319b.v1	miR127_R137_L21	137	yes	gma-miR319	gma-miR319b
gma-miR319b	miR27_R544_L20	544	gma-miR319b.v2	miR210_R68_L22	68	yes	gma-miR319	gma-miR319b
gma-miR319b	miR27_R544_L20	544	gma-miR319b.v3	miR820_R6_L21	6	yes	gma-miR319	gma-miR319b
gma-miR319c	miR189_R77_L20	77	gma-miR319c.v1	miR16_R686_L21	686	yes	gma-miR319	gma-miR319c
gma-miR319c	miR189_R77_L20	77	gma-miR319c.v2	miR798_R6_L21	6	yes	gma-miR319	gma-miR319c
gma-miR319c	miR189_R77_L20	77	gma-miR319c.v3	miR1263_R2_L22	2	yes	gma-miR319	gma-miR319c
gma-miR319c	miR189_R77_L20	77	gma-miR319c.v4	miR1391_R2_L20	2	yes	gma-miR319	gma-miR319c
gma-miR319e	miR27_R544_L20	544	gma-miR319e.v1	miR127_R137_L21	137	yes	gma-miR319	gma-miR319e
gma-miR319e	miR27_R544_L20	544	gma-miR319e.v2	miR580_R11_L22	11	yes	gma-miR319	gma-miR319e
gma-miR319e	miR27_R544_L20	544	gma-miR319e.v3	miR726_R7_L21	7	yes	gma-miR319	gma-miR319e
gma-miR319e	miR27_R544_L20	544	gma-miR319e.v4	miR820_R6_L21	6	yes	gma-miR319	gma-miR319e
gma-miR319e	miR27_R544_L20	544	gma-miR319e.v5	miR1390_R2_L22	2	yes	gma-miR319	gma-miR319e
gma-miR319e	miR27_R544_L20	544	gma-miR319e.v6	miR1391_R2_L20	2	yes	gma-miR319	gma-miR319e
gma-miR319f	miR94_R198_L20	198	gma-miR319f.v1	miR145_R119_L21	119	yes	gma-miR319	gma-miR319f
gma-miR319f	miR94_R198_L20	198	gma-miR319f.v2	miR487_R15_L22	15	yes	gma-miR319	gma-miR319f
gma-miR319f	miR94_R198_L20	198	gma-miR319f.v3	miR621_R10_L21	10	yes	gma-miR319	gma-miR319f
gma-miR319h	miR127_R137_L21	137	gma-miR319h.v1	miR27_R544_L20	544	yes	gma-miR319	gma-miR319h
gma-miR319h	miR127_R137_L21	137	gma-miR319h.v2	miR580_R11_L22	11	yes	gma-miR319	gma-miR319h
gma-miR319h	miR127_R137_L21	137	gma-miR319h.v3	miR726_R7_L21	7	yes	gma-miR319	gma-miR319h
gma-miR319h	miR127_R137_L21	137	gma-miR319h.v4	miR820_R6_L21	6	yes	gma-miR319	gma-miR319h
gma-miR319h	miR127_R137_L21	137	gma-miR319h.v5	miR1390_R2_L22	2	yes	gma-miR319	gma-miR319h
gma-miR319i		0	gma-miR319i.v1	miR23_R599_L22	599	no	gma-miR319	gma-miR319i
gma-miR319j	miR127_R137_L21	137	gma-miR319j.v1	miR27_R544_L20	544	yes	gma-miR319	gma-miR319j
gma-miR319j	miR127_R137_L21	137	gma-miR319j.v2	miR210_R68_L22	68	yes	gma-miR319	gma-miR319j
gma-miR319j	miR127_R137_L21	137	gma-miR319j.v3	miR820_R6_L21	6	yes	gma-miR319	gma-miR319j
gma-miR319j	miR127_R137_L21	137	gma-miR319j.v4	miR1390_R2_L22	2	yes	gma-miR319	gma-miR319j
gma-miR319j	miR127_R137_L21	137	gma-miR319j.v5	miR1391_R2_L20	2	yes	gma-miR319	gma-miR319j
gma-miR319k	miR127_R137_L21	137	gma-miR319k.v1	miR27_R544_L20	544	yes	gma-miR319	gma-miR319k
gma-miR319k	miR127_R137_L21	137	gma-miR319k.v2	miR210_R68_L22	68	yes	gma-miR319	gma-miR319k
gma-miR319k	miR127_R137_L21	137	gma-miR319k.v3	miR820_R6_L21	6	yes	gma-miR319	gma-miR319k
gma-miR319k	miR127_R137_L21	137	gma-miR319k.v4	miR1390_R2_L22	2	yes	gma-miR319	gma-miR319k
gma-miR319l	miR1263_R2_L22	2	gma-miR319l.v1	miR16_R686_L21	686	yes	gma-miR319	gma-miR319l
gma-miR319l	miR1263_R2_L22	2	gma-miR319l.v2	miR73_R274_L21	274	yes	gma-miR319	gma-miR319l
gma-miR319l	miR1263_R2_L22	2	gma-miR319l.v3	miR114_R155_L21	155	yes	gma-miR319	gma-miR319l
gma-miR319m	miR127_R137_L21	137	gma-miR319m.v1	miR27_R544_L20	544	yes	gma-miR319	gma-miR319m
gma-miR319m	miR127_R137_L21	137	gma-miR319m.v2	miR210_R68_L22	68	yes	gma-miR319	gma-miR319m
gma-miR319m	miR127_R137_L21	137	gma-miR319m.v3	miR820_R6_L21	6	yes	gma-miR319	gma-miR319m
gma-miR319m	miR127_R137_L21	137	gma-miR319m.v4	miR1390_R2_L22	2	yes	gma-miR319	gma-miR319m
gma-miR319n	miR52_R336_L21	336	gma-miR319n.v1	miR1245_R2_L21	2	yes	gma-miR319	gma-miR319n
gma-miR319p	miR114_R155_L21	155	gma-miR319p.v1	miR73_R274_L21	274	yes	gma-miR319	gma-miR319p
gma-miR319p	miR114_R155_L21	155	gma-miR319p.v2	miR189_R77_L20	77	yes	gma-miR319	gma-miR319p
gma-miR319p	miR114_R155_L21	155	gma-miR319p.v3	miR679_R8_L21	8	yes	gma-miR319	gma-miR319p
gma-miR319q	miR16_R686_L21	686	gma-miR319q.v1	miR189_R77_L20	77	yes	gma-miR319	gma-miR319q
gma-miR319q	miR16_R686_L21	686	gma-miR319q.v2	miR798_R6_L21	6	yes	gma-miR319	gma-miR319q
gma-miR319q	miR16_R686_L21	686	gma-miR319q.v3	miR1263_R2_L22	2	yes	gma-miR319	gma-miR319q
gma-miR319q	miR16_R686_L21	686	gma-miR319q.v4	miR1391_R2_L20	2	yes	gma-miR319	gma-miR319q
gma-miR319r	miR94_R198_L20	198	gma-miR319r.v1	miR145_R119_L21	119	yes	gma-miR319	gma-miR319r
gma-miR319r	miR94_R198_L20	198	gma-miR319r.v2	miR487_R15_L22	15	yes	gma-miR319	gma-miR319r
gma-miR319r	miR94_R198_L20	198	gma-miR319r.v3	miR621_R10_L21	10	yes	gma-miR319	gma-miR319r
gma-miR3522		0	gma-miR3522.v1	miR11_R707_L21	707	no	gma-miR3522	gma-miR3522
gma-miR3522		0	gma-miR3522.v2	miR1310_R2_L22	2	no	gma-miR3522	gma-miR3522
gma-miR3522		0	gma-miR3522.v3	miR1311_R2_L20	2	no	gma-miR3522	gma-miR3522
gma-miR390a-3p		0	gma-miR390a-3p.v1	miR251_R51_L21	51	no	gma-miR390	gma-miR390a
gma-miR390a-5p	miR6_R742_L21	742	gma-miR390a-5p.v1	miR1034_R4_L20	4	yes	gma-miR390	gma-miR390a
gma-miR390c-5p	miR6_R742_L21	742	gma-miR390c-5p.v1	miR1034_R4_L20	4	yes	gma-miR390	gma-miR390c
gma-miR390c		0	gma-miR390c.v1	miR251_R51_L21	51	no	gma-miR390	gma-miR390c
gma-miR390e		0	gma-miR390e.v1	miR6_R742_L21	742	no	gma-miR390	gma-miR390e
gma-miR390e		0	gma-miR390e.v2	miR1034_R4_L20	4	no	gma-miR390	gma-miR390e
gma-miR390f-3p	miR220_R62_L21	62	gma-miR390f-3p.v1	miR1014_R4_L21	4	yes	gma-miR390	gma-miR390f
gma-miR390f	miR6_R742_L21	742	gma-miR390f.v1	miR1034_R4_L20	4	yes	gma-miR390	gma-miR390f
gma-miR390g-3p	miR220_R62_L21	62	gma-miR390g-3p.v1	miR1014_R4_L21	4	yes	gma-miR390	gma-miR390g
gma-miR390g	miR6_R742_L21	742	gma-miR390g.v1	miR1034_R4_L20	4	yes	gma-miR390	gma-miR390g
gma-miR391-5p	miR996_R4_L22	4	gma-miR391-5p.v1	miR76_R271_L21	271	yes	gma-miR391	gma-miR391
gma-miR391-5p	miR996_R4_L22	4	gma-miR391-5p.v2	miR297_R39_L21	39	yes	gma-miR391	gma-miR391
gma-miR393a-3p	miR191_R76_L21	76	gma-miR393a-3p.v1	miR555_R12_L21	12	yes	gma-miR393	gma-miR393a
gma-miR393a	miR122_R145_L21	145	gma-miR393a.v1	miR95_R196_L22	196	yes	gma-miR393	gma-miR393a
gma-miR393c-3p	miR191_R76_L21	76	gma-miR393c-3p.v1	miR555_R12_L21	12	yes	gma-miR393	gma-miR393c
gma-miR393c-5p	miR95_R196_L22	196	gma-miR393c-5p.v1	miR122_R145_L21	145	yes	gma-miR393	gma-miR393c
gma-miR393d-3p	miR191_R76_L21	76	gma-miR393d-3p.v1	miR555_R12_L21	12	yes	gma-miR393	gma-miR393d
gma-miR393d	miR95_R196_L22	196	gma-miR393d.v1	miR122_R145_L21	145	yes	gma-miR393	gma-miR393d
gma-miR393e-3p	miR191_R76_L21	76	gma-miR393e-3p.v1	miR555_R12_L21	12	yes	gma-miR393	gma-miR393e
gma-miR393e	miR95_R196_L22	196	gma-miR393e.v1	miR122_R145_L21	145	yes	gma-miR393	gma-miR393e
gma-miR393f-3p	miR191_R76_L21	76	gma-miR393f-3p.v1	miR555_R12_L21	12	yes	gma-miR393	gma-miR393f
gma-miR393f	miR95_R196_L22	196	gma-miR393f.v1	miR122_R145_L21	145	yes	gma-miR393	gma-miR393f
gma-miR393h-3p	miR244_R53_L21	53	gma-miR393h-3p.v1	miR1460_R2_L21	2	yes	gma-miR393	gma-miR393h
gma-miR393h	miR86_R220_L22	220	gma-miR393h.v1	miR84_R223_L22	223	yes	gma-miR393	gma-miR393h
gma-miR393h	miR86_R220_L22	220	gma-miR393h.v2	miR122_R145_L21	145	yes	gma-miR393	gma-miR393h
gma-miR393h	miR86_R220_L22	220	gma-miR393h.v3	miR794_R6_L21	6	yes	gma-miR393	gma-miR393h
gma-miR393h	miR86_R220_L22	220	gma-miR393h.v4	miR1333_R2_L20	2	yes	gma-miR393	gma-miR393h
gma-miR393i	miR86_R220_L22	220	gma-miR393i.v1	miR84_R223_L22	223	yes	gma-miR393	gma-miR393i
gma-miR393i	miR86_R220_L22	220	gma-miR393i.v2	miR122_R145_L21	145	yes	gma-miR393	gma-miR393i
gma-miR393i	miR86_R220_L22	220	gma-miR393i.v3	miR794_R6_L21	6	yes	gma-miR393	gma-miR393i
gma-miR393i	miR86_R220_L22	220	gma-miR393i.v4	miR1333_R2_L20	2	yes	gma-miR393	gma-miR393i
gma-miR393j-3p	miR244_R53_L21	53	gma-miR393j-3p.v1	miR1460_R2_L21	2	yes	gma-miR393	gma-miR393j
gma-miR393j	miR86_R220_L22	220	gma-miR393j.v1	miR84_R223_L22	223	yes	gma-miR393	gma-miR393j
gma-miR393j	miR86_R220_L22	220	gma-miR393j.v2	miR122_R145_L21	145	yes	gma-miR393	gma-miR393j
gma-miR393j	miR86_R220_L22	220	gma-miR393j.v3	miR794_R6_L21	6	yes	gma-miR393	gma-miR393j
gma-miR393j	miR86_R220_L22	220	gma-miR393j.v4	miR1333_R2_L20	2	yes	gma-miR393	gma-miR393j
gma-miR393k	miR86_R220_L22	220	gma-miR393k.v1	miR84_R223_L22	223	yes	gma-miR393	gma-miR393k
gma-miR393k	miR86_R220_L22	220	gma-miR393k.v2	miR122_R145_L21	145	yes	gma-miR393	gma-miR393k
gma-miR393k	miR86_R220_L22	220	gma-miR393k.v3	miR794_R6_L21	6	yes	gma-miR393	gma-miR393k
gma-miR393k	miR86_R220_L22	220	gma-miR393k.v4	miR1333_R2_L20	2	yes	gma-miR393	gma-miR393k
gma-miR394a-3p		0	gma-miR394a-3p.v1	miR348_R29_L21	29	no	gma-miR394	gma-miR394a
gma-miR394b-3p	miR432_R20_L20	20	gma-miR394b-3p.v1	miR480_R16_L21	16	yes	gma-miR394	gma-miR394b
gma-miR394d	miR22_R605_L20	605	gma-miR394d.v1	miR959_R4_L21	4	yes	gma-miR394	gma-miR394d
gma-miR394m	miR432_R20_L20	20	gma-miR394m.v1	miR480_R16_L21	16	yes	gma-miR394	gma-miR394m
gma-miR395a	miR183_R85_L21	85	gma-miR395a.v1	miR79_R247_L21	247	yes	gma-miR395	gma-miR395a
gma-miR395a	miR183_R85_L21	85	gma-miR395a.v2	miR332_R31_L20	31	yes	gma-miR395	gma-miR395a
gma-miR395b	miR183_R85_L21	85	gma-miR395b.v1	miR79_R247_L21	247	yes	gma-miR395	gma-miR395b
gma-miR395b	miR183_R85_L21	85	gma-miR395b.v2	miR332_R31_L20	31	yes	gma-miR395	gma-miR395b
gma-miR395c	miR183_R85_L21	85	gma-miR395c.v1	miR79_R247_L21	247	yes	gma-miR395	gma-miR395c
gma-miR395c	miR183_R85_L21	85	gma-miR395c.v2	miR332_R31_L20	31	yes	gma-miR395	gma-miR395c
gma-miR395i		0	gma-miR395i.v1	miR65_R287_L21	287	no	gma-miR395	gma-miR395i
gma-miR395i		0	gma-miR395i.v2	miR332_R31_L20	31	no	gma-miR395	gma-miR395i
gma-miR395j		0	gma-miR395j.v1	miR65_R287_L21	287	no	gma-miR395	gma-miR395j
gma-miR395j		0	gma-miR395j.v2	miR332_R31_L20	31	no	gma-miR395	gma-miR395j
gma-miR395k		0	gma-miR395k.v1	miR79_R247_L21	247	no	gma-miR395	gma-miR395k
gma-miR395k		0	gma-miR395k.v2	miR332_R31_L20	31	no	gma-miR395	gma-miR395k
gma-miR395l		0	gma-miR395l.v1	miR65_R287_L21	287	no	gma-miR395	gma-miR395l
gma-miR395l		0	gma-miR395l.v2	miR332_R31_L20	31	no	gma-miR395	gma-miR395l
gma-miR395m		0	gma-miR395m.v1	miR65_R287_L21	287	no	gma-miR395	gma-miR395m
gma-miR395m		0	gma-miR395m.v2	miR332_R31_L20	31	no	gma-miR395	gma-miR395m
gma-miR395o	miR79_R247_L21	247	gma-miR395o.v1	miR332_R31_L20	31	yes	gma-miR395	gma-miR395o
gma-miR395q	miR287_R40_L21	40	gma-miR395q.v1	miR332_R31_L20	31	yes	gma-miR395	gma-miR395q
gma-miR395r	miR65_R287_L21	287	gma-miR395r.v1	miR287_R40_L21	40	yes	gma-miR395	gma-miR395r
gma-miR395r	miR65_R287_L21	287	gma-miR395r.v2	miR332_R31_L20	31	yes	gma-miR395	gma-miR395r
gma-miR395u	miR190_R76_L21	76	gma-miR395u.v1	miR306_R36_L21	36	yes	gma-miR395	gma-miR395u
gma-miR395v	miR65_R287_L21	287	gma-miR395v.v1	miR287_R40_L21	40	yes	gma-miR395	gma-miR395v
gma-miR395v	miR65_R287_L21	287	gma-miR395v.v2	miR332_R31_L20	31	yes	gma-miR395	gma-miR395v
gma-miR395w	miR287_R40_L21	40	gma-miR395w.v1	miR332_R31_L20	31	yes	gma-miR395	gma-miR395w
gma-miR395x	miR65_R287_L21	287	gma-miR395x.v1	miR332_R31_L20	31	yes	gma-miR395	gma-miR395x
gma-miR396a-3p		0	gma-miR396a-3p.v1	miR124_R144_L21	144	no	gma-miR396	gma-miR396a
gma-miR396a-5p	miR28_R539_L21	539	gma-miR396a-5p.v1	miR89_R212_L20	212	yes	gma-miR396	gma-miR396a
gma-miR396b-5p	miR20_R668_L21	668	gma-miR396b-5p.v1	miR89_R212_L20	212	yes	gma-miR396	gma-miR396b
gma-miR396c	miR20_R668_L21	668	gma-miR396c.v1	miR89_R212_L20	212	yes	gma-miR396	gma-miR396c
gma-miR396e		0	gma-miR396e.v1	miR28_R539_L21	539	no	gma-miR396	gma-miR396e
gma-miR396e		0	gma-miR396e.v2	miR89_R212_L20	212	no	gma-miR396	gma-miR396e
gma-miR396f-5p	miR20_R668_L21	668	gma-miR396f-5p.v1	miR89_R212_L20	212	yes	gma-miR396	gma-miR396f
gma-miR396h		0	gma-miR396h.v1	miR28_R539_L21	539	no	gma-miR396	gma-miR396h
gma-miR396h		0	gma-miR396h.v2	miR89_R212_L20	212	no	gma-miR396	gma-miR396h
gma-miR396i-5p	miR28_R539_L21	539	gma-miR396i-5p.v1	miR89_R212_L20	212	yes	gma-miR396	gma-miR396i
gma-miR396j	miR67_R283_L21	283	gma-miR396j.v1	miR868_R6_L21	6	yes	gma-miR396	gma-miR396j
gma-miR396k-5p	miR20_R668_L21	668	gma-miR396k-5p.v1	miR89_R212_L20	212	yes	gma-miR396	gma-miR396k
gma-miR396l	miR67_R283_L21	283	gma-miR396l.v1	miR868_R6_L21	6	yes	gma-miR396	gma-miR396l
gma-miR396m	miR67_R283_L21	283	gma-miR396m.v1	miR868_R6_L21	6	yes	gma-miR396	gma-miR396m
gma-miR397a	miR134_R126_L21	126	gma-miR397a.v1	miR106_R169_L21	169	yes	gma-miR397	gma-miR397a
gma-miR397a	miR134_R126_L21	126	gma-miR397a.v2	miR751_R7_L20	7	yes	gma-miR397	gma-miR397a
gma-miR397b-3p	miR641_R9_L21	9	gma-miR397b-3p.v1	miR789_R6_L21	6	yes	gma-miR397	gma-miR397b
gma-miR397b-5p	miR134_R126_L21	126	gma-miR397b-5p.v1	miR106_R169_L21	169	yes	gma-miR397	gma-miR397b
gma-miR397b-5p	miR134_R126_L21	126	gma-miR397b-5p.v2	miR751_R7_L20	7	yes	gma-miR397	gma-miR397b
gma-miR398a	miR382_R25_L21	25	gma-miR398a.v1	miR35_R452_L21	452	yes	gma-miR398	gma-miR398a
gma-miR398b-3p	miR382_R25_L21	25	gma-miR398b-3p.v1	miR35_R452_L21	452	yes	gma-miR398	gma-miR398b
gma-miR398b-5p	miR92_R206_L22	206	gma-miR398b-5p.v1	miR619_R10_L22	10	yes	gma-miR398	gma-miR398b
gma-miR398e-5p	miR227_R60_L22	60	gma-miR398e-5p.v1	miR706_R8_L21	8	yes	gma-miR398	gma-miR398e
gma-miR398e	miR541_R13_L22	13	gma-miR398e.v1	miR433_R20_L21	20	yes	gma-miR398	gma-miR398e
gma-miR399a-5p	miR263_R48_L21	48	gma-miR399a-5p.v1	miR1071_R4_L22	4	yes	gma-miR399	gma-miR399a
gma-miR399c-5p	miR263_R48_L21	48	gma-miR399c-5p.v1	miR1071_R4_L22	4	yes	gma-miR399	gma-miR399c
gma-miR399l-5p	miR671_R9_L22	9	gma-miR399l-5p.v1	miR1195_R3_L21	3	yes	gma-miR399	gma-miR399l
gma-miR399n-5p	miR671_R9_L22	9	gma-miR399n-5p.v1	miR1195_R3_L21	3	yes	gma-miR399	gma-miR399n
gma-miR403a	miR57_R322_L21	322	gma-miR403a.v1	miR638_R9_L20	9	yes	gma-miR403	gma-miR403a
gma-miR403b	miR57_R322_L21	322	gma-miR403b.v1	miR638_R9_L20	9	yes	gma-miR403	gma-miR403b
gma-miR408a-3p	miR5_R745_L21	745	gma-miR408a-3p.v1	miR484_R15_L21	15	yes	gma-miR408	gma-miR408a
gma-miR408b-3p	miR5_R745_L21	745	gma-miR408b-3p.v1	miR484_R15_L21	15	yes	gma-miR408	gma-miR408b
gma-miR408b-5p		0	gma-miR408b-5p.v1	miR467_R17_L21	17	no	gma-miR408	gma-miR408b
gma-miR408c-3p	miR5_R745_L21	745	gma-miR408c-3p.v1	miR484_R15_L21	15	yes	gma-miR408	gma-miR408c
gma-miR408d		0	gma-miR408d.v1	miR5_R745_L21	745	no	gma-miR408	gma-miR408d
gma-miR4345	miR569_R12_L22	12	gma-miR4345.v1	miR511_R14_L21	14	yes	gma-miR4345	gma-miR4345
gma-miR4345	miR569_R12_L22	12	gma-miR4345.v2	miR844_R6_L22	6	yes	gma-miR4345	gma-miR4345
gma-miR4345	miR569_R12_L22	12	gma-miR4345.v3	miR1491_R2_L24	2	yes	gma-miR4345	gma-miR4345
gma-miR4348i	miR1247_R2_L22	2	gma-miR4348i.v1	miR1248_R2_L21	2	yes	gma-miR4348	gma-miR4348i
gma-miR4351		0	gma-miR4351.v1	miR610_R10_L21	10	no	gma-miR4351	gma-miR4351
gma-miR4352a		0	gma-miR4352a.v1	miR1109_R3_L21	3	no	gma-miR4352	gma-miR4352a
gma-miR4366		0	gma-miR4366.v1	miR731_R7_L22	7	no	gma-miR4366	gma-miR4366
gma-miR4397-3p	miR91_R209_L22	209	gma-miR4397-3p.v1	miR1110_R3_L20	3	yes	gma-miR4397	gma-miR4397
gma-miR4412-3p		0	gma-miR4412-3p.v1	miR160_R100_L21	100	no	gma-miR4412	gma-miR4412
gma-miR4412-5p	miR24_R598_L21	598	gma-miR4412-5p.v1	miR365_R27_L22	27	yes	gma-miR4412	gma-miR4412
gma-miR4412-5p	miR24_R598_L21	598	gma-miR4412-5p.v2	miR880_R5_L20	5	yes	gma-miR4412	gma-miR4412
gma-miR4413a		0	gma-miR4413a.v1	miR32_R482_L21	482	no	gma-miR4413	gma-miR4413a
gma-miR4413a		0	gma-miR4413a.v2	miR370_R27_L22	27	no	gma-miR4413	gma-miR4413a
gma-miR4413a		0	gma-miR4413a.v3	miR562_R12_L20	12	no	gma-miR4413	gma-miR4413a
gma-miR4413b	miR562_R12_L20	12	gma-miR4413b.v1	miR1130_R3_L21	3	yes	gma-miR4413	gma-miR4413b
gma-miR4413b	miR562_R12_L20	12	gma-miR4413b.v2	miR1583_R2_L20	2	yes	gma-miR4413	gma-miR4413b
gma-miR4413e	miR562_R12_L20	12	gma-miR4413e.v1	miR32_R482_L21	482	yes	gma-miR4413	gma-miR4413e
gma-miR4413e	miR562_R12_L20	12	gma-miR4413e.v2	miR370_R27_L22	27	yes	gma-miR4413	gma-miR4413e
gma-miR4414a-3p		0	gma-miR4414a-3p.v1	miR925_R5_L21	5	no	gma-miR4414	gma-miR4414a
gma-miR4414d	miR421_R21_L20	21	gma-miR4414d.v1	miR1469_R2_L21	2	yes	gma-miR4414	gma-miR4414d
gma-miR4415a-3p	miR71_R276_L21	276	gma-miR4415a-3p.v1	miR426_R20_L20	20	yes	gma-miR4415	gma-miR4415a
gma-miR4415a-3p	miR71_R276_L21	276	gma-miR4415a-3p.v2	miR481_R16_L22	16	yes	gma-miR4415	gma-miR4415a
gma-miR4415b-3p	miR71_R276_L21	276	gma-miR4415b-3p.v1	miR426_R20_L20	20	yes	gma-miR4415	gma-miR4415b
gma-miR4415b-3p	miR71_R276_L21	276	gma-miR4415b-3p.v2	miR481_R16_L22	16	yes	gma-miR4415	gma-miR4415b
gma-miR4416a		0	gma-miR4416a.v1	miR90_R211_L21	211	no	gma-miR4416	gma-miR4416a
gma-miR4416a		0	gma-miR4416a.v2	miR223_R61_L21	61	no	gma-miR4416	gma-miR4416a
gma-miR4416a		0	gma-miR4416a.v3	miR490_R15_L22	15	no	gma-miR4416	gma-miR4416a
gma-miR4416b	miR175_R89_L21	89	gma-miR4416b.v1	miR250_R51_L21	51	yes	gma-miR4416	gma-miR4416b
gma-miR4416b	miR175_R89_L21	89	gma-miR4416b.v2	miR438_R19_L22	19	yes	gma-miR4416	gma-miR4416b
gma-miR477c	miR741_R7_L22	7	gma-miR477c.v1	miR1276_R2_L22	2	yes	gma-miR477	gma-miR477c
gma-miR482a-3p		0	gma-miR482a-3p.v1	miR37_R447_L22	447	no	gma-miR482	gma-miR482a
gma-miR482a-3p		0	gma-miR482a-3p.v2	miR971_R4_L21	4	no	gma-miR482	gma-miR482a
gma-miR482a-5p	miR29_R528_L21	528	gma-miR482a-5p.v1	miR392_R25_L22	25	yes	gma-miR482	gma-miR482a
gma-miR482a-5p	miR29_R528_L21	528	gma-miR482a-5p.v2	miR539_R13_L20	13	yes	gma-miR482	gma-miR482a
gma-miR482a-5p	miR29_R528_L21	528	gma-miR482a-5p.v3	miR714_R8_L22	8	yes	gma-miR482	gma-miR482a
gma-miR482a-5p	miR29_R528_L21	528	gma-miR482a-5p.v4	miR1558_R2_L21	2	yes	gma-miR482	gma-miR482a
gma-miR482b-3p	miR15_R694_L22	694	gma-miR482b-3p.v1	miR804_R6_L21	6	yes	gma-miR482	gma-miR482b
gma-miR482c-3p	miR971_R4_L21	4	gma-miR482c-3p.v1	miR37_R447_L22	447	yes	gma-miR482	gma-miR482c
gma-miR482c-5p	miR96_R196_L21	196	gma-miR482c-5p.v1	miR539_R13_L20	13	yes	gma-miR482	gma-miR482c
gma-miR482c-5p	miR96_R196_L21	196	gma-miR482c-5p.v2	miR1558_R2_L21	2	yes	gma-miR482	gma-miR482c
gma-miR482d-3p	miR15_R694_L22	694	gma-miR482d-3p.v1	miR804_R6_L21	6	yes	gma-miR482	gma-miR482d
gma-miR482d-5p	miR525_R13_L22	13	gma-miR482d-5p.v1	miR408_R22_L21	22	yes	gma-miR482	gma-miR482d
gma-miR482d-5p	miR525_R13_L22	13	gma-miR482d-5p.v2	miR708_R8_L20	8	yes	gma-miR482	gma-miR482d
gma-miR482d-5p	miR525_R13_L22	13	gma-miR482d-5p.v3	miR1557_R2_L21	2	yes	gma-miR482	gma-miR482d
gma-miR482e	miR408_R22_L21	22	gma-miR482e.v1	miR525_R13_L22	13	yes	gma-miR482	gma-miR482e
gma-miR482e	miR408_R22_L21	22	gma-miR482e.v2	miR708_R8_L20	8	yes	gma-miR482	gma-miR482e
gma-miR4996	miR812_R6_L20	6	gma-miR4996.v1	miR14_R704_L21	704	yes	gma-miR4996	gma-miR4996
gma-miR4996	miR812_R6_L20	6	gma-miR4996.v2	miR369_R27_L22	27	yes	gma-miR4996	gma-miR4996
gma-miR4996	miR812_R6_L20	6	gma-miR4996.v3	miR508_R14_L21	14	yes	gma-miR4996	gma-miR4996
gma-miR4996	miR812_R6_L20	6	gma-miR4996.v4	miR1587_R2_L22	2	yes	gma-miR4996	gma-miR4996
gma-miR5030d	miR12_R706_L20	706	gma-miR5030d.v1	miR900_R5_L21	5	yes	gma-miR5030	gma-miR5030d
gma-miR5037a	miR1373_R2_L22	2	gma-miR5037a.v1	miR62_R307_L21	307	yes	gma-miR5037	gma-miR5037a
gma-miR5037c	miR456_R18_L20	18	gma-miR5037c.v1	miR464_R17_L21	17	yes	gma-miR5037	gma-miR5037c
gma-miR5037c	miR456_R18_L20	18	gma-miR5037c.v2	miR938_R5_L21	5	yes	gma-miR5037	gma-miR5037c
gma-miR5037f	miR1373_R2_L22	2	gma-miR5037f.v1	miR62_R307_L21	307	yes	gma-miR5037	gma-miR5037f
gma-miR5038a	miR143_R120_L21	120	gma-miR5038a.v1	miR299_R38_L20	38	yes	gma-miR5038	gma-miR5038a
gma-miR5038a	miR143_R120_L21	120	gma-miR5038a.v2	miR415_R22_L21	22	yes	gma-miR5038	gma-miR5038a
gma-miR5038a	miR143_R120_L21	120	gma-miR5038a.v3	miR920_R5_L21	5	yes	gma-miR5038	gma-miR5038a
gma-miR5038b	miR143_R120_L21	120	gma-miR5038b.v1	miR299_R38_L20	38	yes	gma-miR5038	gma-miR5038b
gma-miR5038b	miR143_R120_L21	120	gma-miR5038b.v2	miR415_R22_L21	22	yes	gma-miR5038	gma-miR5038b
gma-miR5038b	miR143_R120_L21	120	gma-miR5038b.v3	miR920_R5_L21	5	yes	gma-miR5038	gma-miR5038b
gma-miR5038c	miR143_R120_L21	120	gma-miR5038c.v1	miR299_R38_L20	38	yes	gma-miR5038	gma-miR5038c
gma-miR5038c	miR143_R120_L21	120	gma-miR5038c.v2	miR415_R22_L21	22	yes	gma-miR5038	gma-miR5038c
gma-miR5038c	miR143_R120_L21	120	gma-miR5038c.v3	miR920_R5_L21	5	yes	gma-miR5038	gma-miR5038c
gma-miR5041-5p		0	gma-miR5041-5p.v1	miR151_R107_L21	107	no	gma-miR5041	gma-miR5041
gma-miR5044	miR951_R5_L22	5	gma-miR5044.v1	miR1001_R4_L20	4	yes	gma-miR5044	gma-miR5044
gma-miR5044	miR951_R5_L22	5	gma-miR5044.v2	miR1203_R3_L21	3	yes	gma-miR5044	gma-miR5044
gma-miR5225-3p	miR816_R6_L21	6	gma-miR5225-3p.v1	miR890_R5_L20	5	yes	gma-miR5225	gma-miR5225
gma-miR530a		0	gma-miR530a.v1	miR107_R164_L21	164	no	gma-miR530	gma-miR530a
gma-miR5671a	miR77_R258_L21	258	gma-miR5671a.v1	miR748_R7_L22	7	yes	gma-miR5671	gma-miR5671a
gma-miR5671b-5p	miR77_R258_L21	258	gma-miR5671b-5p.v1	miR748_R7_L22	7	yes	gma-miR5671	gma-miR5671b
gma-miR5770a	miR50_R343_L21	343	gma-miR5770a.v1	miR130_R134_L21	134	yes	gma-miR5770	gma-miR5770a
gma-miR5770a	miR50_R343_L21	343	gma-miR5770a.v2	miR182_R86_L22	86	yes	gma-miR5770	gma-miR5770a
gma-miR5770a	miR50_R343_L21	343	gma-miR5770a.v3	miR946_R5_L22	5	yes	gma-miR5770	gma-miR5770a
gma-miR5770b	miR147_R118_L21	118	gma-miR5770b.v1	miR203_R71_L21	71	yes	gma-miR5770	gma-miR5770b
gma-miR5770b	miR147_R118_L21	118	gma-miR5770b.v2	miR866_R6_L22	6	yes	gma-miR5770	gma-miR5770b
gma-miR5770b	miR147_R118_L21	118	gma-miR5770b.v3	miR872_R5_L21	5	yes	gma-miR5770	gma-miR5770b
gma-miR5770b	miR147_R118_L21	118	gma-miR5770b.v4	miR1075_R3_L21	3	yes	gma-miR5770	gma-miR5770b
gma-miR5776	miR396_R24_L21	24	gma-miR5776.v1	miR1290_R2_L21	2	yes	gma-miR5776	gma-miR5776
gma-miR5786		0	gma-miR5786.v1	miR133_R128_L22	128	no	gma-miR5786	gma-miR5786
gma-miR862a-5p	miR345_R29_L21	29	gma-miR862a-5p.v1	miR384_R25_L22	25	yes	gma-miR862	gma-miR862a
gma-miR862a-5p	miR345_R29_L21	29	gma-miR862a-5p.v2	miR385_R25_L21	25	yes	gma-miR862	gma-miR862a
gma-miR862a		0	gma-miR862a.v1	miR224_R61_L21	61	no	gma-miR862	gma-miR862a
gma-miR862a		0	gma-miR862a.v2	miR1005_R4_L20	4	no	gma-miR862	gma-miR862a
gma-miR862b-5p	miR345_R29_L21	29	gma-miR862b-5p.v1	miR384_R25_L22	25	yes	gma-miR862	gma-miR862b
gma-miR862b-5p	miR345_R29_L21	29	gma-miR862b-5p.v2	miR385_R25_L21	25	yes	gma-miR862	gma-miR862b
gma-miR862b		0	gma-miR862b.v1	miR158_R102_L21	102	no	gma-miR862	gma-miR862b
gma-miR862b		0	gma-miR862b.v2	miR1005_R4_L20	4	no	gma-miR862	gma-miR862b
gma-miR862b		0	gma-miR862b.v3	miR1296_R2_L21	2	no	gma-miR862	gma-miR862b
gma-miR9724b	miR503_R14_L21	14	gma-miR9724b.v1	miR653_R9_L22	9	yes	gma-miR9724	gma-miR9724b
gma-miR9724c	miR503_R14_L21	14	gma-miR9724c.v1	miR653_R9_L22	9	yes	gma-miR9724	gma-miR9724c
gma-miR9725		0	gma-miR9725.v1	miR678_R8_L22	8	no	gma-miR9725	gma-miR9725
gma-miR9738		0	gma-miR9738.v1	miR1566_R2_L22	2	no	gma-miR9738	gma-miR9738
gma-miR9750-5p	miR837_R6_L22	6	gma-miR9750-5p.v1	miR1584_R2_L20	2	yes	gma-miR9750	gma-miR9750
gma-miR9755	miR582_R11_L21	11	gma-miR9755.v1	miR1510_R2_L20	2	yes	gma-miR9755	gma-miR9755
gma-miR9762		0	gma-miR9762.v1	miR342_R30_L22	30	no	gma-miR9762	gma-miR9762
gma-miR9762		0	gma-miR9762.v2	miR1036_R4_L22	4	no	gma-miR9762	gma-miR9762
gma-miR9765	miR733_R7_L22	7	gma-miR9765.v1	miR1486_R2_L21	2	yes	gma-miR9765	gma-miR9765
gma-miRN12254	miR598_R11_L22	11	gma-miRN12254.v1	miR1519_R2_L22	2	yes	gma-miRN12254	gma-miRN12254
gma-miRN13170c	miR123_R145_L22	145	gma-miRN13170c.v1	miR774_R7_L22	7	yes	gma-miRN13170	gma-miRN13170c
gma-miRN13170e	miR123_R145_L22	145	gma-miRN13170e.v1	miR774_R7_L22	7	yes	gma-miRN13170	gma-miRN13170e
gma-miRN13170e	miR123_R145_L22	145	gma-miRN13170e.v2	miR871_R5_L22	5	yes	gma-miRN13170	gma-miRN13170e
gma-miRN13170g	miR123_R145_L22	145	gma-miRN13170g.v1	miR774_R7_L22	7	yes	gma-miRN13170	gma-miRN13170g
gma-miRN13170g	miR123_R145_L22	145	gma-miRN13170g.v2	miR871_R5_L22	5	yes	gma-miRN13170	gma-miRN13170g
gma-miRN13170h	miR123_R145_L22	145	gma-miRN13170h.v1	miR871_R5_L22	5	yes	gma-miRN13170	gma-miRN13170h
gma-miRN13170i	miR123_R145_L22	145	gma-miRN13170i.v1	miR774_R7_L22	7	yes	gma-miRN13170	gma-miRN13170i
gma-miRN13170i	miR123_R145_L22	145	gma-miRN13170i.v2	miR871_R5_L22	5	yes	gma-miRN13170	gma-miRN13170i
gma-miRN13170k	miR123_R145_L22	145	gma-miRN13170k.v1	miR774_R7_L22	7	yes	gma-miRN13170	gma-miRN13170k
gma-miRN13170k	miR123_R145_L22	145	gma-miRN13170k.v2	miR871_R5_L22	5	yes	gma-miRN13170	gma-miRN13170k
gma-miRN13170l	miR123_R145_L22	145	gma-miRN13170l.v1	miR774_R7_L22	7	yes	gma-miRN13170	gma-miRN13170l
gma-miRN13170l	miR123_R145_L22	145	gma-miRN13170l.v2	miR871_R5_L22	5	yes	gma-miRN13170	gma-miRN13170l
gma-miRN14549	miR443_R19_L22	19	gma-miRN14549.v1	miR1444_R2_L22	2	yes	gma-miRN14549	gma-miRN14549
gma-miRN15516	miR466_R17_L20	17	gma-miRN15516.v1	miR736_R7_L21	7	yes	gma-miRN15516	gma-miRN15516
gma-miRN17447a	miR847_R6_L21	6	gma-miRN17447a.v1	miR1228_R3_L22	3	yes	gma-miRN17447	gma-miRN17447a
gma-miRN17742a	miR604_R11_L21	11	gma-miRN17742a.v1	miR1032_R4_L21	4	yes	gma-miRN17742	gma-miRN17742a
gma-miRN17742b	miR604_R11_L21	11	gma-miRN17742b.v1	miR1032_R4_L21	4	yes	gma-miRN17742	gma-miRN17742b
gma-miRN17742c	miR604_R11_L21	11	gma-miRN17742c.v1	miR1032_R4_L21	4	yes	gma-miRN17742	gma-miRN17742c
gma-miRN17742d	miR604_R11_L21	11	gma-miRN17742d.v1	miR1032_R4_L21	4	yes	gma-miRN17742	gma-miRN17742d
gma-miRN17742e	miR604_R11_L21	11	gma-miRN17742e.v1	miR1032_R4_L21	4	yes	gma-miRN17742	gma-miRN17742e
gma-miRN17872	miR1588_R2_L20	2	gma-miRN17872.v1	miR338_R31_L21	31	yes	gma-miRN17872	gma-miRN17872
gma-miRN18007	miR1160_R3_L20	3	gma-miRN18007.v1	miR954_R5_L21	5	yes	gma-miRN18007	gma-miRN18007
gma-miRN18146a	miR363_R27_L22	27	gma-miRN18146a.v1	miR647_R9_L20	9	yes	gma-miRN18146	gma-miRN18146a
gma-miRN18397a	miR626_R10_L21	10	gma-miRN18397a.v1	miR1073_R3_L20	3	yes	gma-miRN18397	gma-miRN18397a
gma-miRN18397a	miR626_R10_L21	10	gma-miRN18397a.v2	miR1481_R2_L21	2	yes	gma-miRN18397	gma-miRN18397a
gma-miRN18397a	miR626_R10_L21	10	gma-miRN18397a.v3	miR1442_R2_L20	2	yes	gma-miRN18397	gma-miRN18397a
gma-miRN18544	miR863_R6_L22	6	gma-miRN18544.v1	miR605_R11_L21	11	yes	gma-miRN18544	gma-miRN18544
gma-miRN326	miR317_R33_L21	33	gma-miRN326.v1	miR445_R19_L22	19	yes	gma-miRN326	gma-miRN326
gma-miRN4409a	miR635_R9_L22	9	gma-miRN4409a.v1	miR1270_R2_L22	2	yes	gma-miRN4409	gma-miRN4409a
gma-miRN4409c	miR1266_R2_L21	2	gma-miRN4409c.v1	miR1540_R2_L21	2	yes	gma-miRN4409	gma-miRN4409c
gma-miRN4409e	miR1266_R2_L21	2	gma-miRN4409e.v1	miR1540_R2_L21	2	yes	gma-miRN4409	gma-miRN4409e
gma-miRN4409f	miR1266_R2_L21	2	gma-miRN4409f.v1	miR1540_R2_L21	2	yes	gma-miRN4409	gma-miRN4409f
gma-miRN4409g	miR1266_R2_L21	2	gma-miRN4409g.v1	miR1540_R2_L21	2	yes	gma-miRN4409	gma-miRN4409g
gma-miRN4409h	miR1266_R2_L21	2	gma-miRN4409h.v1	miR1540_R2_L21	2	yes	gma-miRN4409	gma-miRN4409h
gma-miRN4409i	miR1266_R2_L21	2	gma-miRN4409i.v1	miR1540_R2_L21	2	yes	gma-miRN4409	gma-miRN4409i
gma-miRN4409j	miR1266_R2_L21	2	gma-miRN4409j.v1	miR1540_R2_L21	2	yes	gma-miRN4409	gma-miRN4409j
gma-miRN4409k	miR1266_R2_L21	2	gma-miRN4409k.v1	miR1540_R2_L21	2	yes	gma-miRN4409	gma-miRN4409k
gma-miRN4409l	miR1266_R2_L21	2	gma-miRN4409l.v1	miR1540_R2_L21	2	yes	gma-miRN4409	gma-miRN4409l
gma-miRN4409m	miR1266_R2_L21	2	gma-miRN4409m.v1	miR1540_R2_L21	2	yes	gma-miRN4409	gma-miRN4409m
gma-miRN4437l	miR676_R8_L21	8	gma-miRN4437l.v1	miR831_R6_L21	6	yes	gma-miRN4437	gma-miRN4437l
gma-miRN4440c	miR1051_R4_L21	4	gma-miRN4440c.v1	miR1121_R3_L22	3	yes	gma-miRN4440	gma-miRN4440c
gma-miRN520a	miR100_R191_L20	191	gma-miRN520a.v1	miR159_R101_L21	101	yes	gma-miRN520	gma-miRN520a
gma-miRN520a	miR100_R191_L20	191	gma-miRN520a.v2	miR462_R17_L21	17	yes	gma-miRN520	gma-miRN520a
gma-miRN520a	miR100_R191_L20	191	gma-miRN520a.v3	miR1417_R2_L20	2	yes	gma-miRN520	gma-miRN520a
gma-miRN520b	miR100_R191_L20	191	gma-miRN520b.v1	miR159_R101_L21	101	yes	gma-miRN520	gma-miRN520b
gma-miRN520b	miR100_R191_L20	191	gma-miRN520b.v2	miR462_R17_L21	17	yes	gma-miRN520	gma-miRN520b
gma-miRN520b	miR100_R191_L20	191	gma-miRN520b.v3	miR1417_R2_L20	2	yes	gma-miRN520	gma-miRN520b
gma-miRN6506a	miR893_R5_L22	5	gma-miRN6506a.v1	miR1400_R2_L22	2	yes	gma-miRN6506	gma-miRN6506a
gma-miRN6620	miR773_R7_L21	7	gma-miRN6620.v1	miR670_R9_L22	9	yes	gma-miRN6620	gma-miRN6620
gma-miRN6782	miR463_R17_L22	17	gma-miRN6782.v1	miR1361_R2_L21	2	yes	gma-miRN6782	gma-miRN6782
gma-miRN6784	miR341_R30_L22	30	gma-miRN6784.v1	miR1028_R4_L21	4	yes	gma-miRN6784	gma-miRN6784
gma-miRN6800	miR1392_R2_L21	2	gma-miRN6800.v1	miR1321_R2_L22	2	yes	gma-miRN6800	gma-miRN6800
gma-miRN9421	miR373_R26_L22	26	gma-miRN9421.v1	miR728_R7_L22	7	yes	gma-miRN9421	gma-miRN9421
gma_miRNC0002a	miR468_R17_L22	17	gma_miRNC0002a.v1	miR1340_R2_L21	2	yes	gma_miRNC0002	gma_miRNC0002a
gma_miRNC0002c	miR468_R17_L22	17	gma_miRNC0002c.v1	miR1340_R2_L21	2	yes	gma_miRNC0002	gma_miRNC0002c
gma_miRNC0002d	miR468_R17_L22	17	gma_miRNC0002d.v1	miR1340_R2_L21	2	yes	gma_miRNC0002	gma_miRNC0002d
gma_miRNC0002g	miR468_R17_L22	17	gma_miRNC0002g.v1	miR1340_R2_L21	2	yes	gma_miRNC0002	gma_miRNC0002g
gma_miRNC0006a	miR1167_R3_L21	3	gma_miRNC0006a.v1	miR1479_R2_L20	2	yes	gma_miRNC0006	gma_miRNC0006a
gma_miRNC0012b	miR476_R16_L21	16	gma_miRNC0012b.v1	miR974_R4_L21	4	yes	gma_miRNC0012	gma_miRNC0012b
gma_miRNC0012c	miR476_R16_L21	16	gma_miRNC0012c.v1	miR974_R4_L21	4	yes	gma_miRNC0012	gma_miRNC0012c
gma_miRNC0012d	miR476_R16_L21	16	gma_miRNC0012d.v1	miR974_R4_L21	4	yes	gma_miRNC0012	gma_miRNC0012d
gma_miRNC0012e	miR476_R16_L21	16	gma_miRNC0012e.v1	miR974_R4_L21	4	yes	gma_miRNC0012	gma_miRNC0012e
gma_miRNC0013b	miR333_R31_L21	31	gma_miRNC0013b.v1	miR585_R11_L20	11	yes	gma_miRNC0013	gma_miRNC0013b
gma_miRNC0013b	miR333_R31_L21	31	gma_miRNC0013b.v2	miR1136_R3_L20	3	yes	gma_miRNC0013	gma_miRNC0013b
gma_miRNC0013d	miR333_R31_L21	31	gma_miRNC0013d.v1	miR585_R11_L20	11	yes	gma_miRNC0013	gma_miRNC0013d
gma_miRNC0013d	miR333_R31_L21	31	gma_miRNC0013d.v2	miR1136_R3_L20	3	yes	gma_miRNC0013	gma_miRNC0013d
gma_miRNC0017b	miR148_R115_L22	115	gma_miRNC0017b.v1	miR405_R23_L21	23	yes	gma_miRNC0017	gma_miRNC0017b
gma_miRNC0023a	miR628_R10_L21	10	gma_miRNC0023a.v1	miR1586_R2_L22	2	yes	gma_miRNC0023	gma_miRNC0023a
gma_miRNC0023b	miR628_R10_L21	10	gma_miRNC0023b.v1	miR1586_R2_L22	2	yes	gma_miRNC0023	gma_miRNC0023b
gma_miRNC0023c	miR628_R10_L21	10	gma_miRNC0023c.v1	miR1586_R2_L22	2	yes	gma_miRNC0023	gma_miRNC0023c
gma_miRNC0031a	miR932_R5_L22	5	gma_miRNC0031a.v1	miR998_R4_L22	4	yes	gma_miRNC0031	gma_miRNC0031a
gma_miRNC0031b	miR932_R5_L22	5	gma_miRNC0031b.v1	miR998_R4_L22	4	yes	gma_miRNC0031	gma_miRNC0031b
gma_miRNC0032a	miR378_R26_L22	26	gma_miRNC0032a.v1	miR1185_R3_L22	3	yes	gma_miRNC0032	gma_miRNC0032a
gma_miRNC0032c	miR378_R26_L22	26	gma_miRNC0032c.v1	miR1185_R3_L22	3	yes	gma_miRNC0032	gma_miRNC0032c
gma_miRNC0036c	miR668_R9_L21	9	gma_miRNC0036c.v1	miR839_R6_L21	6	yes	gma_miRNC0036	gma_miRNC0036c
gma_miRNC0039a	miR561_R12_L22	12	gma_miRNC0039a.v1	miR1123_R3_L22	3	yes	gma_miRNC0039	gma_miRNC0039a
gma_miRNC0039b	miR561_R12_L22	12	gma_miRNC0039b.v1	miR1123_R3_L22	3	yes	gma_miRNC0039	gma_miRNC0039b
gma_miRNC0039b	miR561_R12_L22	12	gma_miRNC0039b.v2	miR1416_R2_L22	2	yes	gma_miRNC0039	gma_miRNC0039b
gma_miRNC0045a	miR709_R8_L21	8	gma_miRNC0045a.v1	miR782_R6_L22	6	yes	gma_miRNC0045	gma_miRNC0045a
gma_miRNC0045b	miR709_R8_L21	8	gma_miRNC0045b.v1	miR782_R6_L22	6	yes	gma_miRNC0045	gma_miRNC0045b
gma_miRNC0049c	miR654_R9_L21	9	gma_miRNC0049c.v1	miR919_R5_L22	5	yes	gma_miRNC0049	gma_miRNC0049c
gma_miRNC0053a	miR257_R49_L22	49	gma_miRNC0053a.v1	miR824_R6_L21	6	yes	gma_miRNC0053	gma_miRNC0053a
gma_miRNC0053b	miR257_R49_L22	49	gma_miRNC0053b.v1	miR824_R6_L21	6	yes	gma_miRNC0053	gma_miRNC0053b
gma_miRNC0056a	miR475_R17_L20	17	gma_miRNC0056a.v1	miR672_R9_L21	9	yes	gma_miRNC0056	gma_miRNC0056a
gma_miRNC0056b	miR475_R17_L20	17	gma_miRNC0056b.v1	miR672_R9_L21	9	yes	gma_miRNC0056	gma_miRNC0056b
gma_miRNC0058a	miR848_R6_L22	6	gma_miRNC0058a.v1	miR864_R6_L21	6	yes	gma_miRNC0058	gma_miRNC0058a
gma_miRNC0060a	miR516_R14_L21	14	gma_miRNC0060a.v1	miR1070_R4_L22	4	yes	gma_miRNC0060	gma_miRNC0060a
gma_miRNC0060b	miR516_R14_L21	14	gma_miRNC0060b.v1	miR1070_R4_L22	4	yes	gma_miRNC0060	gma_miRNC0060b
gma_miRNC0074a	miR667_R9_L21	9	gma_miRNC0074a.v1	miR936_R5_L21	5	yes	gma_miRNC0074	gma_miRNC0074a
gma_miRNC0076	miR391_R25_L21	25	gma_miRNC0076.v1	miR1045_R4_L22	4	yes	gma_miRNC0076	gma_miRNC0076
gma_miRNC0076	miR391_R25_L21	25	gma_miRNC0076.v2	miR1029_R4_L21	4	yes	gma_miRNC0076	gma_miRNC0076
gma_miRNC0077	miR374_R26_L22	26	gma_miRNC0077.v1	miR515_R14_L22	14	yes	gma_miRNC0077	gma_miRNC0077
gma_miRNC0077	miR374_R26_L22	26	gma_miRNC0077.v2	miR549_R12_L22	12	yes	gma_miRNC0077	gma_miRNC0077
gma_miRNC0078b	miR499_R14_L22	14	gma_miRNC0078b.v1	miR888_R5_L22	5	yes	gma_miRNC0078	gma_miRNC0078b
gma_miRNC0082	miR627_R10_L22	10	gma_miRNC0082.v1	miR1362_R2_L21	2	yes	gma_miRNC0082	gma_miRNC0082
gma_miRNC0082	miR627_R10_L22	10	gma_miRNC0082.v2	miR1354_R2_L20	2	yes	gma_miRNC0082	gma_miRNC0082
gma_miRNC0083	miR110_R159_L22	159	gma_miRNC0083.v1	miR563_R12_L21	12	yes	gma_miRNC0083	gma_miRNC0083
gma_miRNC0083	miR110_R159_L22	159	gma_miRNC0083.v2	miR738_R7_L20	7	yes	gma_miRNC0083	gma_miRNC0083
gma_miRNC0084a	miR441_R19_L22	19	gma_miRNC0084a.v1	miR903_R5_L22	5	yes	gma_miRNC0084	gma_miRNC0084a
gma_miRNC0093	miR1215_R3_L22	3	gma_miRNC0093.v1	miR1504_R2_L22	2	yes	gma_miRNC0093	gma_miRNC0093
gma_miRNC0100	miR826_R6_L22	6	gma_miRNC0100.v1	miR1420_R2_L21	2	yes	gma_miRNC0100	gma_miRNC0100
gma_miRNC0109	miR594_R11_L22	11	gma_miRNC0109.v1	miR1379_R2_L21	2	yes	gma_miRNC0109	gma_miRNC0109
gma_miRNC0115	miR595_R11_L22	11	gma_miRNC0115.v1	miR1516_R2_L21	2	yes	gma_miRNC0115	gma_miRNC0115
gma_miRNC0126	miR1128_R3_L21	3	gma_miRNC0126.v1	miR1487_R2_L21	2	yes	gma_miRNC0126	gma_miRNC0126
gma_miRNC0128	miR461_R17_L22	17	gma_miRNC0128.v1	miR779_R7_L22	7	yes	gma_miRNC0128	gma_miRNC0128
gma_miRNC0132	miR518_R14_L20	14	gma_miRNC0132.v1	miR1239_R3_L21	3	yes	gma_miRNC0132	gma_miRNC0132
gma_miRNC0137	miR202_R71_L21	71	gma_miRNC0137.v1	miR452_R18_L22	18	yes	gma_miRNC0137	gma_miRNC0137
gma_miRNC0141	miR303_R37_L21	37	gma_miRNC0141.v1	miR689_R8_L20	8	yes	gma_miRNC0141	gma_miRNC0141
gma_miRNC0145	miR486_R15_L21	15	gma_miRNC0145.v1	miR1541_R2_L22	2	yes	gma_miRNC0145	gma_miRNC0145
gma_miRNC0151	miR530_R13_L22	13	gma_miRNC0151.v1	miR1188_R3_L22	3	yes	gma_miRNC0151	gma_miRNC0151
gma_miRNC0158	miR763_R7_L20	7	gma_miRNC0158.v1	miR1041_R4_L22	4	yes	gma_miRNC0158	gma_miRNC0158
gma_miRNC0160	miR188_R81_L22	81	gma_miRNC0160.v1	miR792_R6_L21	6	yes	gma_miRNC0160	gma_miRNC0160
gma_miRNC0164	miR105_R172_L21	172	gma_miRNC0164.v1	miR972_R4_L21	4	yes	gma_miRNC0164	gma_miRNC0164
gma_miRNC0165	miR231_R58_L22	58	gma_miRNC0165.v1	miR1066_R4_L20	4	yes	gma_miRNC0165	gma_miRNC0165
gma_miRNC0177	miR711_R8_L22	8	gma_miRNC0177.v1	miR1081_R3_L21	3	yes	gma_miRNC0177	gma_miRNC0177
gma_miRNC0179	miR1533_R2_L22	2	gma_miRNC0179.v1	miR1457_R2_L22	2	yes	gma_miRNC0179	gma_miRNC0179
gma_miRNC0181	miR1056_R4_L21	4	gma_miRNC0181.v1	miR1204_R3_L21	3	yes	gma_miRNC0181	gma_miRNC0181
gma_miRNC0183	miR845_R6_L21	6	gma_miRNC0183.v1	miR1117_R3_L20	3	yes	gma_miRNC0183	gma_miRNC0183
gma_miRNC0190	miR212_R67_L22	67	gma_miRNC0190.v1	miR349_R28_L21	28	yes	gma_miRNC0190	gma_miRNC0190
gma_miRNC0191	miR813_R6_L22	6	gma_miRNC0191.v1	miR838_R6_L21	6	yes	gma_miRNC0191	gma_miRNC0191
gma_miRNC0193	miR819_R6_L22	6	gma_miRNC0193.v1	miR1196_R3_L21	3	yes	gma_miRNC0193	gma_miRNC0193
gma_miRNC0197	miR906_R5_L21	5	gma_miRNC0197.v1	miR1205_R3_L20	3	yes	gma_miRNC0197	gma_miRNC0197
gma_miRNC0200	miR542_R13_L21	13	gma_miRNC0200.v1	miR1241_R3_L20	3	yes	gma_miRNC0200	gma_miRNC0200
gma_miRNC0201	miR519_R14_L20	14	gma_miRNC0201.v1	miR576_R12_L21	12	yes	gma_miRNC0201	gma_miRNC0201
gma_miRNC0204	miR765_R7_L22	7	gma_miRNC0204.v1	miR1298_R2_L21	2	yes	gma_miRNC0204	gma_miRNC0204
gma_miRNC0208	miR889_R5_L21	5	gma_miRNC0208.v1	miR1329_R2_L20	2	yes	gma_miRNC0208	gma_miRNC0208
