miRNA_ID	Seq-ID	Family	miRNA_loci	Group	Library_detection_count	Detection_bin
gma-miR10197	miR265_R47_L21	gma-miR10197	gma-miR10197	canonical	47	11-50
gma-miR10197.v1	miR473_R17_L21	gma-miR10197	gma-miR10197	isomiR	17	11-50
gma-miR10414b	miR239_R56_L22	gma-miR10414	gma-miR10414b	canonical	56	51-100
gma-miR10414b.v1	miR314_R34_L22	gma-miR10414	gma-miR10414b	isomiR	34	11-50
gma-miR10421a	miR60_R317_L22	gma-miR10421	gma-miR10421a	canonical	317	>100
gma-miR10421a.v1	miR769_R7_L22	gma-miR10421	gma-miR10421a	isomiR	7	6-10
gma-miR10421b	miR60_R317_L22	gma-miR10421	gma-miR10421b	canonical	317	>100
gma-miR10421b.v1	miR769_R7_L22	gma-miR10421	gma-miR10421b	isomiR	7	6-10
gma-miR10421c	miR60_R317_L22	gma-miR10421	gma-miR10421c	canonical	317	>100
gma-miR10421c.v1	miR769_R7_L22	gma-miR10421	gma-miR10421c	isomiR	7	6-10
gma-miR10438	miR98_R193_L22	gma-miR10438	gma-miR10438	canonical	193	>100
gma-miR10438.v1	miR361_R27_L22	gma-miR10438	gma-miR10438	isomiR	27	11-50
gma-miR10439	miR240_R55_L21	gma-miR10439	gma-miR10439	canonical	55	51-100
gma-miR10439.v1	miR1429_R2_L22	gma-miR10439	gma-miR10439	isomiR	2	2-5
gma-miR10440	miR61_R311_L21	gma-miR10440	gma-miR10440	canonical	311	>100
gma-miR10440-5p	miR168_R96_L21	gma-miR10440	gma-miR10440	canonical	96	51-100
gma-miR10440-5p.v1	miR367_R27_L22	gma-miR10440	gma-miR10440	isomiR	27	11-50
gma-miR10440.v1	miR153_R105_L21	gma-miR10440	gma-miR10440	isomiR	105	>100
gma-miR10442	miR113_R156_L21	gma-miR10442	gma-miR10442	canonical	156	>100
gma-miR10442.v1	miR197_R73_L21	gma-miR10442	gma-miR10442	isomiR	73	51-100
gma-miR10448a	miR38_R445_L22	gma-miR10448	gma-miR10448a	canonical	445	>100
gma-miR10448a.v1	miR579_R11_L22	gma-miR10448	gma-miR10448a	isomiR	11	11-50
gma-miR12203	miR544_R12_L21	gma-miR12203	gma-miR12203	canonical	12	11-50
gma-miR12203.v1	miR166_R97_L21	gma-miR12203	gma-miR12203	isomiR	97	51-100
gma-miR12203.v2	miR1237_R3_L22	gma-miR12203	gma-miR12203	isomiR	3	2-5
gma-miR12203.v3	miR1520_R2_L22	gma-miR12203	gma-miR12203	isomiR	2	2-5
gma-miR12209b	miR451_R18_L21	gma-miR12209	gma-miR12209b	canonical	18	11-50
gma-miR12209b.v1	miR589_R11_L20	gma-miR12209	gma-miR12209b	isomiR	11	11-50
gma-miR12213a	miR155_R104_L20	gma-miR12213	gma-miR12213a	canonical	104	>100
gma-miR12213a.v1	miR309_R36_L21	gma-miR12213	gma-miR12213a	isomiR	36	11-50
gma-miR12213a.v2	miR1443_R2_L22	gma-miR12213	gma-miR12213a	isomiR	2	2-5
gma-miR12214a	miR717_R8_L22	gma-miR12214	gma-miR12214a	canonical	8	6-10
gma-miR12214a.v1	miR268_R45_L22	gma-miR12214	gma-miR12214a	isomiR	45	11-50
gma-miR12214a.v2	miR743_R7_L21	gma-miR12214	gma-miR12214a	isomiR	7	6-10
gma-miR12269l	miR318_R33_L22	gma-miR12269	gma-miR12269l	canonical	33	11-50
gma-miR12269l.v1	miR674_R8_L22	gma-miR12269	gma-miR12269l	isomiR	8	6-10
gma-miR12367b	miR351_R28_L22	gma-miR12367	gma-miR12367b	canonical	28	11-50
gma-miR12367b.v1	miR311_R35_L22	gma-miR12367	gma-miR12367b	isomiR	35	11-50
gma-miR12376a	miR334_R31_L22	gma-miR12376	gma-miR12376a	canonical	31	11-50
gma-miR12376a.v1	miR908_R5_L21	gma-miR12376	gma-miR12376a	isomiR	5	2-5
gma-miR12376b	miR334_R31_L22	gma-miR12376	gma-miR12376b	canonical	31	11-50
gma-miR12376b.v1	miR908_R5_L21	gma-miR12376	gma-miR12376b	isomiR	5	2-5
gma-miR12392a	miR157_R103_L22	gma-miR12392	gma-miR12392a	canonical	103	>100
gma-miR12392a.v1	miR1467_R2_L21	gma-miR12392	gma-miR12392a	isomiR	2	2-5
gma-miR12392b	miR157_R103_L22	gma-miR12392	gma-miR12392b	canonical	103	>100
gma-miR12392b.v1	miR1190_R3_L21	gma-miR12392	gma-miR12392b	isomiR	3	2-5
gma-miR12393	miR258_R49_L21	gma-miR12393	gma-miR12393	canonical	49	11-50
gma-miR12393.v1	miR876_R5_L21	gma-miR12393	gma-miR12393	isomiR	5	2-5
gma-miR12410e	miR406_R23_L21	gma-miR12410	gma-miR12410e	canonical	23	11-50
gma-miR12410e.v1	miR581_R11_L21	gma-miR12410	gma-miR12410e	isomiR	11	11-50
gma-miR12410h	miR406_R23_L21	gma-miR12410	gma-miR12410h	canonical	23	11-50
gma-miR12410h-3p	miR1458_R2_L21	gma-miR12410	gma-miR12410h	canonical	2	2-5
gma-miR12410h-3p.v1	miR1305_R2_L21	gma-miR12410	gma-miR12410h	isomiR	2	2-5
gma-miR12410h.v1	miR581_R11_L21	gma-miR12410	gma-miR12410h	isomiR	11	11-50
gma-miR12410j	miR406_R23_L21	gma-miR12410	gma-miR12410j	canonical	23	11-50
gma-miR12410j.v1	miR581_R11_L21	gma-miR12410	gma-miR12410j	isomiR	11	11-50
gma-miR12920	miR225_R61_L22	gma-miR12920	gma-miR12920	canonical	61	51-100
gma-miR12920.v1	miR1287_R2_L21	gma-miR12920	gma-miR12920	isomiR	2	2-5
gma-miR13146a	miR730_R7_L22	gma-miR13146	gma-miR13146a	canonical	7	6-10
gma-miR13146a.v1	miR978_R4_L21	gma-miR13146	gma-miR13146a	isomiR	4	2-5
gma-miR13146b	miR730_R7_L22	gma-miR13146	gma-miR13146b	canonical	7	6-10
gma-miR13146b.v1	miR978_R4_L21	gma-miR13146	gma-miR13146b	isomiR	4	2-5
gma-miR13146c	miR730_R7_L22	gma-miR13146	gma-miR13146c	canonical	7	6-10
gma-miR13146c.v1	miR978_R4_L21	gma-miR13146	gma-miR13146c	isomiR	4	2-5
gma-miR13639	miR337_R31_L20	gma-miR13639	gma-miR13639	canonical	31	11-50
gma-miR13639.v1	miR380_R26_L21	gma-miR13639	gma-miR13639	isomiR	26	11-50
gma-miR13837	miR1002_R4_L20	gma-miR13837	gma-miR13837	canonical	4	2-5
gma-miR13837.v1	miR553_R12_L21	gma-miR13837	gma-miR13837	isomiR	12	11-50
gma-miR13877c	miR185_R84_L22	gma-miR13877	gma-miR13877c	canonical	84	51-100
gma-miR13877c.v1	miR428_R20_L22	gma-miR13877	gma-miR13877c	isomiR	20	11-50
gma-miR13986	miR234_R58_L21	gma-miR13986	gma-miR13986	canonical	58	51-100
gma-miR13986.v1	miR1564_R2_L21	gma-miR13986	gma-miR13986	isomiR	2	2-5
gma-miR14289	miR140_R123_L22	gma-miR14289	gma-miR14289	canonical	123	>100
gma-miR14289.v1	miR1364_R2_L22	gma-miR14289	gma-miR14289	isomiR	2	2-5
gma-miR14289a	miR140_R123_L22	gma-miR14289	gma-miR14289a	canonical	123	>100
gma-miR14289a.v1	miR1364_R2_L22	gma-miR14289	gma-miR14289a	isomiR	2	2-5
gma-miR14589	miR424_R21_L21	gma-miR14589	gma-miR14589	canonical	21	11-50
gma-miR14589.v1	miR526_R13_L21	gma-miR14589	gma-miR14589	isomiR	13	11-50
gma-miR14645a	miR568_R12_L22	gma-miR14645	gma-miR14645a	canonical	12	11-50
gma-miR14645a.v1	miR860_R6_L21	gma-miR14645	gma-miR14645a	isomiR	6	6-10
gma-miR14645b	miR568_R12_L22	gma-miR14645	gma-miR14645b	canonical	12	11-50
gma-miR14645b.v1	miR860_R6_L21	gma-miR14645	gma-miR14645b	isomiR	6	6-10
gma-miR14645c	miR568_R12_L22	gma-miR14645	gma-miR14645c	canonical	12	11-50
gma-miR14645c.v1	miR860_R6_L21	gma-miR14645	gma-miR14645c	isomiR	6	6-10
gma-miR14645d	miR568_R12_L22	gma-miR14645	gma-miR14645d	canonical	12	11-50
gma-miR14645d.v1	miR860_R6_L21	gma-miR14645	gma-miR14645d	isomiR	6	6-10
gma-miR14645e	miR568_R12_L22	gma-miR14645	gma-miR14645e	canonical	12	11-50
gma-miR14645e.v1	miR860_R6_L21	gma-miR14645	gma-miR14645e	isomiR	6	6-10
gma-miR14645f	miR568_R12_L22	gma-miR14645	gma-miR14645f	canonical	12	11-50
gma-miR14645f.v1	miR860_R6_L21	gma-miR14645	gma-miR14645f	isomiR	6	6-10
gma-miR14645j	miR568_R12_L22	gma-miR14645	gma-miR14645j	canonical	12	11-50
gma-miR14645j.v1	miR860_R6_L21	gma-miR14645	gma-miR14645j	isomiR	6	6-10
gma-miR14645l	miR568_R12_L22	gma-miR14645	gma-miR14645l	canonical	12	11-50
gma-miR14645l.v1	miR860_R6_L21	gma-miR14645	gma-miR14645l	isomiR	6	6-10
gma-miR14645m	miR568_R12_L22	gma-miR14645	gma-miR14645m	canonical	12	11-50
gma-miR14645m.v1	miR860_R6_L21	gma-miR14645	gma-miR14645m	isomiR	6	6-10
gma-miR14645n	miR568_R12_L22	gma-miR14645	gma-miR14645n	canonical	12	11-50
gma-miR14645n.v1	miR860_R6_L21	gma-miR14645	gma-miR14645n	isomiR	6	6-10
gma-miR14846a	miR493_R15_L21	gma-miR14846	gma-miR14846a	canonical	15	11-50
gma-miR14846a.v1	miR1473_R2_L21	gma-miR14846	gma-miR14846a	isomiR	2	2-5
gma-miR14939b	miR928_R5_L21	gma-miR14939	gma-miR14939b	canonical	5	2-5
gma-miR14939b.v1	miR388_R25_L22	gma-miR14939	gma-miR14939b	isomiR	25	11-50
gma-miR1507a	miR9_R713_L22	gma-miR1507	gma-miR1507a	canonical	713	>100
gma-miR1507a.v1	miR201_R72_L21	gma-miR1507	gma-miR1507a	isomiR	72	51-100
gma-miR1507b	miR201_R72_L21	gma-miR1507	gma-miR1507b	canonical	72	51-100
gma-miR1507b.v1	miR9_R713_L22	gma-miR1507	gma-miR1507b	isomiR	713	>100
gma-miR1507c-5p	miR355_R28_L21	gma-miR1507	gma-miR1507c	canonical	28	11-50
gma-miR1507c-3p.v1	miR51_R340_L22	gma-miR1507	gma-miR1507c	isomiR	340	>100
gma-miR1507c-3p.v2	miR213_R67_L22	gma-miR1507	gma-miR1507c	isomiR	67	51-100
gma-miR1507c-5p.v1	miR99_R193_L21	gma-miR1507	gma-miR1507c	isomiR	193	>100
gma-miR1507c-5p.v2	miR719_R8_L22	gma-miR1507	gma-miR1507c	isomiR	8	6-10
gma-miR1507c-5p.v3	miR739_R7_L20	gma-miR1507	gma-miR1507c	isomiR	7	6-10
gma-miR1508b	miR21_R644_L21	gma-miR1508	gma-miR1508b	canonical	644	>100
gma-miR1508b.v1	miR1402_R2_L22	gma-miR1508	gma-miR1508b	isomiR	2	2-5
gma-miR1509a	miR3_R751_L22	gma-miR1509	gma-miR1509a	canonical	751	>100
gma-miR1509a.v1	miR797_R6_L21	gma-miR1509	gma-miR1509a	isomiR	6	6-10
gma-miR1509b.v1	miR42_R402_L22	gma-miR1509	gma-miR1509b	isomiR	402	>100
gma-miR1509b.v2	miR294_R39_L20	gma-miR1509	gma-miR1509b	isomiR	39	11-50
gma-miR1510a-3p.v1	miR58_R319_L21	gma-miR1510	gma-miR1510a	isomiR	319	>100
gma-miR1510a-3p.v2	miR483_R15_L22	gma-miR1510	gma-miR1510a	isomiR	15	11-50
gma-miR1510a-3p.v3	miR1080_R3_L22	gma-miR1510	gma-miR1510a	isomiR	3	2-5
gma-miR1510a-5p.v1	miR45_R376_L21	gma-miR1510	gma-miR1510a	isomiR	376	>100
gma-miR1510b-3p	miR58_R319_L21	gma-miR1510	gma-miR1510b	canonical	319	>100
gma-miR1510b-5p	miR102_R187_L22	gma-miR1510	gma-miR1510b	canonical	187	>100
gma-miR1510b-3p.v1	miR471_R17_L22	gma-miR1510	gma-miR1510b	isomiR	17	11-50
gma-miR1510b-5p.v1	miR26_R556_L21	gma-miR1510	gma-miR1510b	isomiR	556	>100
gma-miR1510b-5p.v2	miR712_R8_L20	gma-miR1510	gma-miR1510b	isomiR	8	6-10
gma-miR1511	miR53_R333_L20	gma-miR1511	gma-miR1511	canonical	333	>100
gma-miR1511-5p	miR241_R55_L21	gma-miR1511	gma-miR1511	canonical	55	51-100
gma-miR1511-5p.v1	miR1063_R4_L22	gma-miR1511	gma-miR1511	isomiR	4	2-5
gma-miR1511.v1	miR34_R456_L21	gma-miR1511	gma-miR1511	isomiR	456	>100
gma-miR1512a-3p.v1	miR724_R7_L21	gma-miR1512	gma-miR1512a	isomiR	7	6-10
gma-miR1512b	miR177_R88_L22	gma-miR1512	gma-miR1512b	canonical	88	51-100
gma-miR1512b.v1	miR512_R14_L22	gma-miR1512	gma-miR1512b	isomiR	14	11-50
gma-miR1512c	miR93_R204_L22	gma-miR1512	gma-miR1512c	canonical	204	>100
gma-miR1512c.v1	miR618_R10_L21	gma-miR1512	gma-miR1512c	isomiR	10	6-10
gma-miR1513b-5p	miR196_R74_L21	gma-miR1513	gma-miR1513b	canonical	74	51-100
gma-miR1513b-5p.v1	miR1496_R2_L20	gma-miR1513	gma-miR1513b	isomiR	2	2-5
gma-miR1513c.v1	miR74_R274_L21	gma-miR1513	gma-miR1513c	isomiR	274	>100
gma-miR1514a-5p.v1	miR59_R318_L22	gma-miR1514	gma-miR1514a	isomiR	318	>100
gma-miR1514a-5p.v2	miR1111_R3_L22	gma-miR1514	gma-miR1514a	isomiR	3	2-5
gma-miR1514b-5p.v1	miR723_R7_L22	gma-miR1514	gma-miR1514b	isomiR	7	6-10
gma-miR1515a	miR36_R451_L22	gma-miR1515	gma-miR1515a	canonical	451	>100
gma-miR1515a.v1	miR215_R64_L21	gma-miR1515	gma-miR1515a	isomiR	64	51-100
gma-miR1515b	miR36_R451_L22	gma-miR1515	gma-miR1515b	canonical	451	>100
gma-miR1515b.v1	miR215_R64_L21	gma-miR1515	gma-miR1515b	isomiR	64	51-100
gma-miR1523a.v1	miR111_R157_L21	gma-miR1523	gma-miR1523a	isomiR	157	>100
gma-miR1523c	miR1011_R4_L22	gma-miR1523	gma-miR1523c	canonical	4	2-5
gma-miR1523c.v1	miR1220_R3_L22	gma-miR1523	gma-miR1523c	isomiR	3	2-5
gma-miR1531-5p.v1	miR757_R7_L22	gma-miR1531	gma-miR1531	isomiR	7	6-10
gma-miR1535a.v1	miR716_R8_L22	gma-miR1535	gma-miR1535a	isomiR	8	6-10
gma-miR156a	miR10_R708_L20	gma-miR156	gma-miR156a	canonical	708	>100
gma-miR156a.v1	miR572_R12_L21	gma-miR156	gma-miR156a	isomiR	12	11-50
gma-miR156a.v2	miR1559_R2_L20	gma-miR156	gma-miR156a	isomiR	2	2-5
gma-miR156ad	miR298_R39_L22	gma-miR156	gma-miR156ad	canonical	39	11-50
gma-miR156ad.v1	miR313_R35_L21	gma-miR156	gma-miR156ad	isomiR	35	11-50
gma-miR156ae	miR33_R465_L21	gma-miR156	gma-miR156ae	canonical	465	>100
gma-miR156ae.v1	miR366_R27_L22	gma-miR156	gma-miR156ae	isomiR	27	11-50
gma-miR156ae.v2	miR1271_R2_L20	gma-miR156	gma-miR156ae	isomiR	2	2-5
gma-miR156d	miR33_R465_L21	gma-miR156	gma-miR156d	canonical	465	>100
gma-miR156d-3p	miR228_R60_L21	gma-miR156	gma-miR156d	canonical	60	51-100
gma-miR156d-3p.v1	miR1562_R2_L22	gma-miR156	gma-miR156d	isomiR	2	2-5
gma-miR156d.v1	miR1271_R2_L20	gma-miR156	gma-miR156d	isomiR	2	2-5
gma-miR156e-3p	miR269_R45_L21	gma-miR156	gma-miR156e	canonical	45	11-50
gma-miR156e-3p.v1	miR904_R5_L22	gma-miR156	gma-miR156e	isomiR	5	2-5
gma-miR156e.v1	miR33_R465_L21	gma-miR156	gma-miR156e	isomiR	465	>100
gma-miR156e.v2	miR1271_R2_L20	gma-miR156	gma-miR156e	isomiR	2	2-5
gma-miR156f.v1	miR204_R71_L21	gma-miR156	gma-miR156f	isomiR	71	51-100
gma-miR156g.v1	miR33_R465_L21	gma-miR156	gma-miR156g	isomiR	465	>100
gma-miR156g.v2	miR1271_R2_L20	gma-miR156	gma-miR156g	isomiR	2	2-5
gma-miR156h	miR10_R708_L20	gma-miR156	gma-miR156h	canonical	708	>100
gma-miR156h.v1	miR517_R14_L22	gma-miR156	gma-miR156h	isomiR	14	11-50
gma-miR156i	miR33_R465_L21	gma-miR156	gma-miR156i	canonical	465	>100
gma-miR156i-3p	miR228_R60_L21	gma-miR156	gma-miR156i	canonical	60	51-100
gma-miR156i-3p.v1	miR1562_R2_L22	gma-miR156	gma-miR156i	isomiR	2	2-5
gma-miR156i.v1	miR1271_R2_L20	gma-miR156	gma-miR156i	isomiR	2	2-5
gma-miR156j	miR33_R465_L21	gma-miR156	gma-miR156j	canonical	465	>100
gma-miR156j.v1	miR1271_R2_L20	gma-miR156	gma-miR156j	isomiR	2	2-5
gma-miR156k.v1	miR10_R708_L20	gma-miR156	gma-miR156k	isomiR	708	>100
gma-miR156k.v2	miR517_R14_L22	gma-miR156	gma-miR156k	isomiR	14	11-50
gma-miR156l	miR33_R465_L21	gma-miR156	gma-miR156l	canonical	465	>100
gma-miR156l-3p	miR528_R13_L22	gma-miR156	gma-miR156l	canonical	13	11-50
gma-miR156l-3p.v1	miR1142_R3_L21	gma-miR156	gma-miR156l	isomiR	3	2-5
gma-miR156l.v1	miR1271_R2_L20	gma-miR156	gma-miR156l	isomiR	2	2-5
gma-miR156m-3p	miR169_R96_L22	gma-miR156	gma-miR156m	canonical	96	51-100
gma-miR156m-3p.v1	miR620_R10_L21	gma-miR156	gma-miR156m	isomiR	10	6-10
gma-miR156n.v1	miR10_R708_L20	gma-miR156	gma-miR156n	isomiR	708	>100
gma-miR156n.v2	miR517_R14_L22	gma-miR156	gma-miR156n	isomiR	14	11-50
gma-miR156o.v1	miR10_R708_L20	gma-miR156	gma-miR156o	isomiR	708	>100
gma-miR156o.v2	miR517_R14_L22	gma-miR156	gma-miR156o	isomiR	14	11-50
gma-miR156p	miR219_R63_L21	gma-miR156	gma-miR156p	canonical	63	51-100
gma-miR156p.v1	miR1105_R3_L20	gma-miR156	gma-miR156p	isomiR	3	2-5
gma-miR156q	miR310_R35_L21	gma-miR156	gma-miR156q	canonical	35	11-50
gma-miR156q.v1	miR10_R708_L20	gma-miR156	gma-miR156q	isomiR	708	>100
gma-miR156r	miR329_R32_L21	gma-miR156	gma-miR156r	canonical	32	11-50
gma-miR156r.v1	miR1012_R4_L20	gma-miR156	gma-miR156r	isomiR	4	2-5
gma-miR156s	miR310_R35_L21	gma-miR156	gma-miR156s	canonical	35	11-50
gma-miR156s-3p	miR298_R39_L22	gma-miR156	gma-miR156s	canonical	39	11-50
gma-miR156s-3p.v1	miR313_R35_L21	gma-miR156	gma-miR156s	isomiR	35	11-50
gma-miR156s.v1	miR10_R708_L20	gma-miR156	gma-miR156s	isomiR	708	>100
gma-miR156t	miR219_R63_L21	gma-miR156	gma-miR156t	canonical	63	51-100
gma-miR156t.v1	miR1105_R3_L20	gma-miR156	gma-miR156t	isomiR	3	2-5
gma-miR156u	miR10_R708_L20	gma-miR156	gma-miR156u	canonical	708	>100
gma-miR156u.v1	miR572_R12_L21	gma-miR156	gma-miR156u	isomiR	12	11-50
gma-miR156u.v2	miR1559_R2_L20	gma-miR156	gma-miR156u	isomiR	2	2-5
gma-miR159a-3p	miR48_R362_L21	gma-miR159	gma-miR159a	canonical	362	>100
gma-miR159a-3p.v1	miR634_R9_L20	gma-miR159	gma-miR159a	isomiR	9	6-10
gma-miR159a-3p.v2	miR960_R4_L22	gma-miR159	gma-miR159a	isomiR	4	2-5
gma-miR159b-3p	miR698_R8_L21	gma-miR159	gma-miR159b	canonical	8	6-10
gma-miR159b-3p.v1	miR420_R21_L20	gma-miR159	gma-miR159b	isomiR	21	11-50
gma-miR159c	miR921_R5_L21	gma-miR159	gma-miR159c	canonical	5	2-5
gma-miR159c.v1	miR420_R21_L20	gma-miR159	gma-miR159c	isomiR	21	11-50
gma-miR159e-3p	miR48_R362_L21	gma-miR159	gma-miR159e	canonical	362	>100
gma-miR159e-3p.v1	miR634_R9_L20	gma-miR159	gma-miR159e	isomiR	9	6-10
gma-miR159e-3p.v2	miR960_R4_L22	gma-miR159	gma-miR159e	isomiR	4	2-5
gma-miR159f-3p	miR698_R8_L21	gma-miR159	gma-miR159f	canonical	8	6-10
gma-miR159f-3p.v1	miR420_R21_L20	gma-miR159	gma-miR159f	isomiR	21	11-50
gma-miR159g	miR420_R21_L20	gma-miR159	gma-miR159g	canonical	21	11-50
gma-miR159g.v1	miR1169_R3_L21	gma-miR159	gma-miR159g	isomiR	3	2-5
gma-miR159h	miR522_R13_L20	gma-miR159	gma-miR159h	canonical	13	11-50
gma-miR159h.v1	miR750_R7_L21	gma-miR159	gma-miR159h	isomiR	7	6-10
gma-miR159i	miR921_R5_L21	gma-miR159	gma-miR159i	canonical	5	2-5
gma-miR159i.v1	miR420_R21_L20	gma-miR159	gma-miR159i	isomiR	21	11-50
gma-miR160a-5p	miR25_R563_L21	gma-miR160	gma-miR160a	canonical	563	>100
gma-miR160a-5p.v1	miR325_R32_L20	gma-miR160	gma-miR160a	isomiR	32	11-50
gma-miR160b	miR325_R32_L20	gma-miR160	gma-miR160b	canonical	32	11-50
gma-miR160b.v1	miR25_R563_L21	gma-miR160	gma-miR160b	isomiR	563	>100
gma-miR160b.v2	miR350_R28_L21	gma-miR160	gma-miR160b	isomiR	28	11-50
gma-miR160c	miR325_R32_L20	gma-miR160	gma-miR160c	canonical	32	11-50
gma-miR160c.v1	miR25_R563_L21	gma-miR160	gma-miR160c	isomiR	563	>100
gma-miR160c.v2	miR350_R28_L21	gma-miR160	gma-miR160c	isomiR	28	11-50
gma-miR160d	miR325_R32_L20	gma-miR160	gma-miR160d	canonical	32	11-50
gma-miR160d.v1	miR25_R563_L21	gma-miR160	gma-miR160d	isomiR	563	>100
gma-miR160d.v2	miR350_R28_L21	gma-miR160	gma-miR160d	isomiR	28	11-50
gma-miR160e	miR325_R32_L20	gma-miR160	gma-miR160e	canonical	32	11-50
gma-miR160e.v1	miR25_R563_L21	gma-miR160	gma-miR160e	isomiR	563	>100
gma-miR160e.v2	miR350_R28_L21	gma-miR160	gma-miR160e	isomiR	28	11-50
gma-miR160f	miR25_R563_L21	gma-miR160	gma-miR160f	canonical	563	>100
gma-miR160f.v1	miR325_R32_L20	gma-miR160	gma-miR160f	isomiR	32	11-50
gma-miR160f.v2	miR350_R28_L21	gma-miR160	gma-miR160f	isomiR	28	11-50
gma-miR160l	miR207_R69_L21	gma-miR160	gma-miR160l	canonical	69	51-100
gma-miR160l.v1	miR1098_R3_L20	gma-miR160	gma-miR160l	isomiR	3	2-5
gma-miR162a.v1	miR4_R751_L21	gma-miR162	gma-miR162a	isomiR	751	>100
gma-miR162a.v2	miR887_R5_L22	gma-miR162	gma-miR162a	isomiR	5	2-5
gma-miR162b	miR4_R751_L21	gma-miR162	gma-miR162b	canonical	751	>100
gma-miR162b.v1	miR887_R5_L22	gma-miR162	gma-miR162b	isomiR	5	2-5
gma-miR162c	miR4_R751_L21	gma-miR162	gma-miR162c	canonical	751	>100
gma-miR162c.v1	miR887_R5_L22	gma-miR162	gma-miR162c	isomiR	5	2-5
gma-miR162d	miR72_R275_L21	gma-miR162	gma-miR162d	canonical	275	>100
gma-miR162d.v1	miR237_R56_L22	gma-miR162	gma-miR162d	isomiR	56	51-100
gma-miR164a	miR30_R527_L21	gma-miR164	gma-miR164a	canonical	527	>100
gma-miR164a-3p	miR322_R33_L21	gma-miR164	gma-miR164a	canonical	33	11-50
gma-miR164a-3p.v1	miR865_R6_L22	gma-miR164	gma-miR164a	isomiR	6	6-10
gma-miR164a.v1	miR238_R56_L20	gma-miR164	gma-miR164a	isomiR	56	51-100
gma-miR164b	miR238_R56_L20	gma-miR164	gma-miR164b	canonical	56	51-100
gma-miR164b-3p	miR322_R33_L21	gma-miR164	gma-miR164b	canonical	33	11-50
gma-miR164b-3p.v1	miR865_R6_L22	gma-miR164	gma-miR164b	isomiR	6	6-10
gma-miR164b.v1	miR30_R527_L21	gma-miR164	gma-miR164b	isomiR	527	>100
gma-miR164c	miR238_R56_L20	gma-miR164	gma-miR164c	canonical	56	51-100
gma-miR164c-3p	miR162_R100_L21	gma-miR164	gma-miR164c	canonical	100	51-100
gma-miR164c-3p.v1	miR718_R8_L22	gma-miR164	gma-miR164c	isomiR	8	6-10
gma-miR164c.v1	miR30_R527_L21	gma-miR164	gma-miR164c	isomiR	527	>100
gma-miR164d	miR238_R56_L20	gma-miR164	gma-miR164d	canonical	56	51-100
gma-miR164d-3p	miR322_R33_L21	gma-miR164	gma-miR164d	canonical	33	11-50
gma-miR164d-3p.v1	miR865_R6_L22	gma-miR164	gma-miR164d	isomiR	6	6-10
gma-miR164d.v1	miR30_R527_L21	gma-miR164	gma-miR164d	isomiR	527	>100
gma-miR164e	miR30_R527_L21	gma-miR164	gma-miR164e	canonical	527	>100
gma-miR164e-3p	miR322_R33_L21	gma-miR164	gma-miR164e	canonical	33	11-50
gma-miR164e-3p.v1	miR865_R6_L22	gma-miR164	gma-miR164e	isomiR	6	6-10
gma-miR164e.v1	miR238_R56_L20	gma-miR164	gma-miR164e	isomiR	56	51-100
gma-miR164f	miR30_R527_L21	gma-miR164	gma-miR164f	canonical	527	>100
gma-miR164f.v1	miR238_R56_L20	gma-miR164	gma-miR164f	isomiR	56	51-100
gma-miR164g	miR30_R527_L21	gma-miR164	gma-miR164g	canonical	527	>100
gma-miR164g-3p	miR322_R33_L21	gma-miR164	gma-miR164g	canonical	33	11-50
gma-miR164g-3p.v1	miR865_R6_L22	gma-miR164	gma-miR164g	isomiR	6	6-10
gma-miR164g.v1	miR238_R56_L20	gma-miR164	gma-miR164g	isomiR	56	51-100
gma-miR164h	miR30_R527_L21	gma-miR164	gma-miR164h	canonical	527	>100
gma-miR164h-3p	miR162_R100_L21	gma-miR164	gma-miR164h	canonical	100	51-100
gma-miR164h-3p.v1	miR718_R8_L22	gma-miR164	gma-miR164h	isomiR	8	6-10
gma-miR164h.v1	miR238_R56_L20	gma-miR164	gma-miR164h	isomiR	56	51-100
gma-miR164i	miR30_R527_L21	gma-miR164	gma-miR164i	canonical	527	>100
gma-miR164i.v1	miR238_R56_L20	gma-miR164	gma-miR164i	isomiR	56	51-100
gma-miR164j	miR30_R527_L21	gma-miR164	gma-miR164j	canonical	527	>100
gma-miR164j.v1	miR238_R56_L20	gma-miR164	gma-miR164j	isomiR	56	51-100
gma-miR164k	miR30_R527_L21	gma-miR164	gma-miR164k	canonical	527	>100
gma-miR164k.v1	miR238_R56_L20	gma-miR164	gma-miR164k	isomiR	56	51-100
gma-miR164l	miR30_R527_L21	gma-miR164	gma-miR164l	canonical	527	>100
gma-miR164l-3p	miR162_R100_L21	gma-miR164	gma-miR164l	canonical	100	51-100
gma-miR164l-3p.v1	miR718_R8_L22	gma-miR164	gma-miR164l	isomiR	8	6-10
gma-miR164l.v1	miR238_R56_L20	gma-miR164	gma-miR164l	isomiR	56	51-100
gma-miR164p	miR322_R33_L21	gma-miR164	gma-miR164p	canonical	33	11-50
gma-miR164p.v1	miR865_R6_L22	gma-miR164	gma-miR164p	isomiR	6	6-10
gma-miR166a-3p.v1	miR344_R29_L22	gma-miR166	gma-miR166a	isomiR	29	11-50
gma-miR166a-3p.v2	miR734_R7_L21	gma-miR166	gma-miR166a	isomiR	7	6-10
gma-miR166a-3p.v3	miR815_R6_L22	gma-miR166	gma-miR166a	isomiR	6	6-10
gma-miR166a-3p.v4	miR976_R4_L21	gma-miR166	gma-miR166a	isomiR	4	2-5
gma-miR166aa	miR1_R795_L21	gma-miR166	gma-miR166aa	canonical	795	>100
gma-miR166aa.v1	miR1397_R2_L22	gma-miR166	gma-miR166aa	isomiR	2	2-5
gma-miR166ac	miR1_R795_L21	gma-miR166	gma-miR166ac	canonical	795	>100
gma-miR166ac.v1	miR1397_R2_L22	gma-miR166	gma-miR166ac	isomiR	2	2-5
gma-miR166b.v1	miR39_R433_L22	gma-miR166	gma-miR166b	isomiR	433	>100
gma-miR166b.v2	miR87_R214_L22	gma-miR166	gma-miR166b	isomiR	214	>100
gma-miR166c-3p.v1	miR39_R433_L22	gma-miR166	gma-miR166c	isomiR	433	>100
gma-miR166c-3p.v2	miR126_R138_L21	gma-miR166	gma-miR166c	isomiR	138	>100
gma-miR166c-3p.v3	miR138_R123_L21	gma-miR166	gma-miR166c	isomiR	123	>100
gma-miR166c-3p.v4	miR344_R29_L22	gma-miR166	gma-miR166c	isomiR	29	11-50
gma-miR166d.v1	miR1_R795_L21	gma-miR166	gma-miR166d	isomiR	795	>100
gma-miR166d.v2	miR344_R29_L22	gma-miR166	gma-miR166d	isomiR	29	11-50
gma-miR166d.v3	miR1397_R2_L22	gma-miR166	gma-miR166d	isomiR	2	2-5
gma-miR166e.v1	miR39_R433_L22	gma-miR166	gma-miR166e	isomiR	433	>100
gma-miR166e.v2	miR87_R214_L22	gma-miR166	gma-miR166e	isomiR	214	>100
gma-miR166e.v3	miR126_R138_L21	gma-miR166	gma-miR166e	isomiR	138	>100
gma-miR166f.v1	miR1_R795_L21	gma-miR166	gma-miR166f	isomiR	795	>100
gma-miR166f.v2	miR344_R29_L22	gma-miR166	gma-miR166f	isomiR	29	11-50
gma-miR166f.v3	miR1397_R2_L22	gma-miR166	gma-miR166f	isomiR	2	2-5
gma-miR166g.v1	miR39_R433_L22	gma-miR166	gma-miR166g	isomiR	433	>100
gma-miR166g.v2	miR87_R214_L22	gma-miR166	gma-miR166g	isomiR	214	>100
gma-miR166g.v3	miR126_R138_L21	gma-miR166	gma-miR166g	isomiR	138	>100
gma-miR166g.v4	miR138_R123_L21	gma-miR166	gma-miR166g	isomiR	123	>100
gma-miR166h-3p	miR1_R795_L21	gma-miR166	gma-miR166h	canonical	795	>100
gma-miR166h-3p.v1	miR256_R49_L21	gma-miR166	gma-miR166h	isomiR	49	11-50
gma-miR166i-3p.v1	miR39_R433_L22	gma-miR166	gma-miR166i	isomiR	433	>100
gma-miR166i-3p.v2	miR87_R214_L22	gma-miR166	gma-miR166i	isomiR	214	>100
gma-miR166i-3p.v3	miR126_R138_L21	gma-miR166	gma-miR166i	isomiR	138	>100
gma-miR166i-3p.v4	miR138_R123_L21	gma-miR166	gma-miR166i	isomiR	123	>100
gma-miR166i-5p.v1	miR477_R16_L21	gma-miR166	gma-miR166i	isomiR	16	11-50
gma-miR166l-3p	miR1_R795_L21	gma-miR166	gma-miR166l	canonical	795	>100
gma-miR166l-3p.v1	miR1397_R2_L22	gma-miR166	gma-miR166l	isomiR	2	2-5
gma-miR166m.v1	miR290_R40_L21	gma-miR166	gma-miR166m	isomiR	40	11-50
gma-miR166m.v2	miR1327_R2_L21	gma-miR166	gma-miR166m	isomiR	2	2-5
gma-miR166n.v1	miR39_R433_L22	gma-miR166	gma-miR166n	isomiR	433	>100
gma-miR166n.v2	miR87_R214_L22	gma-miR166	gma-miR166n	isomiR	214	>100
gma-miR166n.v3	miR126_R138_L21	gma-miR166	gma-miR166n	isomiR	138	>100
gma-miR166o.v1	miR39_R433_L22	gma-miR166	gma-miR166o	isomiR	433	>100
gma-miR166o.v2	miR87_R214_L22	gma-miR166	gma-miR166o	isomiR	214	>100
gma-miR166o.v3	miR126_R138_L21	gma-miR166	gma-miR166o	isomiR	138	>100
gma-miR166p.v1	miR39_R433_L22	gma-miR166	gma-miR166p	isomiR	433	>100
gma-miR166p.v2	miR87_R214_L22	gma-miR166	gma-miR166p	isomiR	214	>100
gma-miR166p.v3	miR126_R138_L21	gma-miR166	gma-miR166p	isomiR	138	>100
gma-miR166p.v4	miR138_R123_L21	gma-miR166	gma-miR166p	isomiR	123	>100
gma-miR166q.v1	miR1_R795_L21	gma-miR166	gma-miR166q	isomiR	795	>100
gma-miR166q.v2	miR1397_R2_L22	gma-miR166	gma-miR166q	isomiR	2	2-5
gma-miR166r.v1	miR17_R685_L21	gma-miR166	gma-miR166r	isomiR	685	>100
gma-miR166r.v2	miR198_R73_L21	gma-miR166	gma-miR166r	isomiR	73	51-100
gma-miR166r.v3	miR1415_R2_L21	gma-miR166	gma-miR166r	isomiR	2	2-5
gma-miR166s.v1	miR1_R795_L21	gma-miR166	gma-miR166s	isomiR	795	>100
gma-miR166s.v2	miR87_R214_L22	gma-miR166	gma-miR166s	isomiR	214	>100
gma-miR166s.v3	miR1397_R2_L22	gma-miR166	gma-miR166s	isomiR	2	2-5
gma-miR166t.v1	miR1_R795_L21	gma-miR166	gma-miR166t	isomiR	795	>100
gma-miR166t.v2	miR87_R214_L22	gma-miR166	gma-miR166t	isomiR	214	>100
gma-miR166t.v3	miR1397_R2_L22	gma-miR166	gma-miR166t	isomiR	2	2-5
gma-miR166v	miR1_R795_L21	gma-miR166	gma-miR166v	canonical	795	>100
gma-miR166v.v1	miR1397_R2_L22	gma-miR166	gma-miR166v	isomiR	2	2-5
gma-miR166x	miR17_R685_L21	gma-miR166	gma-miR166x	canonical	685	>100
gma-miR166x.v1	miR198_R73_L21	gma-miR166	gma-miR166x	isomiR	73	51-100
gma-miR166x.v2	miR1415_R2_L21	gma-miR166	gma-miR166x	isomiR	2	2-5
gma-miR166y	miR1_R795_L21	gma-miR166	gma-miR166y	canonical	795	>100
gma-miR166y.v1	miR1397_R2_L22	gma-miR166	gma-miR166y	isomiR	2	2-5
gma-miR167a	miR47_R363_L21	gma-miR167	gma-miR167a	canonical	363	>100
gma-miR167a.v1	miR83_R242_L20	gma-miR167	gma-miR167a	isomiR	242	>100
gma-miR167b	miR47_R363_L21	gma-miR167	gma-miR167b	canonical	363	>100
gma-miR167b.v1	miR83_R242_L20	gma-miR167	gma-miR167b	isomiR	242	>100
gma-miR167d	miR47_R363_L21	gma-miR167	gma-miR167d	canonical	363	>100
gma-miR167d.v1	miR83_R242_L20	gma-miR167	gma-miR167d	isomiR	242	>100
gma-miR167e	miR46_R371_L21	gma-miR167	gma-miR167e	canonical	371	>100
gma-miR167e-3p	miR907_R5_L20	gma-miR167	gma-miR167e	canonical	5	2-5
gma-miR167e-3p.v1	miR1183_R3_L21	gma-miR167	gma-miR167e	isomiR	3	2-5
gma-miR167e.v1	miR83_R242_L20	gma-miR167	gma-miR167e	isomiR	242	>100
gma-miR167e.v2	miR117_R153_L22	gma-miR167	gma-miR167e	isomiR	153	>100
gma-miR167f	miR46_R371_L21	gma-miR167	gma-miR167f	canonical	371	>100
gma-miR167f-3p	miR907_R5_L20	gma-miR167	gma-miR167f	canonical	5	2-5
gma-miR167f-3p.v1	miR1183_R3_L21	gma-miR167	gma-miR167f	isomiR	3	2-5
gma-miR167f.v1	miR83_R242_L20	gma-miR167	gma-miR167f	isomiR	242	>100
gma-miR167f.v2	miR117_R153_L22	gma-miR167	gma-miR167f	isomiR	153	>100
gma-miR167g	miR669_R9_L22	gma-miR167	gma-miR167g	canonical	9	6-10
gma-miR167g-3p	miR371_R27_L21	gma-miR167	gma-miR167g	canonical	27	11-50
gma-miR167g-3p.v1	miR852_R6_L20	gma-miR167	gma-miR167g	isomiR	6	6-10
gma-miR167g.v1	miR19_R676_L21	gma-miR167	gma-miR167g	isomiR	676	>100
gma-miR167g.v2	miR83_R242_L20	gma-miR167	gma-miR167g	isomiR	242	>100
gma-miR167j	miR19_R676_L21	gma-miR167	gma-miR167j	canonical	676	>100
gma-miR167j-3p	miR371_R27_L21	gma-miR167	gma-miR167j	canonical	27	11-50
gma-miR167j-3p.v1	miR852_R6_L20	gma-miR167	gma-miR167j	isomiR	6	6-10
gma-miR167j.v1	miR83_R242_L20	gma-miR167	gma-miR167j	isomiR	242	>100
gma-miR167j.v2	miR669_R9_L22	gma-miR167	gma-miR167j	isomiR	9	6-10
gma-miR167k.v1	miR460_R17_L21	gma-miR167	gma-miR167k	isomiR	17	11-50
gma-miR167l	miR83_R242_L20	gma-miR167	gma-miR167l	canonical	242	>100
gma-miR167l.v1	miR47_R363_L21	gma-miR167	gma-miR167l	isomiR	363	>100
gma-miR168a	miR8_R731_L21	gma-miR168	gma-miR168a	canonical	731	>100
gma-miR168a.v1	miR584_R11_L20	gma-miR168	gma-miR168a	isomiR	11	11-50
gma-miR168b.v1	miR8_R731_L21	gma-miR168	gma-miR168b	isomiR	731	>100
gma-miR168b.v2	miR584_R11_L20	gma-miR168	gma-miR168b	isomiR	11	11-50
gma-miR169a	miR85_R222_L21	gma-miR169	gma-miR169a	canonical	222	>100
gma-miR169a.v1	miR174_R90_L20	gma-miR169	gma-miR169a	isomiR	90	51-100
gma-miR169a.v2	miR360_R27_L20	gma-miR169	gma-miR169a	isomiR	27	11-50
gma-miR169a.v3	miR431_R20_L22	gma-miR169	gma-miR169a	isomiR	20	11-50
gma-miR169ab	miR174_R90_L20	gma-miR169	gma-miR169ab	canonical	90	51-100
gma-miR169ab.v1	miR163_R99_L22	gma-miR169	gma-miR169ab	isomiR	99	51-100
gma-miR169ab.v2	miR1308_R2_L21	gma-miR169	gma-miR169ab	isomiR	2	2-5
gma-miR169ac	miR174_R90_L20	gma-miR169	gma-miR169ac	canonical	90	51-100
gma-miR169ac.v1	miR163_R99_L22	gma-miR169	gma-miR169ac	isomiR	99	51-100
gma-miR169ac.v2	miR1308_R2_L21	gma-miR169	gma-miR169ac	isomiR	2	2-5
gma-miR169ad	miR170_R95_L21	gma-miR169	gma-miR169ad	canonical	95	51-100
gma-miR169ad.v1	miR1181_R3_L20	gma-miR169	gma-miR169ad	isomiR	3	2-5
gma-miR169c	miR170_R95_L21	gma-miR169	gma-miR169c	canonical	95	51-100
gma-miR169c.v1	miR1181_R3_L20	gma-miR169	gma-miR169c	isomiR	3	2-5
gma-miR169d	miR1307_R2_L23	gma-miR169	gma-miR169d	canonical	2	2-5
gma-miR169d.v1	miR163_R99_L22	gma-miR169	gma-miR169d	isomiR	99	51-100
gma-miR169d.v2	miR174_R90_L20	gma-miR169	gma-miR169d	isomiR	90	51-100
gma-miR169d.v3	miR1308_R2_L21	gma-miR169	gma-miR169d	isomiR	2	2-5
gma-miR169e	miR174_R90_L20	gma-miR169	gma-miR169e	canonical	90	51-100
gma-miR169e.v1	miR163_R99_L22	gma-miR169	gma-miR169e	isomiR	99	51-100
gma-miR169e.v2	miR1308_R2_L21	gma-miR169	gma-miR169e	isomiR	2	2-5
gma-miR169f	miR85_R222_L21	gma-miR169	gma-miR169f	canonical	222	>100
gma-miR169f.v1	miR119_R149_L21	gma-miR169	gma-miR169f	isomiR	149	>100
gma-miR169f.v2	miR174_R90_L20	gma-miR169	gma-miR169f	isomiR	90	51-100
gma-miR169f.v3	miR360_R27_L20	gma-miR169	gma-miR169f	isomiR	27	11-50
gma-miR169g	miR85_R222_L21	gma-miR169	gma-miR169g	canonical	222	>100
gma-miR169g.v1	miR174_R90_L20	gma-miR169	gma-miR169g	isomiR	90	51-100
gma-miR169g.v2	miR360_R27_L20	gma-miR169	gma-miR169g	isomiR	27	11-50
gma-miR169i-5p.v1	miR383_R25_L23	gma-miR169	gma-miR169i	isomiR	25	11-50
gma-miR169m	miR85_R222_L21	gma-miR169	gma-miR169m	canonical	222	>100
gma-miR169m.v1	miR174_R90_L20	gma-miR169	gma-miR169m	isomiR	90	51-100
gma-miR169m.v2	miR360_R27_L20	gma-miR169	gma-miR169m	isomiR	27	11-50
gma-miR169n-5p	miR137_R124_L21	gma-miR169	gma-miR169n	canonical	124	>100
gma-miR169n-5p.v1	miR132_R129_L21	gma-miR169	gma-miR169n	isomiR	129	>100
gma-miR169n-5p.v2	miR655_R9_L22	gma-miR169	gma-miR169n	isomiR	9	6-10
gma-miR169o	miR66_R283_L22	gma-miR169	gma-miR169o	canonical	283	>100
gma-miR169o.v1	miR1104_R3_L21	gma-miR169	gma-miR169o	isomiR	3	2-5
gma-miR169p	miR1308_R2_L21	gma-miR169	gma-miR169p	canonical	2	2-5
gma-miR169p.v1	miR448_R18_L23	gma-miR169	gma-miR169p	isomiR	18	11-50
gma-miR169p.v2	miR1181_R3_L20	gma-miR169	gma-miR169p	isomiR	3	2-5
gma-miR169r	miR66_R283_L22	gma-miR169	gma-miR169r	canonical	283	>100
gma-miR169r.v1	miR1104_R3_L21	gma-miR169	gma-miR169r	isomiR	3	2-5
gma-miR169s-5p.v1	miR174_R90_L20	gma-miR169	gma-miR169s	isomiR	90	51-100
gma-miR169s-5p.v2	miR178_R88_L21	gma-miR169	gma-miR169s	isomiR	88	51-100
gma-miR169u	miR221_R62_L21	gma-miR169	gma-miR169u	canonical	62	51-100
gma-miR169u.v1	miR360_R27_L20	gma-miR169	gma-miR169u	isomiR	27	11-50
gma-miR169w	miR119_R149_L21	gma-miR169	gma-miR169w	canonical	149	>100
gma-miR169w.v1	miR174_R90_L20	gma-miR169	gma-miR169w	isomiR	90	51-100
gma-miR169w.v2	miR178_R88_L21	gma-miR169	gma-miR169w	isomiR	88	51-100
gma-miR169y	miR163_R99_L22	gma-miR169	gma-miR169y	canonical	99	51-100
gma-miR169y.v1	miR174_R90_L20	gma-miR169	gma-miR169y	isomiR	90	51-100
gma-miR169y.v2	miR1308_R2_L21	gma-miR169	gma-miR169y	isomiR	2	2-5
gma-miR169z	miR174_R90_L20	gma-miR169	gma-miR169z	canonical	90	51-100
gma-miR169z.v1	miR163_R99_L22	gma-miR169	gma-miR169z	isomiR	99	51-100
gma-miR169z.v2	miR1308_R2_L21	gma-miR169	gma-miR169z	isomiR	2	2-5
gma-miR171a.v1	miR271_R44_L22	gma-miR171	gma-miR171a	isomiR	44	11-50
gma-miR171a.v2	miR523_R13_L21	gma-miR171	gma-miR171a	isomiR	13	11-50
gma-miR171a.v3	miR524_R13_L20	gma-miR171	gma-miR171a	isomiR	13	11-50
gma-miR171b-5p.v1	miR128_R135_L22	gma-miR171	gma-miR171b	isomiR	135	>100
gma-miR171b-5p.v2	miR529_R13_L23	gma-miR171	gma-miR171b	isomiR	13	11-50
gma-miR171c-3p	miR142_R121_L21	gma-miR171	gma-miR171c	canonical	121	>100
gma-miR171c-3p.v1	miR40_R422_L21	gma-miR171	gma-miR171c	isomiR	422	>100
gma-miR171f	miR40_R422_L21	gma-miR171	gma-miR171f	canonical	422	>100
gma-miR171f.v1	miR142_R121_L21	gma-miR171	gma-miR171f	isomiR	121	>100
gma-miR171i-3p.v1	miR271_R44_L22	gma-miR171	gma-miR171i	isomiR	44	11-50
gma-miR171i-3p.v2	miR523_R13_L21	gma-miR171	gma-miR171i	isomiR	13	11-50
gma-miR171i-3p.v3	miR524_R13_L20	gma-miR171	gma-miR171i	isomiR	13	11-50
gma-miR171k-3p	miR63_R300_L21	gma-miR171	gma-miR171k	canonical	300	>100
gma-miR171k-3p.v1	miR1084_R3_L22	gma-miR171	gma-miR171k	isomiR	3	2-5
gma-miR171l-3p	miR63_R300_L21	gma-miR171	gma-miR171l	canonical	300	>100
gma-miR171l-3p.v1	miR1084_R3_L22	gma-miR171	gma-miR171l	isomiR	3	2-5
gma-miR171o-3p	miR142_R121_L21	gma-miR171	gma-miR171o	canonical	121	>100
gma-miR171o-3p.v1	miR40_R422_L21	gma-miR171	gma-miR171o	isomiR	422	>100
gma-miR171q	miR142_R121_L21	gma-miR171	gma-miR171q	canonical	121	>100
gma-miR171q.v1	miR40_R422_L21	gma-miR171	gma-miR171q	isomiR	422	>100
gma-miR171r	miR209_R69_L21	gma-miR171	gma-miR171r	canonical	69	51-100
gma-miR171r.v1	miR1006_R4_L20	gma-miR171	gma-miR171r	isomiR	4	2-5
gma-miR171s	miR209_R69_L21	gma-miR171	gma-miR171s	canonical	69	51-100
gma-miR171s.v1	miR1006_R4_L20	gma-miR171	gma-miR171s	isomiR	4	2-5
gma-miR171v	miR128_R135_L22	gma-miR171	gma-miR171v	canonical	135	>100
gma-miR171v.v1	miR529_R13_L23	gma-miR171	gma-miR171v	isomiR	13	11-50
gma-miR172a-5p	miR283_R41_L21	gma-miR172	gma-miR172a	canonical	41	11-50
gma-miR172a-5p.v1	miR527_R13_L20	gma-miR172	gma-miR172a	isomiR	13	11-50
gma-miR172b-5p	miR527_R13_L20	gma-miR172	gma-miR172b	canonical	13	11-50
gma-miR172b-5p.v1	miR283_R41_L21	gma-miR172	gma-miR172b	isomiR	41	11-50
gma-miR172d.v1	miR115_R154_L21	gma-miR172	gma-miR172d	isomiR	154	>100
gma-miR172e.v1	miR115_R154_L21	gma-miR172	gma-miR172e	isomiR	154	>100
gma-miR172f-5p	miR283_R41_L21	gma-miR172	gma-miR172f	canonical	41	11-50
gma-miR172f-5p.v1	miR527_R13_L20	gma-miR172	gma-miR172f	isomiR	13	11-50
gma-miR172f.v1	miR56_R325_L21	gma-miR172	gma-miR172f	isomiR	325	>100
gma-miR172g.v1	miR817_R6_L21	gma-miR172	gma-miR172g	isomiR	6	6-10
gma-miR172i-3p	miR737_R7_L21	gma-miR172	gma-miR172i	canonical	7	6-10
gma-miR172i-3p.v1	miR1003_R4_L21	gma-miR172	gma-miR172i	isomiR	4	2-5
gma-miR172l	miR737_R7_L21	gma-miR172	gma-miR172l	canonical	7	6-10
gma-miR172l.v1	miR1003_R4_L21	gma-miR172	gma-miR172l	isomiR	4	2-5
gma-miR2109-3p	miR49_R362_L21	gma-miR2109	gma-miR2109	canonical	362	>100
gma-miR2109-3p.v1	miR272_R44_L22	gma-miR2109	gma-miR2109	isomiR	44	11-50
gma-miR2109-5p.v1	miR43_R396_L21	gma-miR2109	gma-miR2109	isomiR	396	>100
gma-miR2109-5p.v2	miR607_R11_L22	gma-miR2109	gma-miR2109	isomiR	11	11-50
gma-miR2111a	miR414_R22_L21	gma-miR2111	gma-miR2111a	canonical	22	11-50
gma-miR2111a-5p	miR68_R282_L20	gma-miR2111	gma-miR2111a	canonical	282	>100
gma-miR2111a-5p.v1	miR354_R28_L21	gma-miR2111	gma-miR2111a	isomiR	28	11-50
gma-miR2111a.v1	miR575_R12_L22	gma-miR2111	gma-miR2111a	isomiR	12	11-50
gma-miR2111b	miR354_R28_L21	gma-miR2111	gma-miR2111b	canonical	28	11-50
gma-miR2111b-3p	miR336_R31_L21	gma-miR2111	gma-miR2111b	canonical	31	11-50
gma-miR2111b-3p.v1	miR372_R27_L22	gma-miR2111	gma-miR2111b	isomiR	27	11-50
gma-miR2111b.v1	miR68_R282_L20	gma-miR2111	gma-miR2111b	isomiR	282	>100
gma-miR2111c	miR354_R28_L21	gma-miR2111	gma-miR2111c	canonical	28	11-50
gma-miR2111c.v1	miR68_R282_L20	gma-miR2111	gma-miR2111c	isomiR	282	>100
gma-miR2111e	miR354_R28_L21	gma-miR2111	gma-miR2111e	canonical	28	11-50
gma-miR2111e-3p	miR336_R31_L21	gma-miR2111	gma-miR2111e	canonical	31	11-50
gma-miR2111e-3p.v1	miR372_R27_L22	gma-miR2111	gma-miR2111e	isomiR	27	11-50
gma-miR2111e.v1	miR68_R282_L20	gma-miR2111	gma-miR2111e	isomiR	282	>100
gma-miR2111f	miR354_R28_L21	gma-miR2111	gma-miR2111f	canonical	28	11-50
gma-miR2111f-3p	miR495_R15_L21	gma-miR2111	gma-miR2111f	canonical	15	11-50
gma-miR2111f-3p.v1	miR780_R7_L22	gma-miR2111	gma-miR2111f	isomiR	7	6-10
gma-miR2111f.v1	miR68_R282_L20	gma-miR2111	gma-miR2111f	isomiR	282	>100
gma-miR2111g	miR125_R140_L21	gma-miR2111	gma-miR2111g	canonical	140	>100
gma-miR2111g.v1	miR252_R51_L20	gma-miR2111	gma-miR2111g	isomiR	51	51-100
gma-miR2118a-3p	miR381_R25_L21	gma-miR2118	gma-miR2118a	canonical	25	11-50
gma-miR2118a-3p.v1	miR2_R756_L22	gma-miR2118	gma-miR2118a	isomiR	756	>100
gma-miR2118b-3p	miR381_R25_L21	gma-miR2118	gma-miR2118b	canonical	25	11-50
gma-miR2118b-5p	miR18_R676_L22	gma-miR2118	gma-miR2118b	canonical	676	>100
gma-miR2118b-3p.v1	miR2_R756_L22	gma-miR2118	gma-miR2118b	isomiR	756	>100
gma-miR2118b-5p.v1	miR861_R6_L20	gma-miR2118	gma-miR2118b	isomiR	6	6-10
gma-miR2118b-5p.v2	miR1062_R4_L23	gma-miR2118	gma-miR2118b	isomiR	4	2-5
gma-miR2118b-5p.v3	miR1560_R2_L21	gma-miR2118	gma-miR2118b	isomiR	2	2-5
gma-miR319a	miR27_R544_L20	gma-miR319	gma-miR319a	canonical	544	>100
gma-miR319a.v1	miR127_R137_L21	gma-miR319	gma-miR319a	isomiR	137	>100
gma-miR319a.v2	miR210_R68_L22	gma-miR319	gma-miR319a	isomiR	68	51-100
gma-miR319a.v3	miR820_R6_L21	gma-miR319	gma-miR319a	isomiR	6	6-10
gma-miR319b	miR27_R544_L20	gma-miR319	gma-miR319b	canonical	544	>100
gma-miR319b.v1	miR127_R137_L21	gma-miR319	gma-miR319b	isomiR	137	>100
gma-miR319b.v2	miR210_R68_L22	gma-miR319	gma-miR319b	isomiR	68	51-100
gma-miR319b.v3	miR820_R6_L21	gma-miR319	gma-miR319b	isomiR	6	6-10
gma-miR319c	miR189_R77_L20	gma-miR319	gma-miR319c	canonical	77	51-100
gma-miR319c.v1	miR16_R686_L21	gma-miR319	gma-miR319c	isomiR	686	>100
gma-miR319c.v2	miR798_R6_L21	gma-miR319	gma-miR319c	isomiR	6	6-10
gma-miR319c.v3	miR1263_R2_L22	gma-miR319	gma-miR319c	isomiR	2	2-5
gma-miR319c.v4	miR1391_R2_L20	gma-miR319	gma-miR319c	isomiR	2	2-5
gma-miR319e	miR27_R544_L20	gma-miR319	gma-miR319e	canonical	544	>100
gma-miR319e.v1	miR127_R137_L21	gma-miR319	gma-miR319e	isomiR	137	>100
gma-miR319e.v2	miR580_R11_L22	gma-miR319	gma-miR319e	isomiR	11	11-50
gma-miR319e.v3	miR726_R7_L21	gma-miR319	gma-miR319e	isomiR	7	6-10
gma-miR319e.v4	miR820_R6_L21	gma-miR319	gma-miR319e	isomiR	6	6-10
gma-miR319e.v5	miR1390_R2_L22	gma-miR319	gma-miR319e	isomiR	2	2-5
gma-miR319e.v6	miR1391_R2_L20	gma-miR319	gma-miR319e	isomiR	2	2-5
gma-miR319f	miR94_R198_L20	gma-miR319	gma-miR319f	canonical	198	>100
gma-miR319f.v1	miR145_R119_L21	gma-miR319	gma-miR319f	isomiR	119	>100
gma-miR319f.v2	miR487_R15_L22	gma-miR319	gma-miR319f	isomiR	15	11-50
gma-miR319f.v3	miR621_R10_L21	gma-miR319	gma-miR319f	isomiR	10	6-10
gma-miR319h	miR127_R137_L21	gma-miR319	gma-miR319h	canonical	137	>100
gma-miR319h.v1	miR27_R544_L20	gma-miR319	gma-miR319h	isomiR	544	>100
gma-miR319h.v2	miR580_R11_L22	gma-miR319	gma-miR319h	isomiR	11	11-50
gma-miR319h.v3	miR726_R7_L21	gma-miR319	gma-miR319h	isomiR	7	6-10
gma-miR319h.v4	miR820_R6_L21	gma-miR319	gma-miR319h	isomiR	6	6-10
gma-miR319h.v5	miR1390_R2_L22	gma-miR319	gma-miR319h	isomiR	2	2-5
gma-miR319i.v1	miR23_R599_L22	gma-miR319	gma-miR319i	isomiR	599	>100
gma-miR319j	miR127_R137_L21	gma-miR319	gma-miR319j	canonical	137	>100
gma-miR319j.v1	miR27_R544_L20	gma-miR319	gma-miR319j	isomiR	544	>100
gma-miR319j.v2	miR210_R68_L22	gma-miR319	gma-miR319j	isomiR	68	51-100
gma-miR319j.v3	miR820_R6_L21	gma-miR319	gma-miR319j	isomiR	6	6-10
gma-miR319j.v4	miR1390_R2_L22	gma-miR319	gma-miR319j	isomiR	2	2-5
gma-miR319j.v5	miR1391_R2_L20	gma-miR319	gma-miR319j	isomiR	2	2-5
gma-miR319k	miR127_R137_L21	gma-miR319	gma-miR319k	canonical	137	>100
gma-miR319k.v1	miR27_R544_L20	gma-miR319	gma-miR319k	isomiR	544	>100
gma-miR319k.v2	miR210_R68_L22	gma-miR319	gma-miR319k	isomiR	68	51-100
gma-miR319k.v3	miR820_R6_L21	gma-miR319	gma-miR319k	isomiR	6	6-10
gma-miR319k.v4	miR1390_R2_L22	gma-miR319	gma-miR319k	isomiR	2	2-5
gma-miR319l	miR1263_R2_L22	gma-miR319	gma-miR319l	canonical	2	2-5
gma-miR319l.v1	miR16_R686_L21	gma-miR319	gma-miR319l	isomiR	686	>100
gma-miR319l.v2	miR73_R274_L21	gma-miR319	gma-miR319l	isomiR	274	>100
gma-miR319l.v3	miR114_R155_L21	gma-miR319	gma-miR319l	isomiR	155	>100
gma-miR319m	miR127_R137_L21	gma-miR319	gma-miR319m	canonical	137	>100
gma-miR319m.v1	miR27_R544_L20	gma-miR319	gma-miR319m	isomiR	544	>100
gma-miR319m.v2	miR210_R68_L22	gma-miR319	gma-miR319m	isomiR	68	51-100
gma-miR319m.v3	miR820_R6_L21	gma-miR319	gma-miR319m	isomiR	6	6-10
gma-miR319m.v4	miR1390_R2_L22	gma-miR319	gma-miR319m	isomiR	2	2-5
gma-miR319n	miR52_R336_L21	gma-miR319	gma-miR319n	canonical	336	>100
gma-miR319n.v1	miR1245_R2_L21	gma-miR319	gma-miR319n	isomiR	2	2-5
gma-miR319p	miR114_R155_L21	gma-miR319	gma-miR319p	canonical	155	>100
gma-miR319p.v1	miR73_R274_L21	gma-miR319	gma-miR319p	isomiR	274	>100
gma-miR319p.v2	miR189_R77_L20	gma-miR319	gma-miR319p	isomiR	77	51-100
gma-miR319p.v3	miR679_R8_L21	gma-miR319	gma-miR319p	isomiR	8	6-10
gma-miR319q	miR16_R686_L21	gma-miR319	gma-miR319q	canonical	686	>100
gma-miR319q.v1	miR189_R77_L20	gma-miR319	gma-miR319q	isomiR	77	51-100
gma-miR319q.v2	miR798_R6_L21	gma-miR319	gma-miR319q	isomiR	6	6-10
gma-miR319q.v3	miR1263_R2_L22	gma-miR319	gma-miR319q	isomiR	2	2-5
gma-miR319q.v4	miR1391_R2_L20	gma-miR319	gma-miR319q	isomiR	2	2-5
gma-miR319r	miR94_R198_L20	gma-miR319	gma-miR319r	canonical	198	>100
gma-miR319r.v1	miR145_R119_L21	gma-miR319	gma-miR319r	isomiR	119	>100
gma-miR319r.v2	miR487_R15_L22	gma-miR319	gma-miR319r	isomiR	15	11-50
gma-miR319r.v3	miR621_R10_L21	gma-miR319	gma-miR319r	isomiR	10	6-10
gma-miR3522.v1	miR11_R707_L21	gma-miR3522	gma-miR3522	isomiR	707	>100
gma-miR3522.v2	miR1310_R2_L22	gma-miR3522	gma-miR3522	isomiR	2	2-5
gma-miR3522.v3	miR1311_R2_L20	gma-miR3522	gma-miR3522	isomiR	2	2-5
gma-miR390a-5p	miR6_R742_L21	gma-miR390	gma-miR390a	canonical	742	>100
gma-miR390a-3p.v1	miR251_R51_L21	gma-miR390	gma-miR390a	isomiR	51	51-100
gma-miR390a-5p.v1	miR1034_R4_L20	gma-miR390	gma-miR390a	isomiR	4	2-5
gma-miR390c-5p	miR6_R742_L21	gma-miR390	gma-miR390c	canonical	742	>100
gma-miR390c-5p.v1	miR1034_R4_L20	gma-miR390	gma-miR390c	isomiR	4	2-5
gma-miR390c.v1	miR251_R51_L21	gma-miR390	gma-miR390c	isomiR	51	51-100
gma-miR390e.v1	miR6_R742_L21	gma-miR390	gma-miR390e	isomiR	742	>100
gma-miR390e.v2	miR1034_R4_L20	gma-miR390	gma-miR390e	isomiR	4	2-5
gma-miR390f	miR6_R742_L21	gma-miR390	gma-miR390f	canonical	742	>100
gma-miR390f-3p	miR220_R62_L21	gma-miR390	gma-miR390f	canonical	62	51-100
gma-miR390f-3p.v1	miR1014_R4_L21	gma-miR390	gma-miR390f	isomiR	4	2-5
gma-miR390f.v1	miR1034_R4_L20	gma-miR390	gma-miR390f	isomiR	4	2-5
gma-miR390g	miR6_R742_L21	gma-miR390	gma-miR390g	canonical	742	>100
gma-miR390g-3p	miR220_R62_L21	gma-miR390	gma-miR390g	canonical	62	51-100
gma-miR390g-3p.v1	miR1014_R4_L21	gma-miR390	gma-miR390g	isomiR	4	2-5
gma-miR390g.v1	miR1034_R4_L20	gma-miR390	gma-miR390g	isomiR	4	2-5
gma-miR391-5p	miR996_R4_L22	gma-miR391	gma-miR391	canonical	4	2-5
gma-miR391-5p.v1	miR76_R271_L21	gma-miR391	gma-miR391	isomiR	271	>100
gma-miR391-5p.v2	miR297_R39_L21	gma-miR391	gma-miR391	isomiR	39	11-50
gma-miR393a	miR122_R145_L21	gma-miR393	gma-miR393a	canonical	145	>100
gma-miR393a-3p	miR191_R76_L21	gma-miR393	gma-miR393a	canonical	76	51-100
gma-miR393a-3p.v1	miR555_R12_L21	gma-miR393	gma-miR393a	isomiR	12	11-50
gma-miR393a.v1	miR95_R196_L22	gma-miR393	gma-miR393a	isomiR	196	>100
gma-miR393c-3p	miR191_R76_L21	gma-miR393	gma-miR393c	canonical	76	51-100
gma-miR393c-5p	miR95_R196_L22	gma-miR393	gma-miR393c	canonical	196	>100
gma-miR393c-3p.v1	miR555_R12_L21	gma-miR393	gma-miR393c	isomiR	12	11-50
gma-miR393c-5p.v1	miR122_R145_L21	gma-miR393	gma-miR393c	isomiR	145	>100
gma-miR393d	miR95_R196_L22	gma-miR393	gma-miR393d	canonical	196	>100
gma-miR393d-3p	miR191_R76_L21	gma-miR393	gma-miR393d	canonical	76	51-100
gma-miR393d-3p.v1	miR555_R12_L21	gma-miR393	gma-miR393d	isomiR	12	11-50
gma-miR393d.v1	miR122_R145_L21	gma-miR393	gma-miR393d	isomiR	145	>100
gma-miR393e	miR95_R196_L22	gma-miR393	gma-miR393e	canonical	196	>100
gma-miR393e-3p	miR191_R76_L21	gma-miR393	gma-miR393e	canonical	76	51-100
gma-miR393e-3p.v1	miR555_R12_L21	gma-miR393	gma-miR393e	isomiR	12	11-50
gma-miR393e.v1	miR122_R145_L21	gma-miR393	gma-miR393e	isomiR	145	>100
gma-miR393f	miR95_R196_L22	gma-miR393	gma-miR393f	canonical	196	>100
gma-miR393f-3p	miR191_R76_L21	gma-miR393	gma-miR393f	canonical	76	51-100
gma-miR393f-3p.v1	miR555_R12_L21	gma-miR393	gma-miR393f	isomiR	12	11-50
gma-miR393f.v1	miR122_R145_L21	gma-miR393	gma-miR393f	isomiR	145	>100
gma-miR393h	miR86_R220_L22	gma-miR393	gma-miR393h	canonical	220	>100
gma-miR393h-3p	miR244_R53_L21	gma-miR393	gma-miR393h	canonical	53	51-100
gma-miR393h-3p.v1	miR1460_R2_L21	gma-miR393	gma-miR393h	isomiR	2	2-5
gma-miR393h.v1	miR84_R223_L22	gma-miR393	gma-miR393h	isomiR	223	>100
gma-miR393h.v2	miR122_R145_L21	gma-miR393	gma-miR393h	isomiR	145	>100
gma-miR393h.v3	miR794_R6_L21	gma-miR393	gma-miR393h	isomiR	6	6-10
gma-miR393h.v4	miR1333_R2_L20	gma-miR393	gma-miR393h	isomiR	2	2-5
gma-miR393i	miR86_R220_L22	gma-miR393	gma-miR393i	canonical	220	>100
gma-miR393i.v1	miR84_R223_L22	gma-miR393	gma-miR393i	isomiR	223	>100
gma-miR393i.v2	miR122_R145_L21	gma-miR393	gma-miR393i	isomiR	145	>100
gma-miR393i.v3	miR794_R6_L21	gma-miR393	gma-miR393i	isomiR	6	6-10
gma-miR393i.v4	miR1333_R2_L20	gma-miR393	gma-miR393i	isomiR	2	2-5
gma-miR393j	miR86_R220_L22	gma-miR393	gma-miR393j	canonical	220	>100
gma-miR393j-3p	miR244_R53_L21	gma-miR393	gma-miR393j	canonical	53	51-100
gma-miR393j-3p.v1	miR1460_R2_L21	gma-miR393	gma-miR393j	isomiR	2	2-5
gma-miR393j.v1	miR84_R223_L22	gma-miR393	gma-miR393j	isomiR	223	>100
gma-miR393j.v2	miR122_R145_L21	gma-miR393	gma-miR393j	isomiR	145	>100
gma-miR393j.v3	miR794_R6_L21	gma-miR393	gma-miR393j	isomiR	6	6-10
gma-miR393j.v4	miR1333_R2_L20	gma-miR393	gma-miR393j	isomiR	2	2-5
gma-miR393k	miR86_R220_L22	gma-miR393	gma-miR393k	canonical	220	>100
gma-miR393k.v1	miR84_R223_L22	gma-miR393	gma-miR393k	isomiR	223	>100
gma-miR393k.v2	miR122_R145_L21	gma-miR393	gma-miR393k	isomiR	145	>100
gma-miR393k.v3	miR794_R6_L21	gma-miR393	gma-miR393k	isomiR	6	6-10
gma-miR393k.v4	miR1333_R2_L20	gma-miR393	gma-miR393k	isomiR	2	2-5
gma-miR394a-3p.v1	miR348_R29_L21	gma-miR394	gma-miR394a	isomiR	29	11-50
gma-miR394b-3p	miR432_R20_L20	gma-miR394	gma-miR394b	canonical	20	11-50
gma-miR394b-3p.v1	miR480_R16_L21	gma-miR394	gma-miR394b	isomiR	16	11-50
gma-miR394d	miR22_R605_L20	gma-miR394	gma-miR394d	canonical	605	>100
gma-miR394d.v1	miR959_R4_L21	gma-miR394	gma-miR394d	isomiR	4	2-5
gma-miR394m	miR432_R20_L20	gma-miR394	gma-miR394m	canonical	20	11-50
gma-miR394m.v1	miR480_R16_L21	gma-miR394	gma-miR394m	isomiR	16	11-50
gma-miR395a	miR183_R85_L21	gma-miR395	gma-miR395a	canonical	85	51-100
gma-miR395a.v1	miR79_R247_L21	gma-miR395	gma-miR395a	isomiR	247	>100
gma-miR395a.v2	miR332_R31_L20	gma-miR395	gma-miR395a	isomiR	31	11-50
gma-miR395b	miR183_R85_L21	gma-miR395	gma-miR395b	canonical	85	51-100
gma-miR395b.v1	miR79_R247_L21	gma-miR395	gma-miR395b	isomiR	247	>100
gma-miR395b.v2	miR332_R31_L20	gma-miR395	gma-miR395b	isomiR	31	11-50
gma-miR395c	miR183_R85_L21	gma-miR395	gma-miR395c	canonical	85	51-100
gma-miR395c.v1	miR79_R247_L21	gma-miR395	gma-miR395c	isomiR	247	>100
gma-miR395c.v2	miR332_R31_L20	gma-miR395	gma-miR395c	isomiR	31	11-50
gma-miR395i.v1	miR65_R287_L21	gma-miR395	gma-miR395i	isomiR	287	>100
gma-miR395i.v2	miR332_R31_L20	gma-miR395	gma-miR395i	isomiR	31	11-50
gma-miR395j.v1	miR65_R287_L21	gma-miR395	gma-miR395j	isomiR	287	>100
gma-miR395j.v2	miR332_R31_L20	gma-miR395	gma-miR395j	isomiR	31	11-50
gma-miR395k.v1	miR79_R247_L21	gma-miR395	gma-miR395k	isomiR	247	>100
gma-miR395k.v2	miR332_R31_L20	gma-miR395	gma-miR395k	isomiR	31	11-50
gma-miR395l.v1	miR65_R287_L21	gma-miR395	gma-miR395l	isomiR	287	>100
gma-miR395l.v2	miR332_R31_L20	gma-miR395	gma-miR395l	isomiR	31	11-50
gma-miR395m.v1	miR65_R287_L21	gma-miR395	gma-miR395m	isomiR	287	>100
gma-miR395m.v2	miR332_R31_L20	gma-miR395	gma-miR395m	isomiR	31	11-50
gma-miR395o	miR79_R247_L21	gma-miR395	gma-miR395o	canonical	247	>100
gma-miR395o.v1	miR332_R31_L20	gma-miR395	gma-miR395o	isomiR	31	11-50
gma-miR395q	miR287_R40_L21	gma-miR395	gma-miR395q	canonical	40	11-50
gma-miR395q.v1	miR332_R31_L20	gma-miR395	gma-miR395q	isomiR	31	11-50
gma-miR395r	miR65_R287_L21	gma-miR395	gma-miR395r	canonical	287	>100
gma-miR395r.v1	miR287_R40_L21	gma-miR395	gma-miR395r	isomiR	40	11-50
gma-miR395r.v2	miR332_R31_L20	gma-miR395	gma-miR395r	isomiR	31	11-50
gma-miR395u	miR190_R76_L21	gma-miR395	gma-miR395u	canonical	76	51-100
gma-miR395u.v1	miR306_R36_L21	gma-miR395	gma-miR395u	isomiR	36	11-50
gma-miR395v	miR65_R287_L21	gma-miR395	gma-miR395v	canonical	287	>100
gma-miR395v.v1	miR287_R40_L21	gma-miR395	gma-miR395v	isomiR	40	11-50
gma-miR395v.v2	miR332_R31_L20	gma-miR395	gma-miR395v	isomiR	31	11-50
gma-miR395w	miR287_R40_L21	gma-miR395	gma-miR395w	canonical	40	11-50
gma-miR395w.v1	miR332_R31_L20	gma-miR395	gma-miR395w	isomiR	31	11-50
gma-miR395x	miR65_R287_L21	gma-miR395	gma-miR395x	canonical	287	>100
gma-miR395x.v1	miR332_R31_L20	gma-miR395	gma-miR395x	isomiR	31	11-50
gma-miR396a-5p	miR28_R539_L21	gma-miR396	gma-miR396a	canonical	539	>100
gma-miR396a-3p.v1	miR124_R144_L21	gma-miR396	gma-miR396a	isomiR	144	>100
gma-miR396a-5p.v1	miR89_R212_L20	gma-miR396	gma-miR396a	isomiR	212	>100
gma-miR396b-5p	miR20_R668_L21	gma-miR396	gma-miR396b	canonical	668	>100
gma-miR396b-5p.v1	miR89_R212_L20	gma-miR396	gma-miR396b	isomiR	212	>100
gma-miR396c	miR20_R668_L21	gma-miR396	gma-miR396c	canonical	668	>100
gma-miR396c.v1	miR89_R212_L20	gma-miR396	gma-miR396c	isomiR	212	>100
gma-miR396e.v1	miR28_R539_L21	gma-miR396	gma-miR396e	isomiR	539	>100
gma-miR396e.v2	miR89_R212_L20	gma-miR396	gma-miR396e	isomiR	212	>100
gma-miR396f-5p	miR20_R668_L21	gma-miR396	gma-miR396f	canonical	668	>100
gma-miR396f-5p.v1	miR89_R212_L20	gma-miR396	gma-miR396f	isomiR	212	>100
gma-miR396h.v1	miR28_R539_L21	gma-miR396	gma-miR396h	isomiR	539	>100
gma-miR396h.v2	miR89_R212_L20	gma-miR396	gma-miR396h	isomiR	212	>100
gma-miR396i-5p	miR28_R539_L21	gma-miR396	gma-miR396i	canonical	539	>100
gma-miR396i-5p.v1	miR89_R212_L20	gma-miR396	gma-miR396i	isomiR	212	>100
gma-miR396j	miR67_R283_L21	gma-miR396	gma-miR396j	canonical	283	>100
gma-miR396j.v1	miR868_R6_L21	gma-miR396	gma-miR396j	isomiR	6	6-10
gma-miR396k-5p	miR20_R668_L21	gma-miR396	gma-miR396k	canonical	668	>100
gma-miR396k-5p.v1	miR89_R212_L20	gma-miR396	gma-miR396k	isomiR	212	>100
gma-miR396l	miR67_R283_L21	gma-miR396	gma-miR396l	canonical	283	>100
gma-miR396l.v1	miR868_R6_L21	gma-miR396	gma-miR396l	isomiR	6	6-10
gma-miR396m	miR67_R283_L21	gma-miR396	gma-miR396m	canonical	283	>100
gma-miR396m.v1	miR868_R6_L21	gma-miR396	gma-miR396m	isomiR	6	6-10
gma-miR397a	miR134_R126_L21	gma-miR397	gma-miR397a	canonical	126	>100
gma-miR397a.v1	miR106_R169_L21	gma-miR397	gma-miR397a	isomiR	169	>100
gma-miR397a.v2	miR751_R7_L20	gma-miR397	gma-miR397a	isomiR	7	6-10
gma-miR397b-3p	miR641_R9_L21	gma-miR397	gma-miR397b	canonical	9	6-10
gma-miR397b-5p	miR134_R126_L21	gma-miR397	gma-miR397b	canonical	126	>100
gma-miR397b-3p.v1	miR789_R6_L21	gma-miR397	gma-miR397b	isomiR	6	6-10
gma-miR397b-5p.v1	miR106_R169_L21	gma-miR397	gma-miR397b	isomiR	169	>100
gma-miR397b-5p.v2	miR751_R7_L20	gma-miR397	gma-miR397b	isomiR	7	6-10
gma-miR398a	miR382_R25_L21	gma-miR398	gma-miR398a	canonical	25	11-50
gma-miR398a.v1	miR35_R452_L21	gma-miR398	gma-miR398a	isomiR	452	>100
gma-miR398b-3p	miR382_R25_L21	gma-miR398	gma-miR398b	canonical	25	11-50
gma-miR398b-5p	miR92_R206_L22	gma-miR398	gma-miR398b	canonical	206	>100
gma-miR398b-3p.v1	miR35_R452_L21	gma-miR398	gma-miR398b	isomiR	452	>100
gma-miR398b-5p.v1	miR619_R10_L22	gma-miR398	gma-miR398b	isomiR	10	6-10
gma-miR398e	miR541_R13_L22	gma-miR398	gma-miR398e	canonical	13	11-50
gma-miR398e-5p	miR227_R60_L22	gma-miR398	gma-miR398e	canonical	60	51-100
gma-miR398e-5p.v1	miR706_R8_L21	gma-miR398	gma-miR398e	isomiR	8	6-10
gma-miR398e.v1	miR433_R20_L21	gma-miR398	gma-miR398e	isomiR	20	11-50
gma-miR399a-5p	miR263_R48_L21	gma-miR399	gma-miR399a	canonical	48	11-50
gma-miR399a-5p.v1	miR1071_R4_L22	gma-miR399	gma-miR399a	isomiR	4	2-5
gma-miR399c-5p	miR263_R48_L21	gma-miR399	gma-miR399c	canonical	48	11-50
gma-miR399c-5p.v1	miR1071_R4_L22	gma-miR399	gma-miR399c	isomiR	4	2-5
gma-miR399l-5p	miR671_R9_L22	gma-miR399	gma-miR399l	canonical	9	6-10
gma-miR399l-5p.v1	miR1195_R3_L21	gma-miR399	gma-miR399l	isomiR	3	2-5
gma-miR399n-5p	miR671_R9_L22	gma-miR399	gma-miR399n	canonical	9	6-10
gma-miR399n-5p.v1	miR1195_R3_L21	gma-miR399	gma-miR399n	isomiR	3	2-5
gma-miR403a	miR57_R322_L21	gma-miR403	gma-miR403a	canonical	322	>100
gma-miR403a.v1	miR638_R9_L20	gma-miR403	gma-miR403a	isomiR	9	6-10
gma-miR403b	miR57_R322_L21	gma-miR403	gma-miR403b	canonical	322	>100
gma-miR403b.v1	miR638_R9_L20	gma-miR403	gma-miR403b	isomiR	9	6-10
gma-miR408a-3p	miR5_R745_L21	gma-miR408	gma-miR408a	canonical	745	>100
gma-miR408a-3p.v1	miR484_R15_L21	gma-miR408	gma-miR408a	isomiR	15	11-50
gma-miR408b-3p	miR5_R745_L21	gma-miR408	gma-miR408b	canonical	745	>100
gma-miR408b-3p.v1	miR484_R15_L21	gma-miR408	gma-miR408b	isomiR	15	11-50
gma-miR408b-5p.v1	miR467_R17_L21	gma-miR408	gma-miR408b	isomiR	17	11-50
gma-miR408c-3p	miR5_R745_L21	gma-miR408	gma-miR408c	canonical	745	>100
gma-miR408c-3p.v1	miR484_R15_L21	gma-miR408	gma-miR408c	isomiR	15	11-50
gma-miR408d.v1	miR5_R745_L21	gma-miR408	gma-miR408d	isomiR	745	>100
gma-miR4345	miR569_R12_L22	gma-miR4345	gma-miR4345	canonical	12	11-50
gma-miR4345.v1	miR511_R14_L21	gma-miR4345	gma-miR4345	isomiR	14	11-50
gma-miR4345.v2	miR844_R6_L22	gma-miR4345	gma-miR4345	isomiR	6	6-10
gma-miR4345.v3	miR1491_R2_L24	gma-miR4345	gma-miR4345	isomiR	2	2-5
gma-miR4348i	miR1247_R2_L22	gma-miR4348	gma-miR4348i	canonical	2	2-5
gma-miR4348i.v1	miR1248_R2_L21	gma-miR4348	gma-miR4348i	isomiR	2	2-5
gma-miR4351.v1	miR610_R10_L21	gma-miR4351	gma-miR4351	isomiR	10	6-10
gma-miR4352a.v1	miR1109_R3_L21	gma-miR4352	gma-miR4352a	isomiR	3	2-5
gma-miR4366.v1	miR731_R7_L22	gma-miR4366	gma-miR4366	isomiR	7	6-10
gma-miR4397-3p	miR91_R209_L22	gma-miR4397	gma-miR4397	canonical	209	>100
gma-miR4397-3p.v1	miR1110_R3_L20	gma-miR4397	gma-miR4397	isomiR	3	2-5
gma-miR4412-5p	miR24_R598_L21	gma-miR4412	gma-miR4412	canonical	598	>100
gma-miR4412-3p.v1	miR160_R100_L21	gma-miR4412	gma-miR4412	isomiR	100	51-100
gma-miR4412-5p.v1	miR365_R27_L22	gma-miR4412	gma-miR4412	isomiR	27	11-50
gma-miR4412-5p.v2	miR880_R5_L20	gma-miR4412	gma-miR4412	isomiR	5	2-5
gma-miR4413a.v1	miR32_R482_L21	gma-miR4413	gma-miR4413a	isomiR	482	>100
gma-miR4413a.v2	miR370_R27_L22	gma-miR4413	gma-miR4413a	isomiR	27	11-50
gma-miR4413a.v3	miR562_R12_L20	gma-miR4413	gma-miR4413a	isomiR	12	11-50
gma-miR4413b	miR562_R12_L20	gma-miR4413	gma-miR4413b	canonical	12	11-50
gma-miR4413b.v1	miR1130_R3_L21	gma-miR4413	gma-miR4413b	isomiR	3	2-5
gma-miR4413b.v2	miR1583_R2_L20	gma-miR4413	gma-miR4413b	isomiR	2	2-5
gma-miR4413e	miR562_R12_L20	gma-miR4413	gma-miR4413e	canonical	12	11-50
gma-miR4413e.v1	miR32_R482_L21	gma-miR4413	gma-miR4413e	isomiR	482	>100
gma-miR4413e.v2	miR370_R27_L22	gma-miR4413	gma-miR4413e	isomiR	27	11-50
gma-miR4414a-3p.v1	miR925_R5_L21	gma-miR4414	gma-miR4414a	isomiR	5	2-5
gma-miR4414d	miR421_R21_L20	gma-miR4414	gma-miR4414d	canonical	21	11-50
gma-miR4414d.v1	miR1469_R2_L21	gma-miR4414	gma-miR4414d	isomiR	2	2-5
gma-miR4415a-3p	miR71_R276_L21	gma-miR4415	gma-miR4415a	canonical	276	>100
gma-miR4415a-3p.v1	miR426_R20_L20	gma-miR4415	gma-miR4415a	isomiR	20	11-50
gma-miR4415a-3p.v2	miR481_R16_L22	gma-miR4415	gma-miR4415a	isomiR	16	11-50
gma-miR4415b-3p	miR71_R276_L21	gma-miR4415	gma-miR4415b	canonical	276	>100
gma-miR4415b-3p.v1	miR426_R20_L20	gma-miR4415	gma-miR4415b	isomiR	20	11-50
gma-miR4415b-3p.v2	miR481_R16_L22	gma-miR4415	gma-miR4415b	isomiR	16	11-50
gma-miR4416a.v1	miR90_R211_L21	gma-miR4416	gma-miR4416a	isomiR	211	>100
gma-miR4416a.v2	miR223_R61_L21	gma-miR4416	gma-miR4416a	isomiR	61	51-100
gma-miR4416a.v3	miR490_R15_L22	gma-miR4416	gma-miR4416a	isomiR	15	11-50
gma-miR4416b	miR175_R89_L21	gma-miR4416	gma-miR4416b	canonical	89	51-100
gma-miR4416b.v1	miR250_R51_L21	gma-miR4416	gma-miR4416b	isomiR	51	51-100
gma-miR4416b.v2	miR438_R19_L22	gma-miR4416	gma-miR4416b	isomiR	19	11-50
gma-miR477c	miR741_R7_L22	gma-miR477	gma-miR477c	canonical	7	6-10
gma-miR477c.v1	miR1276_R2_L22	gma-miR477	gma-miR477c	isomiR	2	2-5
gma-miR482a-5p	miR29_R528_L21	gma-miR482	gma-miR482a	canonical	528	>100
gma-miR482a-3p.v1	miR37_R447_L22	gma-miR482	gma-miR482a	isomiR	447	>100
gma-miR482a-3p.v2	miR971_R4_L21	gma-miR482	gma-miR482a	isomiR	4	2-5
gma-miR482a-5p.v1	miR392_R25_L22	gma-miR482	gma-miR482a	isomiR	25	11-50
gma-miR482a-5p.v2	miR539_R13_L20	gma-miR482	gma-miR482a	isomiR	13	11-50
gma-miR482a-5p.v3	miR714_R8_L22	gma-miR482	gma-miR482a	isomiR	8	6-10
gma-miR482a-5p.v4	miR1558_R2_L21	gma-miR482	gma-miR482a	isomiR	2	2-5
gma-miR482b-3p	miR15_R694_L22	gma-miR482	gma-miR482b	canonical	694	>100
gma-miR482b-3p.v1	miR804_R6_L21	gma-miR482	gma-miR482b	isomiR	6	6-10
gma-miR482c-3p	miR971_R4_L21	gma-miR482	gma-miR482c	canonical	4	2-5
gma-miR482c-5p	miR96_R196_L21	gma-miR482	gma-miR482c	canonical	196	>100
gma-miR482c-3p.v1	miR37_R447_L22	gma-miR482	gma-miR482c	isomiR	447	>100
gma-miR482c-5p.v1	miR539_R13_L20	gma-miR482	gma-miR482c	isomiR	13	11-50
gma-miR482c-5p.v2	miR1558_R2_L21	gma-miR482	gma-miR482c	isomiR	2	2-5
gma-miR482d-3p	miR15_R694_L22	gma-miR482	gma-miR482d	canonical	694	>100
gma-miR482d-5p	miR525_R13_L22	gma-miR482	gma-miR482d	canonical	13	11-50
gma-miR482d-3p.v1	miR804_R6_L21	gma-miR482	gma-miR482d	isomiR	6	6-10
gma-miR482d-5p.v1	miR408_R22_L21	gma-miR482	gma-miR482d	isomiR	22	11-50
gma-miR482d-5p.v2	miR708_R8_L20	gma-miR482	gma-miR482d	isomiR	8	6-10
gma-miR482d-5p.v3	miR1557_R2_L21	gma-miR482	gma-miR482d	isomiR	2	2-5
gma-miR482e	miR408_R22_L21	gma-miR482	gma-miR482e	canonical	22	11-50
gma-miR482e.v1	miR525_R13_L22	gma-miR482	gma-miR482e	isomiR	13	11-50
gma-miR482e.v2	miR708_R8_L20	gma-miR482	gma-miR482e	isomiR	8	6-10
gma-miR4996	miR812_R6_L20	gma-miR4996	gma-miR4996	canonical	6	6-10
gma-miR4996.v1	miR14_R704_L21	gma-miR4996	gma-miR4996	isomiR	704	>100
gma-miR4996.v2	miR369_R27_L22	gma-miR4996	gma-miR4996	isomiR	27	11-50
gma-miR4996.v3	miR508_R14_L21	gma-miR4996	gma-miR4996	isomiR	14	11-50
gma-miR4996.v4	miR1587_R2_L22	gma-miR4996	gma-miR4996	isomiR	2	2-5
gma-miR5030d	miR12_R706_L20	gma-miR5030	gma-miR5030d	canonical	706	>100
gma-miR5030d.v1	miR900_R5_L21	gma-miR5030	gma-miR5030d	isomiR	5	2-5
gma-miR5037a	miR1373_R2_L22	gma-miR5037	gma-miR5037a	canonical	2	2-5
gma-miR5037a.v1	miR62_R307_L21	gma-miR5037	gma-miR5037a	isomiR	307	>100
gma-miR5037c	miR456_R18_L20	gma-miR5037	gma-miR5037c	canonical	18	11-50
gma-miR5037c.v1	miR464_R17_L21	gma-miR5037	gma-miR5037c	isomiR	17	11-50
gma-miR5037c.v2	miR938_R5_L21	gma-miR5037	gma-miR5037c	isomiR	5	2-5
gma-miR5037f	miR1373_R2_L22	gma-miR5037	gma-miR5037f	canonical	2	2-5
gma-miR5037f.v1	miR62_R307_L21	gma-miR5037	gma-miR5037f	isomiR	307	>100
gma-miR5038a	miR143_R120_L21	gma-miR5038	gma-miR5038a	canonical	120	>100
gma-miR5038a.v1	miR299_R38_L20	gma-miR5038	gma-miR5038a	isomiR	38	11-50
gma-miR5038a.v2	miR415_R22_L21	gma-miR5038	gma-miR5038a	isomiR	22	11-50
gma-miR5038a.v3	miR920_R5_L21	gma-miR5038	gma-miR5038a	isomiR	5	2-5
gma-miR5038b	miR143_R120_L21	gma-miR5038	gma-miR5038b	canonical	120	>100
gma-miR5038b.v1	miR299_R38_L20	gma-miR5038	gma-miR5038b	isomiR	38	11-50
gma-miR5038b.v2	miR415_R22_L21	gma-miR5038	gma-miR5038b	isomiR	22	11-50
gma-miR5038b.v3	miR920_R5_L21	gma-miR5038	gma-miR5038b	isomiR	5	2-5
gma-miR5038c	miR143_R120_L21	gma-miR5038	gma-miR5038c	canonical	120	>100
gma-miR5038c.v1	miR299_R38_L20	gma-miR5038	gma-miR5038c	isomiR	38	11-50
gma-miR5038c.v2	miR415_R22_L21	gma-miR5038	gma-miR5038c	isomiR	22	11-50
gma-miR5038c.v3	miR920_R5_L21	gma-miR5038	gma-miR5038c	isomiR	5	2-5
gma-miR5041-5p.v1	miR151_R107_L21	gma-miR5041	gma-miR5041	isomiR	107	>100
gma-miR5044	miR951_R5_L22	gma-miR5044	gma-miR5044	canonical	5	2-5
gma-miR5044.v1	miR1001_R4_L20	gma-miR5044	gma-miR5044	isomiR	4	2-5
gma-miR5044.v2	miR1203_R3_L21	gma-miR5044	gma-miR5044	isomiR	3	2-5
gma-miR5225-3p	miR816_R6_L21	gma-miR5225	gma-miR5225	canonical	6	6-10
gma-miR5225-3p.v1	miR890_R5_L20	gma-miR5225	gma-miR5225	isomiR	5	2-5
gma-miR530a.v1	miR107_R164_L21	gma-miR530	gma-miR530a	isomiR	164	>100
gma-miR5671a	miR77_R258_L21	gma-miR5671	gma-miR5671a	canonical	258	>100
gma-miR5671a.v1	miR748_R7_L22	gma-miR5671	gma-miR5671a	isomiR	7	6-10
gma-miR5671b-5p	miR77_R258_L21	gma-miR5671	gma-miR5671b	canonical	258	>100
gma-miR5671b-5p.v1	miR748_R7_L22	gma-miR5671	gma-miR5671b	isomiR	7	6-10
gma-miR5770a	miR50_R343_L21	gma-miR5770	gma-miR5770a	canonical	343	>100
gma-miR5770a.v1	miR130_R134_L21	gma-miR5770	gma-miR5770a	isomiR	134	>100
gma-miR5770a.v2	miR182_R86_L22	gma-miR5770	gma-miR5770a	isomiR	86	51-100
gma-miR5770a.v3	miR946_R5_L22	gma-miR5770	gma-miR5770a	isomiR	5	2-5
gma-miR5770b	miR147_R118_L21	gma-miR5770	gma-miR5770b	canonical	118	>100
gma-miR5770b.v1	miR203_R71_L21	gma-miR5770	gma-miR5770b	isomiR	71	51-100
gma-miR5770b.v2	miR866_R6_L22	gma-miR5770	gma-miR5770b	isomiR	6	6-10
gma-miR5770b.v3	miR872_R5_L21	gma-miR5770	gma-miR5770b	isomiR	5	2-5
gma-miR5770b.v4	miR1075_R3_L21	gma-miR5770	gma-miR5770b	isomiR	3	2-5
gma-miR5776	miR396_R24_L21	gma-miR5776	gma-miR5776	canonical	24	11-50
gma-miR5776.v1	miR1290_R2_L21	gma-miR5776	gma-miR5776	isomiR	2	2-5
gma-miR5786.v1	miR133_R128_L22	gma-miR5786	gma-miR5786	isomiR	128	>100
gma-miR862a-5p	miR345_R29_L21	gma-miR862	gma-miR862a	canonical	29	11-50
gma-miR862a-5p.v1	miR384_R25_L22	gma-miR862	gma-miR862a	isomiR	25	11-50
gma-miR862a-5p.v2	miR385_R25_L21	gma-miR862	gma-miR862a	isomiR	25	11-50
gma-miR862a.v1	miR224_R61_L21	gma-miR862	gma-miR862a	isomiR	61	51-100
gma-miR862a.v2	miR1005_R4_L20	gma-miR862	gma-miR862a	isomiR	4	2-5
gma-miR862b-5p	miR345_R29_L21	gma-miR862	gma-miR862b	canonical	29	11-50
gma-miR862b-5p.v1	miR384_R25_L22	gma-miR862	gma-miR862b	isomiR	25	11-50
gma-miR862b-5p.v2	miR385_R25_L21	gma-miR862	gma-miR862b	isomiR	25	11-50
gma-miR862b.v1	miR158_R102_L21	gma-miR862	gma-miR862b	isomiR	102	>100
gma-miR862b.v2	miR1005_R4_L20	gma-miR862	gma-miR862b	isomiR	4	2-5
gma-miR862b.v3	miR1296_R2_L21	gma-miR862	gma-miR862b	isomiR	2	2-5
gma-miR9724b	miR503_R14_L21	gma-miR9724	gma-miR9724b	canonical	14	11-50
gma-miR9724b.v1	miR653_R9_L22	gma-miR9724	gma-miR9724b	isomiR	9	6-10
gma-miR9724c	miR503_R14_L21	gma-miR9724	gma-miR9724c	canonical	14	11-50
gma-miR9724c.v1	miR653_R9_L22	gma-miR9724	gma-miR9724c	isomiR	9	6-10
gma-miR9725.v1	miR678_R8_L22	gma-miR9725	gma-miR9725	isomiR	8	6-10
gma-miR9738.v1	miR1566_R2_L22	gma-miR9738	gma-miR9738	isomiR	2	2-5
gma-miR9750-5p	miR837_R6_L22	gma-miR9750	gma-miR9750	canonical	6	6-10
gma-miR9750-5p.v1	miR1584_R2_L20	gma-miR9750	gma-miR9750	isomiR	2	2-5
gma-miR9755	miR582_R11_L21	gma-miR9755	gma-miR9755	canonical	11	11-50
gma-miR9755.v1	miR1510_R2_L20	gma-miR9755	gma-miR9755	isomiR	2	2-5
gma-miR9762.v1	miR342_R30_L22	gma-miR9762	gma-miR9762	isomiR	30	11-50
gma-miR9762.v2	miR1036_R4_L22	gma-miR9762	gma-miR9762	isomiR	4	2-5
gma-miR9765	miR733_R7_L22	gma-miR9765	gma-miR9765	canonical	7	6-10
gma-miR9765.v1	miR1486_R2_L21	gma-miR9765	gma-miR9765	isomiR	2	2-5
gma-miRN12254	miR598_R11_L22	gma-miRN12254	gma-miRN12254	canonical	11	11-50
gma-miRN12254.v1	miR1519_R2_L22	gma-miRN12254	gma-miRN12254	isomiR	2	2-5
gma-miRN13170c	miR123_R145_L22	gma-miRN13170	gma-miRN13170c	canonical	145	>100
gma-miRN13170c.v1	miR774_R7_L22	gma-miRN13170	gma-miRN13170c	isomiR	7	6-10
gma-miRN13170e	miR123_R145_L22	gma-miRN13170	gma-miRN13170e	canonical	145	>100
gma-miRN13170e.v1	miR774_R7_L22	gma-miRN13170	gma-miRN13170e	isomiR	7	6-10
gma-miRN13170e.v2	miR871_R5_L22	gma-miRN13170	gma-miRN13170e	isomiR	5	2-5
gma-miRN13170g	miR123_R145_L22	gma-miRN13170	gma-miRN13170g	canonical	145	>100
gma-miRN13170g.v1	miR774_R7_L22	gma-miRN13170	gma-miRN13170g	isomiR	7	6-10
gma-miRN13170g.v2	miR871_R5_L22	gma-miRN13170	gma-miRN13170g	isomiR	5	2-5
gma-miRN13170h	miR123_R145_L22	gma-miRN13170	gma-miRN13170h	canonical	145	>100
gma-miRN13170h.v1	miR871_R5_L22	gma-miRN13170	gma-miRN13170h	isomiR	5	2-5
gma-miRN13170i	miR123_R145_L22	gma-miRN13170	gma-miRN13170i	canonical	145	>100
gma-miRN13170i.v1	miR774_R7_L22	gma-miRN13170	gma-miRN13170i	isomiR	7	6-10
gma-miRN13170i.v2	miR871_R5_L22	gma-miRN13170	gma-miRN13170i	isomiR	5	2-5
gma-miRN13170k	miR123_R145_L22	gma-miRN13170	gma-miRN13170k	canonical	145	>100
gma-miRN13170k.v1	miR774_R7_L22	gma-miRN13170	gma-miRN13170k	isomiR	7	6-10
gma-miRN13170k.v2	miR871_R5_L22	gma-miRN13170	gma-miRN13170k	isomiR	5	2-5
gma-miRN13170l	miR123_R145_L22	gma-miRN13170	gma-miRN13170l	canonical	145	>100
gma-miRN13170l.v1	miR774_R7_L22	gma-miRN13170	gma-miRN13170l	isomiR	7	6-10
gma-miRN13170l.v2	miR871_R5_L22	gma-miRN13170	gma-miRN13170l	isomiR	5	2-5
gma-miRN14549	miR443_R19_L22	gma-miRN14549	gma-miRN14549	canonical	19	11-50
gma-miRN14549.v1	miR1444_R2_L22	gma-miRN14549	gma-miRN14549	isomiR	2	2-5
gma-miRN15516	miR466_R17_L20	gma-miRN15516	gma-miRN15516	canonical	17	11-50
gma-miRN15516.v1	miR736_R7_L21	gma-miRN15516	gma-miRN15516	isomiR	7	6-10
gma-miRN17447a	miR847_R6_L21	gma-miRN17447	gma-miRN17447a	canonical	6	6-10
gma-miRN17447a.v1	miR1228_R3_L22	gma-miRN17447	gma-miRN17447a	isomiR	3	2-5
gma-miRN17742a	miR604_R11_L21	gma-miRN17742	gma-miRN17742a	canonical	11	11-50
gma-miRN17742a.v1	miR1032_R4_L21	gma-miRN17742	gma-miRN17742a	isomiR	4	2-5
gma-miRN17742b	miR604_R11_L21	gma-miRN17742	gma-miRN17742b	canonical	11	11-50
gma-miRN17742b.v1	miR1032_R4_L21	gma-miRN17742	gma-miRN17742b	isomiR	4	2-5
gma-miRN17742c	miR604_R11_L21	gma-miRN17742	gma-miRN17742c	canonical	11	11-50
gma-miRN17742c.v1	miR1032_R4_L21	gma-miRN17742	gma-miRN17742c	isomiR	4	2-5
gma-miRN17742d	miR604_R11_L21	gma-miRN17742	gma-miRN17742d	canonical	11	11-50
gma-miRN17742d.v1	miR1032_R4_L21	gma-miRN17742	gma-miRN17742d	isomiR	4	2-5
gma-miRN17742e	miR604_R11_L21	gma-miRN17742	gma-miRN17742e	canonical	11	11-50
gma-miRN17742e.v1	miR1032_R4_L21	gma-miRN17742	gma-miRN17742e	isomiR	4	2-5
gma-miRN17872	miR1588_R2_L20	gma-miRN17872	gma-miRN17872	canonical	2	2-5
gma-miRN17872.v1	miR338_R31_L21	gma-miRN17872	gma-miRN17872	isomiR	31	11-50
gma-miRN18007	miR1160_R3_L20	gma-miRN18007	gma-miRN18007	canonical	3	2-5
gma-miRN18007.v1	miR954_R5_L21	gma-miRN18007	gma-miRN18007	isomiR	5	2-5
gma-miRN18146a	miR363_R27_L22	gma-miRN18146	gma-miRN18146a	canonical	27	11-50
gma-miRN18146a.v1	miR647_R9_L20	gma-miRN18146	gma-miRN18146a	isomiR	9	6-10
gma-miRN18397a	miR626_R10_L21	gma-miRN18397	gma-miRN18397a	canonical	10	6-10
gma-miRN18397a.v1	miR1073_R3_L20	gma-miRN18397	gma-miRN18397a	isomiR	3	2-5
gma-miRN18397a.v2	miR1481_R2_L21	gma-miRN18397	gma-miRN18397a	isomiR	2	2-5
gma-miRN18397a.v3	miR1442_R2_L20	gma-miRN18397	gma-miRN18397a	isomiR	2	2-5
gma-miRN18544	miR863_R6_L22	gma-miRN18544	gma-miRN18544	canonical	6	6-10
gma-miRN18544.v1	miR605_R11_L21	gma-miRN18544	gma-miRN18544	isomiR	11	11-50
gma-miRN326	miR317_R33_L21	gma-miRN326	gma-miRN326	canonical	33	11-50
gma-miRN326.v1	miR445_R19_L22	gma-miRN326	gma-miRN326	isomiR	19	11-50
gma-miRN4409a	miR635_R9_L22	gma-miRN4409	gma-miRN4409a	canonical	9	6-10
gma-miRN4409a.v1	miR1270_R2_L22	gma-miRN4409	gma-miRN4409a	isomiR	2	2-5
gma-miRN4409c	miR1266_R2_L21	gma-miRN4409	gma-miRN4409c	canonical	2	2-5
gma-miRN4409c.v1	miR1540_R2_L21	gma-miRN4409	gma-miRN4409c	isomiR	2	2-5
gma-miRN4409e	miR1266_R2_L21	gma-miRN4409	gma-miRN4409e	canonical	2	2-5
gma-miRN4409e.v1	miR1540_R2_L21	gma-miRN4409	gma-miRN4409e	isomiR	2	2-5
gma-miRN4409f	miR1266_R2_L21	gma-miRN4409	gma-miRN4409f	canonical	2	2-5
gma-miRN4409f.v1	miR1540_R2_L21	gma-miRN4409	gma-miRN4409f	isomiR	2	2-5
gma-miRN4409g	miR1266_R2_L21	gma-miRN4409	gma-miRN4409g	canonical	2	2-5
gma-miRN4409g.v1	miR1540_R2_L21	gma-miRN4409	gma-miRN4409g	isomiR	2	2-5
gma-miRN4409h	miR1266_R2_L21	gma-miRN4409	gma-miRN4409h	canonical	2	2-5
gma-miRN4409h.v1	miR1540_R2_L21	gma-miRN4409	gma-miRN4409h	isomiR	2	2-5
gma-miRN4409i	miR1266_R2_L21	gma-miRN4409	gma-miRN4409i	canonical	2	2-5
gma-miRN4409i.v1	miR1540_R2_L21	gma-miRN4409	gma-miRN4409i	isomiR	2	2-5
gma-miRN4409j	miR1266_R2_L21	gma-miRN4409	gma-miRN4409j	canonical	2	2-5
gma-miRN4409j.v1	miR1540_R2_L21	gma-miRN4409	gma-miRN4409j	isomiR	2	2-5
gma-miRN4409k	miR1266_R2_L21	gma-miRN4409	gma-miRN4409k	canonical	2	2-5
gma-miRN4409k.v1	miR1540_R2_L21	gma-miRN4409	gma-miRN4409k	isomiR	2	2-5
gma-miRN4409l	miR1266_R2_L21	gma-miRN4409	gma-miRN4409l	canonical	2	2-5
gma-miRN4409l.v1	miR1540_R2_L21	gma-miRN4409	gma-miRN4409l	isomiR	2	2-5
gma-miRN4409m	miR1266_R2_L21	gma-miRN4409	gma-miRN4409m	canonical	2	2-5
gma-miRN4409m.v1	miR1540_R2_L21	gma-miRN4409	gma-miRN4409m	isomiR	2	2-5
gma-miRN4437l	miR676_R8_L21	gma-miRN4437	gma-miRN4437l	canonical	8	6-10
gma-miRN4437l.v1	miR831_R6_L21	gma-miRN4437	gma-miRN4437l	isomiR	6	6-10
gma-miRN4440c	miR1051_R4_L21	gma-miRN4440	gma-miRN4440c	canonical	4	2-5
gma-miRN4440c.v1	miR1121_R3_L22	gma-miRN4440	gma-miRN4440c	isomiR	3	2-5
gma-miRN520a	miR100_R191_L20	gma-miRN520	gma-miRN520a	canonical	191	>100
gma-miRN520a.v1	miR159_R101_L21	gma-miRN520	gma-miRN520a	isomiR	101	>100
gma-miRN520a.v2	miR462_R17_L21	gma-miRN520	gma-miRN520a	isomiR	17	11-50
gma-miRN520a.v3	miR1417_R2_L20	gma-miRN520	gma-miRN520a	isomiR	2	2-5
gma-miRN520b	miR100_R191_L20	gma-miRN520	gma-miRN520b	canonical	191	>100
gma-miRN520b.v1	miR159_R101_L21	gma-miRN520	gma-miRN520b	isomiR	101	>100
gma-miRN520b.v2	miR462_R17_L21	gma-miRN520	gma-miRN520b	isomiR	17	11-50
gma-miRN520b.v3	miR1417_R2_L20	gma-miRN520	gma-miRN520b	isomiR	2	2-5
gma-miRN6506a	miR893_R5_L22	gma-miRN6506	gma-miRN6506a	canonical	5	2-5
gma-miRN6506a.v1	miR1400_R2_L22	gma-miRN6506	gma-miRN6506a	isomiR	2	2-5
gma-miRN6620	miR773_R7_L21	gma-miRN6620	gma-miRN6620	canonical	7	6-10
gma-miRN6620.v1	miR670_R9_L22	gma-miRN6620	gma-miRN6620	isomiR	9	6-10
gma-miRN6782	miR463_R17_L22	gma-miRN6782	gma-miRN6782	canonical	17	11-50
gma-miRN6782.v1	miR1361_R2_L21	gma-miRN6782	gma-miRN6782	isomiR	2	2-5
gma-miRN6784	miR341_R30_L22	gma-miRN6784	gma-miRN6784	canonical	30	11-50
gma-miRN6784.v1	miR1028_R4_L21	gma-miRN6784	gma-miRN6784	isomiR	4	2-5
gma-miRN6800	miR1392_R2_L21	gma-miRN6800	gma-miRN6800	canonical	2	2-5
gma-miRN6800.v1	miR1321_R2_L22	gma-miRN6800	gma-miRN6800	isomiR	2	2-5
gma-miRN9421	miR373_R26_L22	gma-miRN9421	gma-miRN9421	canonical	26	11-50
gma-miRN9421.v1	miR728_R7_L22	gma-miRN9421	gma-miRN9421	isomiR	7	6-10
gma_miRNC0002a	miR468_R17_L22	gma_miRNC0002	gma_miRNC0002a	canonical	17	11-50
gma_miRNC0002a.v1	miR1340_R2_L21	gma_miRNC0002	gma_miRNC0002a	isomiR	2	2-5
gma_miRNC0002c	miR468_R17_L22	gma_miRNC0002	gma_miRNC0002c	canonical	17	11-50
gma_miRNC0002c.v1	miR1340_R2_L21	gma_miRNC0002	gma_miRNC0002c	isomiR	2	2-5
gma_miRNC0002d	miR468_R17_L22	gma_miRNC0002	gma_miRNC0002d	canonical	17	11-50
gma_miRNC0002d.v1	miR1340_R2_L21	gma_miRNC0002	gma_miRNC0002d	isomiR	2	2-5
gma_miRNC0002g	miR468_R17_L22	gma_miRNC0002	gma_miRNC0002g	canonical	17	11-50
gma_miRNC0002g.v1	miR1340_R2_L21	gma_miRNC0002	gma_miRNC0002g	isomiR	2	2-5
gma_miRNC0006a	miR1167_R3_L21	gma_miRNC0006	gma_miRNC0006a	canonical	3	2-5
gma_miRNC0006a.v1	miR1479_R2_L20	gma_miRNC0006	gma_miRNC0006a	isomiR	2	2-5
gma_miRNC0012b	miR476_R16_L21	gma_miRNC0012	gma_miRNC0012b	canonical	16	11-50
gma_miRNC0012b.v1	miR974_R4_L21	gma_miRNC0012	gma_miRNC0012b	isomiR	4	2-5
gma_miRNC0012c	miR476_R16_L21	gma_miRNC0012	gma_miRNC0012c	canonical	16	11-50
gma_miRNC0012c.v1	miR974_R4_L21	gma_miRNC0012	gma_miRNC0012c	isomiR	4	2-5
gma_miRNC0012d	miR476_R16_L21	gma_miRNC0012	gma_miRNC0012d	canonical	16	11-50
gma_miRNC0012d.v1	miR974_R4_L21	gma_miRNC0012	gma_miRNC0012d	isomiR	4	2-5
gma_miRNC0012e	miR476_R16_L21	gma_miRNC0012	gma_miRNC0012e	canonical	16	11-50
gma_miRNC0012e.v1	miR974_R4_L21	gma_miRNC0012	gma_miRNC0012e	isomiR	4	2-5
gma_miRNC0013b	miR333_R31_L21	gma_miRNC0013	gma_miRNC0013b	canonical	31	11-50
gma_miRNC0013b.v1	miR585_R11_L20	gma_miRNC0013	gma_miRNC0013b	isomiR	11	11-50
gma_miRNC0013b.v2	miR1136_R3_L20	gma_miRNC0013	gma_miRNC0013b	isomiR	3	2-5
gma_miRNC0013d	miR333_R31_L21	gma_miRNC0013	gma_miRNC0013d	canonical	31	11-50
gma_miRNC0013d.v1	miR585_R11_L20	gma_miRNC0013	gma_miRNC0013d	isomiR	11	11-50
gma_miRNC0013d.v2	miR1136_R3_L20	gma_miRNC0013	gma_miRNC0013d	isomiR	3	2-5
gma_miRNC0017b	miR148_R115_L22	gma_miRNC0017	gma_miRNC0017b	canonical	115	>100
gma_miRNC0017b.v1	miR405_R23_L21	gma_miRNC0017	gma_miRNC0017b	isomiR	23	11-50
gma_miRNC0023a	miR628_R10_L21	gma_miRNC0023	gma_miRNC0023a	canonical	10	6-10
gma_miRNC0023a.v1	miR1586_R2_L22	gma_miRNC0023	gma_miRNC0023a	isomiR	2	2-5
gma_miRNC0023b	miR628_R10_L21	gma_miRNC0023	gma_miRNC0023b	canonical	10	6-10
gma_miRNC0023b.v1	miR1586_R2_L22	gma_miRNC0023	gma_miRNC0023b	isomiR	2	2-5
gma_miRNC0023c	miR628_R10_L21	gma_miRNC0023	gma_miRNC0023c	canonical	10	6-10
gma_miRNC0023c.v1	miR1586_R2_L22	gma_miRNC0023	gma_miRNC0023c	isomiR	2	2-5
gma_miRNC0031a	miR932_R5_L22	gma_miRNC0031	gma_miRNC0031a	canonical	5	2-5
gma_miRNC0031a.v1	miR998_R4_L22	gma_miRNC0031	gma_miRNC0031a	isomiR	4	2-5
gma_miRNC0031b	miR932_R5_L22	gma_miRNC0031	gma_miRNC0031b	canonical	5	2-5
gma_miRNC0031b.v1	miR998_R4_L22	gma_miRNC0031	gma_miRNC0031b	isomiR	4	2-5
gma_miRNC0032a	miR378_R26_L22	gma_miRNC0032	gma_miRNC0032a	canonical	26	11-50
gma_miRNC0032a.v1	miR1185_R3_L22	gma_miRNC0032	gma_miRNC0032a	isomiR	3	2-5
gma_miRNC0032c	miR378_R26_L22	gma_miRNC0032	gma_miRNC0032c	canonical	26	11-50
gma_miRNC0032c.v1	miR1185_R3_L22	gma_miRNC0032	gma_miRNC0032c	isomiR	3	2-5
gma_miRNC0036c	miR668_R9_L21	gma_miRNC0036	gma_miRNC0036c	canonical	9	6-10
gma_miRNC0036c.v1	miR839_R6_L21	gma_miRNC0036	gma_miRNC0036c	isomiR	6	6-10
gma_miRNC0039a	miR561_R12_L22	gma_miRNC0039	gma_miRNC0039a	canonical	12	11-50
gma_miRNC0039a.v1	miR1123_R3_L22	gma_miRNC0039	gma_miRNC0039a	isomiR	3	2-5
gma_miRNC0039b	miR561_R12_L22	gma_miRNC0039	gma_miRNC0039b	canonical	12	11-50
gma_miRNC0039b.v1	miR1123_R3_L22	gma_miRNC0039	gma_miRNC0039b	isomiR	3	2-5
gma_miRNC0039b.v2	miR1416_R2_L22	gma_miRNC0039	gma_miRNC0039b	isomiR	2	2-5
gma_miRNC0045a	miR709_R8_L21	gma_miRNC0045	gma_miRNC0045a	canonical	8	6-10
gma_miRNC0045a.v1	miR782_R6_L22	gma_miRNC0045	gma_miRNC0045a	isomiR	6	6-10
gma_miRNC0045b	miR709_R8_L21	gma_miRNC0045	gma_miRNC0045b	canonical	8	6-10
gma_miRNC0045b.v1	miR782_R6_L22	gma_miRNC0045	gma_miRNC0045b	isomiR	6	6-10
gma_miRNC0049c	miR654_R9_L21	gma_miRNC0049	gma_miRNC0049c	canonical	9	6-10
gma_miRNC0049c.v1	miR919_R5_L22	gma_miRNC0049	gma_miRNC0049c	isomiR	5	2-5
gma_miRNC0053a	miR257_R49_L22	gma_miRNC0053	gma_miRNC0053a	canonical	49	11-50
gma_miRNC0053a.v1	miR824_R6_L21	gma_miRNC0053	gma_miRNC0053a	isomiR	6	6-10
gma_miRNC0053b	miR257_R49_L22	gma_miRNC0053	gma_miRNC0053b	canonical	49	11-50
gma_miRNC0053b.v1	miR824_R6_L21	gma_miRNC0053	gma_miRNC0053b	isomiR	6	6-10
gma_miRNC0056a	miR475_R17_L20	gma_miRNC0056	gma_miRNC0056a	canonical	17	11-50
gma_miRNC0056a.v1	miR672_R9_L21	gma_miRNC0056	gma_miRNC0056a	isomiR	9	6-10
gma_miRNC0056b	miR475_R17_L20	gma_miRNC0056	gma_miRNC0056b	canonical	17	11-50
gma_miRNC0056b.v1	miR672_R9_L21	gma_miRNC0056	gma_miRNC0056b	isomiR	9	6-10
gma_miRNC0058a	miR848_R6_L22	gma_miRNC0058	gma_miRNC0058a	canonical	6	6-10
gma_miRNC0058a.v1	miR864_R6_L21	gma_miRNC0058	gma_miRNC0058a	isomiR	6	6-10
gma_miRNC0060a	miR516_R14_L21	gma_miRNC0060	gma_miRNC0060a	canonical	14	11-50
gma_miRNC0060a.v1	miR1070_R4_L22	gma_miRNC0060	gma_miRNC0060a	isomiR	4	2-5
gma_miRNC0060b	miR516_R14_L21	gma_miRNC0060	gma_miRNC0060b	canonical	14	11-50
gma_miRNC0060b.v1	miR1070_R4_L22	gma_miRNC0060	gma_miRNC0060b	isomiR	4	2-5
gma_miRNC0074a	miR667_R9_L21	gma_miRNC0074	gma_miRNC0074a	canonical	9	6-10
gma_miRNC0074a.v1	miR936_R5_L21	gma_miRNC0074	gma_miRNC0074a	isomiR	5	2-5
gma_miRNC0076	miR391_R25_L21	gma_miRNC0076	gma_miRNC0076	canonical	25	11-50
gma_miRNC0076.v1	miR1045_R4_L22	gma_miRNC0076	gma_miRNC0076	isomiR	4	2-5
gma_miRNC0076.v2	miR1029_R4_L21	gma_miRNC0076	gma_miRNC0076	isomiR	4	2-5
gma_miRNC0077	miR374_R26_L22	gma_miRNC0077	gma_miRNC0077	canonical	26	11-50
gma_miRNC0077.v1	miR515_R14_L22	gma_miRNC0077	gma_miRNC0077	isomiR	14	11-50
gma_miRNC0077.v2	miR549_R12_L22	gma_miRNC0077	gma_miRNC0077	isomiR	12	11-50
gma_miRNC0078b	miR499_R14_L22	gma_miRNC0078	gma_miRNC0078b	canonical	14	11-50
gma_miRNC0078b.v1	miR888_R5_L22	gma_miRNC0078	gma_miRNC0078b	isomiR	5	2-5
gma_miRNC0082	miR627_R10_L22	gma_miRNC0082	gma_miRNC0082	canonical	10	6-10
gma_miRNC0082.v1	miR1362_R2_L21	gma_miRNC0082	gma_miRNC0082	isomiR	2	2-5
gma_miRNC0082.v2	miR1354_R2_L20	gma_miRNC0082	gma_miRNC0082	isomiR	2	2-5
gma_miRNC0083	miR110_R159_L22	gma_miRNC0083	gma_miRNC0083	canonical	159	>100
gma_miRNC0083.v1	miR563_R12_L21	gma_miRNC0083	gma_miRNC0083	isomiR	12	11-50
gma_miRNC0083.v2	miR738_R7_L20	gma_miRNC0083	gma_miRNC0083	isomiR	7	6-10
gma_miRNC0084a	miR441_R19_L22	gma_miRNC0084	gma_miRNC0084a	canonical	19	11-50
gma_miRNC0084a.v1	miR903_R5_L22	gma_miRNC0084	gma_miRNC0084a	isomiR	5	2-5
gma_miRNC0093	miR1215_R3_L22	gma_miRNC0093	gma_miRNC0093	canonical	3	2-5
gma_miRNC0093.v1	miR1504_R2_L22	gma_miRNC0093	gma_miRNC0093	isomiR	2	2-5
gma_miRNC0100	miR826_R6_L22	gma_miRNC0100	gma_miRNC0100	canonical	6	6-10
gma_miRNC0100.v1	miR1420_R2_L21	gma_miRNC0100	gma_miRNC0100	isomiR	2	2-5
gma_miRNC0109	miR594_R11_L22	gma_miRNC0109	gma_miRNC0109	canonical	11	11-50
gma_miRNC0109.v1	miR1379_R2_L21	gma_miRNC0109	gma_miRNC0109	isomiR	2	2-5
gma_miRNC0115	miR595_R11_L22	gma_miRNC0115	gma_miRNC0115	canonical	11	11-50
gma_miRNC0115.v1	miR1516_R2_L21	gma_miRNC0115	gma_miRNC0115	isomiR	2	2-5
gma_miRNC0126	miR1128_R3_L21	gma_miRNC0126	gma_miRNC0126	canonical	3	2-5
gma_miRNC0126.v1	miR1487_R2_L21	gma_miRNC0126	gma_miRNC0126	isomiR	2	2-5
gma_miRNC0128	miR461_R17_L22	gma_miRNC0128	gma_miRNC0128	canonical	17	11-50
gma_miRNC0128.v1	miR779_R7_L22	gma_miRNC0128	gma_miRNC0128	isomiR	7	6-10
gma_miRNC0132	miR518_R14_L20	gma_miRNC0132	gma_miRNC0132	canonical	14	11-50
gma_miRNC0132.v1	miR1239_R3_L21	gma_miRNC0132	gma_miRNC0132	isomiR	3	2-5
gma_miRNC0137	miR202_R71_L21	gma_miRNC0137	gma_miRNC0137	canonical	71	51-100
gma_miRNC0137.v1	miR452_R18_L22	gma_miRNC0137	gma_miRNC0137	isomiR	18	11-50
gma_miRNC0141	miR303_R37_L21	gma_miRNC0141	gma_miRNC0141	canonical	37	11-50
gma_miRNC0141.v1	miR689_R8_L20	gma_miRNC0141	gma_miRNC0141	isomiR	8	6-10
gma_miRNC0145	miR486_R15_L21	gma_miRNC0145	gma_miRNC0145	canonical	15	11-50
gma_miRNC0145.v1	miR1541_R2_L22	gma_miRNC0145	gma_miRNC0145	isomiR	2	2-5
gma_miRNC0151	miR530_R13_L22	gma_miRNC0151	gma_miRNC0151	canonical	13	11-50
gma_miRNC0151.v1	miR1188_R3_L22	gma_miRNC0151	gma_miRNC0151	isomiR	3	2-5
gma_miRNC0158	miR763_R7_L20	gma_miRNC0158	gma_miRNC0158	canonical	7	6-10
gma_miRNC0158.v1	miR1041_R4_L22	gma_miRNC0158	gma_miRNC0158	isomiR	4	2-5
gma_miRNC0160	miR188_R81_L22	gma_miRNC0160	gma_miRNC0160	canonical	81	51-100
gma_miRNC0160.v1	miR792_R6_L21	gma_miRNC0160	gma_miRNC0160	isomiR	6	6-10
gma_miRNC0164	miR105_R172_L21	gma_miRNC0164	gma_miRNC0164	canonical	172	>100
gma_miRNC0164.v1	miR972_R4_L21	gma_miRNC0164	gma_miRNC0164	isomiR	4	2-5
gma_miRNC0165	miR231_R58_L22	gma_miRNC0165	gma_miRNC0165	canonical	58	51-100
gma_miRNC0165.v1	miR1066_R4_L20	gma_miRNC0165	gma_miRNC0165	isomiR	4	2-5
gma_miRNC0177	miR711_R8_L22	gma_miRNC0177	gma_miRNC0177	canonical	8	6-10
gma_miRNC0177.v1	miR1081_R3_L21	gma_miRNC0177	gma_miRNC0177	isomiR	3	2-5
gma_miRNC0179	miR1533_R2_L22	gma_miRNC0179	gma_miRNC0179	canonical	2	2-5
gma_miRNC0179.v1	miR1457_R2_L22	gma_miRNC0179	gma_miRNC0179	isomiR	2	2-5
gma_miRNC0181	miR1056_R4_L21	gma_miRNC0181	gma_miRNC0181	canonical	4	2-5
gma_miRNC0181.v1	miR1204_R3_L21	gma_miRNC0181	gma_miRNC0181	isomiR	3	2-5
gma_miRNC0183	miR845_R6_L21	gma_miRNC0183	gma_miRNC0183	canonical	6	6-10
gma_miRNC0183.v1	miR1117_R3_L20	gma_miRNC0183	gma_miRNC0183	isomiR	3	2-5
gma_miRNC0190	miR212_R67_L22	gma_miRNC0190	gma_miRNC0190	canonical	67	51-100
gma_miRNC0190.v1	miR349_R28_L21	gma_miRNC0190	gma_miRNC0190	isomiR	28	11-50
gma_miRNC0191	miR813_R6_L22	gma_miRNC0191	gma_miRNC0191	canonical	6	6-10
gma_miRNC0191.v1	miR838_R6_L21	gma_miRNC0191	gma_miRNC0191	isomiR	6	6-10
gma_miRNC0193	miR819_R6_L22	gma_miRNC0193	gma_miRNC0193	canonical	6	6-10
gma_miRNC0193.v1	miR1196_R3_L21	gma_miRNC0193	gma_miRNC0193	isomiR	3	2-5
gma_miRNC0197	miR906_R5_L21	gma_miRNC0197	gma_miRNC0197	canonical	5	2-5
gma_miRNC0197.v1	miR1205_R3_L20	gma_miRNC0197	gma_miRNC0197	isomiR	3	2-5
gma_miRNC0200	miR542_R13_L21	gma_miRNC0200	gma_miRNC0200	canonical	13	11-50
gma_miRNC0200.v1	miR1241_R3_L20	gma_miRNC0200	gma_miRNC0200	isomiR	3	2-5
gma_miRNC0201	miR519_R14_L20	gma_miRNC0201	gma_miRNC0201	canonical	14	11-50
gma_miRNC0201.v1	miR576_R12_L21	gma_miRNC0201	gma_miRNC0201	isomiR	12	11-50
gma_miRNC0204	miR765_R7_L22	gma_miRNC0204	gma_miRNC0204	canonical	7	6-10
gma_miRNC0204.v1	miR1298_R2_L21	gma_miRNC0204	gma_miRNC0204	isomiR	2	2-5
gma_miRNC0208	miR889_R5_L21	gma_miRNC0208	gma_miRNC0208	canonical	5	2-5
gma_miRNC0208.v1	miR1329_R2_L20	gma_miRNC0208	gma_miRNC0208	isomiR	2	2-5
