Family	Reported	Unreported	isomiRs	Total	isomiR_percentage
gma-miR166	6	23	59	88	67.05
gma-miR319	15	1	52	68	76.47
gma-miR169	19	12	38	69	55.07
gma-miR156	17	19	34	70	48.57
gma-miR393	10	7	28	45	62.22
gma-miR395	10	19	25	54	46.30
gma-miR164	11	14	22	47	46.81
gma-miR171	21	14	18	53	33.96
gma-miR167	8	6	17	31	54.84
gma-miR482	5	2	16	23	69.57
gma-miR396	9	4	14	27	51.85
gma-miR160	8	2	14	24	58.33
gma-miRN13170	0	11	13	24	54.17
gma-miR14645	5	10	10	25	40.00
gma-miR2111	5	6	10	21	47.62
gma-miR159	5	5	10	20	50.00
gma-miR390	5	5	10	20	50.00
gma-miR172	10	9	9	28	32.14
gma-miR5038	2	1	9	12	75.00
gma-miR862	0	2	9	11	81.82
gma-miR1507	3	2	7	12	58.33
gma-miR5770	2	3	7	12	58.33
gma-miR4413	1	3	7	11	63.64
gma-miR1510	2	0	7	9	77.78
gma-miR12410	4	13	6	23	26.09
gma-miRN17742	0	4	6	10	60.00
gma-miRN520	3	0	6	9	66.67
gma_miRNC0018	0	0	6	6	100.00
gma-miR4416	3	5	5	13	38.46
gma-miR398	6	1	5	12	41.67
gma-miR397	4	2	5	11	45.45
gma-miR408	5	1	5	11	45.45
gma-miR162	2	2	5	9	55.56
gma-miR2118	4	0	5	9	55.56
gma-miR12269	0	1	5	6	83.33
gma-miR399	18	14	4	36	11.11
gma-miR394	7	15	4	26	15.38
gma_miRNC0002	0	12	4	16	25.00
gma-miR5037	3	2	4	9	44.44
gma_miRNC0012	0	5	4	9	44.44
gma_miRNC0013	0	5	4	9	44.44
gma-miR4415	3	0	4	7	57.14
gma-miR13146	0	2	4	6	66.67
gma-miR4996	1	1	4	6	66.67
gma-miR12263	0	0	4	4	100.00
gma-miRN18397	0	0	4	4	100.00
gma-miR1509	1	4	3	8	37.50
gma-miR10421	1	3	3	7	42.86
gma-miR1512	2	2	3	7	42.86
gma-miR168	1	3	3	7	42.86
gma_miRNC0024	0	3	3	6	50.00
gma_miRNC0040	0	2	3	5	60.00
gma-miR12203	1	0	3	4	75.00
gma-miR1514	1	0	3	4	75.00
gma-miR2109	1	0	3	4	75.00
gma-miR3522	0	1	3	4	75.00
gma-miR4345	1	0	3	4	75.00
gma-miR4412	1	0	3	4	75.00
gma-miR4348	1	3	2	6	33.33
gma-miR4414	1	3	2	6	33.33
gma-miR14289	1	2	2	5	40.00
gma-miR1513	2	1	2	5	40.00
gma-miR5671	2	1	2	5	40.00
gma_miRNC0032	0	3	2	5	40.00
gma_miRNC0033	0	3	2	5	40.00
gma-miR10440	1	1	2	4	50.00
gma-miR12214	1	1	2	4	50.00
gma-miR12376	2	0	2	4	50.00
gma-miR12392	2	0	2	4	50.00
gma-miR1511	1	1	2	4	50.00
gma-miR1515	2	0	2	4	50.00
gma-miR1523	0	2	2	4	50.00
gma-miR403	2	0	2	4	50.00
gma-miR9724	1	1	2	4	50.00
gma_miRNC0046	0	2	2	4	50.00
gma_miRNC0055	0	2	2	4	50.00
gma_miRNC0058	0	2	2	4	50.00
gma_miRNC0062	0	2	2	4	50.00
gma-miR12209	0	1	2	3	66.67
gma-miR12213	1	0	2	3	66.67
gma-miR391	1	0	2	3	66.67
gma-miR5044	1	0	2	3	66.67
gma-miRN18146	0	1	2	3	66.67
gma-miRN4431	0	1	2	3	66.67
gma-miRN6506	0	1	2	3	66.67
gma_miRNC0078	0	1	2	3	66.67
gma_miRNC0079	0	1	2	3	66.67
gma_miRNC0084	0	1	2	3	66.67
gma_miRNC0085	0	1	2	3	66.67
gma-miR13877	0	0	2	2	100.00
gma-miR9762	0	0	2	2	100.00
gma-miRN17447	0	0	2	2	100.00
gma-miRN343	0	0	2	2	100.00
gma-miRN4429	0	0	2	2	100.00
gma-miRN4432	0	0	2	2	100.00
gma-miRN4434	0	0	2	2	100.00
gma-miRN4436	0	0	2	2	100.00
gma-miRN4440	0	0	2	2	100.00
gma-miRN4409	1	11	1	13	7.69
gma_miRNC0006	0	12	1	13	7.69
gma-miRN4437	5	6	1	12	8.33
gma-miR530	5	5	1	11	9.09
gma-miR4374	0	6	1	7	14.29
gma_miRNC0017	0	6	1	7	14.29
gma-miR12367	1	4	1	6	16.67
gma-miR12918	0	5	1	6	16.67
gma-miRN12739	0	4	1	5	20.00
gma_miRNC0037	0	4	1	5	20.00
gma-miR10414	1	2	1	4	25.00
gma-miR1508	2	1	1	4	25.00
gma_miRNC0050	0	3	1	4	25.00
gma_miRNC0060	0	3	1	4	25.00
gma-miR10442	1	1	1	3	33.33
gma-miR10448	0	2	1	3	33.33
gma-miR14846	0	2	1	3	33.33
gma-miR14939	1	1	1	3	33.33
gma-miR4352	0	2	1	3	33.33
gma-miR4397	1	1	1	3	33.33
gma-miR477	1	1	1	3	33.33
gma-miR5225	1	1	1	3	33.33
gma-miR5776	1	1	1	3	33.33
gma-miR9750	2	0	1	3	33.33
gma-miR9755	1	1	1	3	33.33
gma-miRN10240	0	2	1	3	33.33
gma-miRN14549	1	1	1	3	33.33
gma-miRN18007	1	1	1	3	33.33
gma-miRN6620	1	1	1	3	33.33
gma_miRNC0076	0	2	1	3	33.33
gma_miRNC0080	0	2	1	3	33.33
gma_miRNC0086	0	2	1	3	33.33
gma-miR10197	1	0	1	2	50.00
gma-miR10438	1	0	1	2	50.00
gma-miR10439	1	0	1	2	50.00
gma-miR12393	1	0	1	2	50.00
gma-miR12920	1	0	1	2	50.00
gma-miR13639	1	0	1	2	50.00
gma-miR13837	1	0	1	2	50.00
gma-miR13986	1	0	1	2	50.00
gma-miR14589	1	0	1	2	50.00
gma-miR4366	0	1	1	2	50.00
gma-miR5281	0	1	1	2	50.00
gma-miR9765	1	0	1	2	50.00
gma-miRN12254	1	0	1	2	50.00
gma-miRN12597	0	1	1	2	50.00
gma-miRN15516	1	0	1	2	50.00
gma-miRN17872	1	0	1	2	50.00
gma-miRN18544	1	0	1	2	50.00
gma-miRN326	1	0	1	2	50.00
gma-miRN346	0	1	1	2	50.00
gma-miRN6782	1	0	1	2	50.00
gma-miRN6784	1	0	1	2	50.00
gma-miRN6800	1	0	1	2	50.00
gma-miRN9421	1	0	1	2	50.00
gma_miRNC0095	0	1	1	2	50.00
gma_miRNC0102	0	1	1	2	50.00
gma_miRNC0111	0	1	1	2	50.00
gma_miRNC0117	0	1	1	2	50.00
gma_miRNC0128	0	1	1	2	50.00
gma_miRNC0130	0	1	1	2	50.00
gma_miRNC0134	0	1	1	2	50.00
gma_miRNC0139	0	1	1	2	50.00
gma_miRNC0143	0	1	1	2	50.00
gma_miRNC0147	0	1	1	2	50.00
gma_miRNC0153	0	1	1	2	50.00
gma_miRNC0160	0	1	1	2	50.00
gma_miRNC0162	0	1	1	2	50.00
gma_miRNC0166	0	1	1	2	50.00
gma_miRNC0167	0	1	1	2	50.00
gma_miRNC0179	0	1	1	2	50.00
gma_miRNC0181	0	1	1	2	50.00
gma_miRNC0183	0	1	1	2	50.00
gma_miRNC0185	0	1	1	2	50.00
gma_miRNC0192	0	1	1	2	50.00
gma_miRNC0193	0	1	1	2	50.00
gma_miRNC0195	0	1	1	2	50.00
gma_miRNC0199	0	1	1	2	50.00
gma_miRNC0202	0	1	1	2	50.00
gma_miRNC0203	0	1	1	2	50.00
gma_miRNC0206	0	1	1	2	50.00
gma_miRNC0210	0	1	1	2	50.00
gma-miR12398	0	0	1	1	100.00
gma-miR1531	0	0	1	1	100.00
gma-miR1535	0	0	1	1	100.00
gma-miR4351	0	0	1	1	100.00
gma-miR4407	0	0	1	1	100.00
gma-miR5041	0	0	1	1	100.00
gma-miR5786	0	0	1	1	100.00
gma-miR9725	0	0	1	1	100.00
gma-miR9738	0	0	1	1	100.00
gma-miRN12598	0	0	1	1	100.00
gma-miRN17437	0	0	1	1	100.00
gma-miRN17547	0	0	1	1	100.00
gma-miRN17995	0	0	1	1	100.00
gma-miRN18400	0	0	1	1	100.00
gma-miRN18413	0	0	1	1	100.00
gma-miRN18557	0	0	1	1	100.00
gma-miRN329	0	0	1	1	100.00
gma-miRN337	0	0	1	1	100.00
gma-miRN345	0	0	1	1	100.00
gma-miRN9562	0	0	1	1	100.00
gma_miRNC0370	0	0	1	1	100.00
gma_miRNC0001	0	27	0	27	0.00
gma_miRNC0003	0	15	0	15	0.00
gma_miRNC0004	0	14	0	14	0.00
gma_miRNC0005	0	14	0	14	0.00
gma_miRNC0007	0	13	0	13	0.00
gma_miRNC0008	0	13	0	13	0.00
gma_miRNC0009	0	12	0	12	0.00
gma_miRNC0010	0	10	0	10	0.00
gma-miR10424	4	5	0	9	0.00
gma_miRNC0011	0	9	0	9	0.00
gma-miR9722	1	7	0	8	0.00
gma_miRNC0014	0	8	0	8	0.00
gma_miRNC0015	0	8	0	8	0.00
gma_miRNC0016	0	8	0	8	0.00
gma-miR10193	4	3	0	7	0.00
gma-miR12208	5	2	0	7	0.00
gma-miR12377	2	5	0	7	0.00
gma-miR10198	1	5	0	6	0.00
gma-miRN15519	1	5	0	6	0.00
gma-miRN9156	1	5	0	6	0.00
gma_miRNC0019	0	6	0	6	0.00
gma_miRNC0020	0	6	0	6	0.00
gma_miRNC0021	0	6	0	6	0.00
gma_miRNC0022	0	6	0	6	0.00
gma_miRNC0023	0	6	0	6	0.00
gma-miRN9444	1	4	0	5	0.00
gma_miRNC0025	0	5	0	5	0.00
gma_miRNC0026	0	5	0	5	0.00
gma_miRNC0027	0	5	0	5	0.00
gma_miRNC0028	0	5	0	5	0.00
gma_miRNC0029	0	5	0	5	0.00
gma_miRNC0030	0	5	0	5	0.00
gma_miRNC0031	0	5	0	5	0.00
gma_miRNC0034	0	5	0	5	0.00
gma_miRNC0035	0	5	0	5	0.00
gma_miRNC0036	0	5	0	5	0.00
gma_miRNC0038	0	5	0	5	0.00
gma_miRNC0039	0	5	0	5	0.00
gma_miRNC0041	0	5	0	5	0.00
gma_miRNC0042	0	5	0	5	0.00
gma_miRNC0043	0	5	0	5	0.00
gma-miR10405	4	0	0	4	0.00
gma-miR12378	2	2	0	4	0.00
gma-miR13098	4	0	0	4	0.00
gma-miR4365	0	4	0	4	0.00
gma-miR4403	0	4	0	4	0.00
gma-miR5030	1	3	0	4	0.00
gma-miR5373	1	3	0	4	0.00
gma-miR9737	1	3	0	4	0.00
gma-miRN14984	1	3	0	4	0.00
gma-miRN17881	0	4	0	4	0.00
gma-miRN9051	1	3	0	4	0.00
gma_miRNC0044	0	4	0	4	0.00
gma_miRNC0045	0	4	0	4	0.00
gma_miRNC0047	0	4	0	4	0.00
gma_miRNC0048	0	4	0	4	0.00
gma_miRNC0049	0	4	0	4	0.00
gma_miRNC0051	0	4	0	4	0.00
gma_miRNC0052	0	4	0	4	0.00
gma_miRNC0053	0	4	0	4	0.00
gma_miRNC0054	0	4	0	4	0.00
gma_miRNC0056	0	4	0	4	0.00
gma_miRNC0057	0	4	0	4	0.00
gma_miRNC0059	0	4	0	4	0.00
gma_miRNC0061	0	4	0	4	0.00
gma_miRNC0063	0	4	0	4	0.00
gma_miRNC0064	0	4	0	4	0.00
gma-miR10437	0	3	0	3	0.00
gma-miR14797	1	2	0	3	0.00
gma-miR2119	1	2	0	3	0.00
gma-miR2606	2	1	0	3	0.00
gma-miR4387	1	2	0	3	0.00
gma-miR4994	1	2	0	3	0.00
gma-miR5042	2	1	0	3	0.00
gma-miR5761	2	1	0	3	0.00
gma-miRN12061	0	3	0	3	0.00
gma-miRN4408	2	1	0	3	0.00
gma-miRN4441	2	1	0	3	0.00
gma-miRN4442	2	1	0	3	0.00
gma_miRNC0065	0	3	0	3	0.00
gma_miRNC0066	0	3	0	3	0.00
gma_miRNC0067	0	3	0	3	0.00
gma_miRNC0068	0	3	0	3	0.00
gma_miRNC0069	0	3	0	3	0.00
gma_miRNC0070	0	3	0	3	0.00
gma_miRNC0071	0	3	0	3	0.00
gma_miRNC0072	0	3	0	3	0.00
gma_miRNC0073	0	3	0	3	0.00
gma_miRNC0074	0	3	0	3	0.00
gma_miRNC0075	0	3	0	3	0.00
gma_miRNC0077	0	3	0	3	0.00
gma_miRNC0081	0	3	0	3	0.00
gma_miRNC0082	0	3	0	3	0.00
gma_miRNC0083	0	3	0	3	0.00
gma_miRNC0087	0	3	0	3	0.00
gma_miRNC0088	0	3	0	3	0.00
gma_miRNC0089	0	3	0	3	0.00
gma-miR10447	0	2	0	2	0.00
gma-miR12336	0	2	0	2	0.00
gma-miR12370	1	1	0	2	0.00
gma-miR12382	2	0	0	2	0.00
gma-miR12411	1	1	0	2	0.00
gma-miR12418	2	0	0	2	0.00
gma-miR12653	1	1	0	2	0.00
gma-miR1446	1	1	0	2	0.00
gma-miR1516	0	2	0	2	0.00
gma-miR4382	0	2	0	2	0.00
gma-miR4392	2	0	0	2	0.00
gma-miR4997	1	1	0	2	0.00
gma-miR5034	0	2	0	2	0.00
gma-miR5374	2	0	0	2	0.00
gma-miR5376	1	1	0	2	0.00
gma-miR5677	1	1	0	2	0.00
gma-miR5762	1	1	0	2	0.00
gma-miR5767	1	1	0	2	0.00
gma-miR5783	1	1	0	2	0.00
gma-miR828	2	0	0	2	0.00
gma-miR9740	1	1	0	2	0.00
gma-miRN12163	1	1	0	2	0.00
gma-miRN12467	0	2	0	2	0.00
gma-miRN15104	1	1	0	2	0.00
gma-miRN15216	1	1	0	2	0.00
gma-miRN15221	1	1	0	2	0.00
gma-miRN15504	1	1	0	2	0.00
gma-miRN18134	1	1	0	2	0.00
gma-miRN331	1	1	0	2	0.00
gma-miRN371	1	1	0	2	0.00
gma-miRN380	1	1	0	2	0.00
gma-miRN4390	1	1	0	2	0.00
gma-miRN4393	2	0	0	2	0.00
gma-miRN4395	2	0	0	2	0.00
gma-miRN4402	2	0	0	2	0.00
gma-miRN4412	2	0	0	2	0.00
gma-miRN4417	2	0	0	2	0.00
gma-miRN4421	2	0	0	2	0.00
gma-miRN4422	1	1	0	2	0.00
gma-miRN48	1	1	0	2	0.00
gma-miRN6521	0	2	0	2	0.00
gma-miRN6736	1	1	0	2	0.00
gma-miRN9153	0	2	0	2	0.00
gma-miRN9554	1	1	0	2	0.00
gma_miRNC0090	0	2	0	2	0.00
gma_miRNC0091	0	2	0	2	0.00
gma_miRNC0092	0	2	0	2	0.00
gma_miRNC0093	0	2	0	2	0.00
gma_miRNC0094	0	2	0	2	0.00
gma_miRNC0096	0	2	0	2	0.00
gma_miRNC0097	0	2	0	2	0.00
gma_miRNC0098	0	2	0	2	0.00
gma_miRNC0099	0	2	0	2	0.00
gma_miRNC0100	0	2	0	2	0.00
gma_miRNC0101	0	2	0	2	0.00
gma_miRNC0103	0	2	0	2	0.00
gma_miRNC0104	0	2	0	2	0.00
gma_miRNC0105	0	2	0	2	0.00
gma_miRNC0106	0	2	0	2	0.00
gma_miRNC0107	0	2	0	2	0.00
gma_miRNC0108	0	2	0	2	0.00
gma_miRNC0109	0	2	0	2	0.00
gma_miRNC0110	0	2	0	2	0.00
gma_miRNC0112	0	2	0	2	0.00
gma_miRNC0113	0	2	0	2	0.00
gma_miRNC0114	0	2	0	2	0.00
gma_miRNC0115	0	2	0	2	0.00
gma_miRNC0116	0	2	0	2	0.00
gma_miRNC0118	0	2	0	2	0.00
gma_miRNC0119	0	2	0	2	0.00
gma_miRNC0120	0	2	0	2	0.00
gma_miRNC0121	0	2	0	2	0.00
gma_miRNC0122	0	2	0	2	0.00
gma_miRNC0123	0	2	0	2	0.00
gma_miRNC0124	0	2	0	2	0.00
gma_miRNC0125	0	2	0	2	0.00
gma_miRNC0126	0	2	0	2	0.00
gma_miRNC0127	0	2	0	2	0.00
gma_miRNC0129	0	2	0	2	0.00
gma_miRNC0131	0	2	0	2	0.00
gma_miRNC0132	0	2	0	2	0.00
gma_miRNC0133	0	2	0	2	0.00
gma_miRNC0135	0	2	0	2	0.00
gma_miRNC0136	0	2	0	2	0.00
gma_miRNC0137	0	2	0	2	0.00
gma_miRNC0138	0	2	0	2	0.00
gma_miRNC0140	0	2	0	2	0.00
gma_miRNC0141	0	2	0	2	0.00
gma_miRNC0142	0	2	0	2	0.00
gma_miRNC0144	0	2	0	2	0.00
gma_miRNC0145	0	2	0	2	0.00
gma_miRNC0146	0	2	0	2	0.00
gma_miRNC0148	0	2	0	2	0.00
gma_miRNC0149	0	2	0	2	0.00
gma_miRNC0150	0	2	0	2	0.00
gma_miRNC0151	0	2	0	2	0.00
gma_miRNC0152	0	2	0	2	0.00
gma_miRNC0154	0	2	0	2	0.00
gma_miRNC0155	0	2	0	2	0.00
gma_miRNC0156	0	2	0	2	0.00
gma_miRNC0157	0	2	0	2	0.00
gma_miRNC0158	0	2	0	2	0.00
gma_miRNC0159	0	2	0	2	0.00
gma_miRNC0161	0	2	0	2	0.00
gma_miRNC0163	0	2	0	2	0.00
gma_miRNC0164	0	2	0	2	0.00
gma_miRNC0165	0	2	0	2	0.00
gma_miRNC0168	0	2	0	2	0.00
gma_miRNC0169	0	2	0	2	0.00
gma_miRNC0170	0	2	0	2	0.00
gma_miRNC0171	0	2	0	2	0.00
gma_miRNC0172	0	2	0	2	0.00
gma_miRNC0173	0	2	0	2	0.00
gma_miRNC0174	0	2	0	2	0.00
gma_miRNC0175	0	2	0	2	0.00
gma_miRNC0176	0	2	0	2	0.00
gma_miRNC0177	0	2	0	2	0.00
gma_miRNC0178	0	2	0	2	0.00
gma_miRNC0180	0	2	0	2	0.00
gma_miRNC0182	0	2	0	2	0.00
gma_miRNC0184	0	2	0	2	0.00
gma_miRNC0186	0	2	0	2	0.00
gma_miRNC0187	0	2	0	2	0.00
gma_miRNC0188	0	2	0	2	0.00
gma_miRNC0189	0	2	0	2	0.00
gma_miRNC0190	0	2	0	2	0.00
gma_miRNC0191	0	2	0	2	0.00
gma_miRNC0194	0	2	0	2	0.00
gma_miRNC0196	0	2	0	2	0.00
gma_miRNC0197	0	2	0	2	0.00
gma_miRNC0198	0	2	0	2	0.00
gma_miRNC0200	0	2	0	2	0.00
gma_miRNC0201	0	2	0	2	0.00
gma_miRNC0204	0	2	0	2	0.00
gma_miRNC0205	0	2	0	2	0.00
gma_miRNC0207	0	2	0	2	0.00
gma_miRNC0208	0	2	0	2	0.00
gma_miRNC0209	0	2	0	2	0.00
gma-miR10190	1	0	0	1	0.00
gma-miR10191	0	1	0	1	0.00
gma-miR10192	1	0	0	1	0.00
gma-miR10196	1	0	0	1	0.00
gma-miR10201	1	0	0	1	0.00
gma-miR10417	0	1	0	1	0.00
gma-miR10427	0	1	0	1	0.00
gma-miR12205	1	0	0	1	0.00
gma-miR12369	1	0	0	1	0.00
gma-miR12413	1	0	0	1	0.00
gma-miR12469	1	0	0	1	0.00
gma-miR12513	0	1	0	1	0.00
gma-miR12524	1	0	0	1	0.00
gma-miR12530	1	0	0	1	0.00
gma-miR12586	1	0	0	1	0.00
gma-miR12671	1	0	0	1	0.00
gma-miR12788	1	0	0	1	0.00
gma-miR12794	1	0	0	1	0.00
gma-miR13119	1	0	0	1	0.00
gma-miR13549	1	0	0	1	0.00
gma-miR13607	1	0	0	1	0.00
gma-miR13807	1	0	0	1	0.00
gma-miR13812	1	0	0	1	0.00
gma-miR14341	0	1	0	1	0.00
gma-miR14514	1	0	0	1	0.00
gma-miR14630	1	0	0	1	0.00
gma-miR14641	1	0	0	1	0.00
gma-miR4355	1	0	0	1	0.00
gma-miR5043	1	0	0	1	0.00
gma-miR5372	1	0	0	1	0.00
gma-miR5380	0	1	0	1	0.00
gma-miR5559	1	0	0	1	0.00
gma-miR5667	1	0	0	1	0.00
gma-miR5669	1	0	0	1	0.00
gma-miR5674	0	1	0	1	0.00
gma-miR5773	1	0	0	1	0.00
gma-miR5778	1	0	0	1	0.00
gma-miR6300	0	1	0	1	0.00
gma-miR9730	0	1	0	1	0.00
gma-miR9731	1	0	0	1	0.00
gma-miR9736	1	0	0	1	0.00
gma-miR9749	1	0	0	1	0.00
gma-miR9757	1	0	0	1	0.00
gma-miR9759	1	0	0	1	0.00
gma-miR9763	1	0	0	1	0.00
gma-miRN10089	0	1	0	1	0.00
gma-miRN12256	1	0	0	1	0.00
gma-miRN12259	1	0	0	1	0.00
gma-miRN12266	1	0	0	1	0.00
gma-miRN12367	1	0	0	1	0.00
gma-miRN12593	1	0	0	1	0.00
gma-miRN14558	1	0	0	1	0.00
gma-miRN14666	0	1	0	1	0.00
gma-miRN14669	1	0	0	1	0.00
gma-miRN14673	1	0	0	1	0.00
gma-miRN14773	1	0	0	1	0.00
gma-miRN14778	1	0	0	1	0.00
gma-miRN14783	0	1	0	1	0.00
gma-miRN14876	1	0	0	1	0.00
gma-miRN14974	1	0	0	1	0.00
gma-miRN14989	1	0	0	1	0.00
gma-miRN15101	1	0	0	1	0.00
gma-miRN15228	1	0	0	1	0.00
gma-miRN15231	1	0	0	1	0.00
gma-miRN15242	1	0	0	1	0.00
gma-miRN15248	1	0	0	1	0.00
gma-miRN15358	1	0	0	1	0.00
gma-miRN15374	1	0	0	1	0.00
gma-miRN15376	1	0	0	1	0.00
gma-miRN15500	1	0	0	1	0.00
gma-miRN15655	1	0	0	1	0.00
gma-miRN17875	1	0	0	1	0.00
gma-miRN18000	1	0	0	1	0.00
gma-miRN18002	1	0	0	1	0.00
gma-miRN18142	1	0	0	1	0.00
gma-miRN18281	1	0	0	1	0.00
gma-miRN18284	1	0	0	1	0.00
gma-miRN18392	1	0	0	1	0.00
gma-miRN18407	1	0	0	1	0.00
gma-miRN18410	1	0	0	1	0.00
gma-miRN18549	1	0	0	1	0.00
gma-miRN18553	1	0	0	1	0.00
gma-miRN327	0	1	0	1	0.00
gma-miRN328	1	0	0	1	0.00
gma-miRN336	1	0	0	1	0.00
gma-miRN340	1	0	0	1	0.00
gma-miRN344	1	0	0	1	0.00
gma-miRN347	1	0	0	1	0.00
gma-miRN355	1	0	0	1	0.00
gma-miRN357	1	0	0	1	0.00
gma-miRN358	1	0	0	1	0.00
gma-miRN4410	1	0	0	1	0.00
gma-miRN4443	1	0	0	1	0.00
gma-miRN6514	1	0	0	1	0.00
gma-miRN6515	1	0	0	1	0.00
gma-miRN6518	1	0	0	1	0.00
gma-miRN6729	1	0	0	1	0.00
gma-miRN6734	1	0	0	1	0.00
gma-miRN6797	1	0	0	1	0.00
gma-miRN6914	1	0	0	1	0.00
gma-miRN6922	1	0	0	1	0.00
gma-miRN6925	1	0	0	1	0.00
gma-miRN7040	1	0	0	1	0.00
gma-miRN9157	1	0	0	1	0.00
gma-miRN9167	1	0	0	1	0.00
gma-miRN9303	1	0	0	1	0.00
gma-miRN9305	1	0	0	1	0.00
gma-miRN9311	1	0	0	1	0.00
gma-miRN9417	1	0	0	1	0.00
gma-miRN9422	1	0	0	1	0.00
gma_miRNC0211	0	1	0	1	0.00
gma_miRNC0212	0	1	0	1	0.00
gma_miRNC0213	0	1	0	1	0.00
gma_miRNC0214	0	1	0	1	0.00
gma_miRNC0215	0	1	0	1	0.00
gma_miRNC0216	0	1	0	1	0.00
gma_miRNC0217	0	1	0	1	0.00
gma_miRNC0218	0	1	0	1	0.00
gma_miRNC0219	0	1	0	1	0.00
gma_miRNC0220	0	1	0	1	0.00
gma_miRNC0221	0	1	0	1	0.00
gma_miRNC0222	0	1	0	1	0.00
gma_miRNC0223	0	1	0	1	0.00
gma_miRNC0224	0	1	0	1	0.00
gma_miRNC0225	0	1	0	1	0.00
gma_miRNC0226	0	1	0	1	0.00
gma_miRNC0227	0	1	0	1	0.00
gma_miRNC0228	0	1	0	1	0.00
gma_miRNC0229	0	1	0	1	0.00
gma_miRNC0230	0	1	0	1	0.00
gma_miRNC0231	0	1	0	1	0.00
gma_miRNC0232	0	1	0	1	0.00
gma_miRNC0233	0	1	0	1	0.00
gma_miRNC0234	0	1	0	1	0.00
gma_miRNC0235	0	1	0	1	0.00
gma_miRNC0236	0	1	0	1	0.00
gma_miRNC0237	0	1	0	1	0.00
gma_miRNC0238	0	1	0	1	0.00
gma_miRNC0239	0	1	0	1	0.00
gma_miRNC0240	0	1	0	1	0.00
gma_miRNC0241	0	1	0	1	0.00
gma_miRNC0242	0	1	0	1	0.00
gma_miRNC0243	0	1	0	1	0.00
gma_miRNC0244	0	1	0	1	0.00
gma_miRNC0245	0	1	0	1	0.00
gma_miRNC0246	0	1	0	1	0.00
gma_miRNC0247	0	1	0	1	0.00
gma_miRNC0248	0	1	0	1	0.00
gma_miRNC0249	0	1	0	1	0.00
gma_miRNC0250	0	1	0	1	0.00
gma_miRNC0251	0	1	0	1	0.00
gma_miRNC0252	0	1	0	1	0.00
gma_miRNC0253	0	1	0	1	0.00
gma_miRNC0254	0	1	0	1	0.00
gma_miRNC0255	0	1	0	1	0.00
gma_miRNC0256	0	1	0	1	0.00
gma_miRNC0257	0	1	0	1	0.00
gma_miRNC0258	0	1	0	1	0.00
gma_miRNC0259	0	1	0	1	0.00
gma_miRNC0260	0	1	0	1	0.00
gma_miRNC0261	0	1	0	1	0.00
gma_miRNC0262	0	1	0	1	0.00
gma_miRNC0263	0	1	0	1	0.00
gma_miRNC0264	0	1	0	1	0.00
gma_miRNC0265	0	1	0	1	0.00
gma_miRNC0266	0	1	0	1	0.00
gma_miRNC0267	0	1	0	1	0.00
gma_miRNC0268	0	1	0	1	0.00
gma_miRNC0269	0	1	0	1	0.00
gma_miRNC0270	0	1	0	1	0.00
gma_miRNC0271	0	1	0	1	0.00
gma_miRNC0272	0	1	0	1	0.00
gma_miRNC0273	0	1	0	1	0.00
gma_miRNC0274	0	1	0	1	0.00
gma_miRNC0275	0	1	0	1	0.00
gma_miRNC0276	0	1	0	1	0.00
gma_miRNC0277	0	1	0	1	0.00
gma_miRNC0278	0	1	0	1	0.00
gma_miRNC0279	0	1	0	1	0.00
gma_miRNC0280	0	1	0	1	0.00
gma_miRNC0281	0	1	0	1	0.00
gma_miRNC0282	0	1	0	1	0.00
gma_miRNC0283	0	1	0	1	0.00
gma_miRNC0284	0	1	0	1	0.00
gma_miRNC0285	0	1	0	1	0.00
gma_miRNC0286	0	1	0	1	0.00
gma_miRNC0287	0	1	0	1	0.00
gma_miRNC0288	0	1	0	1	0.00
gma_miRNC0289	0	1	0	1	0.00
gma_miRNC0290	0	1	0	1	0.00
gma_miRNC0291	0	1	0	1	0.00
gma_miRNC0292	0	1	0	1	0.00
gma_miRNC0293	0	1	0	1	0.00
gma_miRNC0294	0	1	0	1	0.00
gma_miRNC0295	0	1	0	1	0.00
gma_miRNC0296	0	1	0	1	0.00
gma_miRNC0297	0	1	0	1	0.00
gma_miRNC0298	0	1	0	1	0.00
gma_miRNC0299	0	1	0	1	0.00
gma_miRNC0300	0	1	0	1	0.00
gma_miRNC0301	0	1	0	1	0.00
gma_miRNC0302	0	1	0	1	0.00
gma_miRNC0303	0	1	0	1	0.00
gma_miRNC0304	0	1	0	1	0.00
gma_miRNC0305	0	1	0	1	0.00
gma_miRNC0306	0	1	0	1	0.00
gma_miRNC0307	0	1	0	1	0.00
gma_miRNC0308	0	1	0	1	0.00
gma_miRNC0309	0	1	0	1	0.00
gma_miRNC0310	0	1	0	1	0.00
gma_miRNC0311	0	1	0	1	0.00
gma_miRNC0312	0	1	0	1	0.00
gma_miRNC0313	0	1	0	1	0.00
gma_miRNC0314	0	1	0	1	0.00
gma_miRNC0315	0	1	0	1	0.00
gma_miRNC0316	0	1	0	1	0.00
gma_miRNC0317	0	1	0	1	0.00
gma_miRNC0318	0	1	0	1	0.00
gma_miRNC0319	0	1	0	1	0.00
gma_miRNC0320	0	1	0	1	0.00
gma_miRNC0321	0	1	0	1	0.00
gma_miRNC0322	0	1	0	1	0.00
gma_miRNC0323	0	1	0	1	0.00
gma_miRNC0324	0	1	0	1	0.00
gma_miRNC0325	0	1	0	1	0.00
gma_miRNC0326	0	1	0	1	0.00
gma_miRNC0327	0	1	0	1	0.00
gma_miRNC0328	0	1	0	1	0.00
gma_miRNC0329	0	1	0	1	0.00
gma_miRNC0330	0	1	0	1	0.00
gma_miRNC0331	0	1	0	1	0.00
gma_miRNC0332	0	1	0	1	0.00
gma_miRNC0333	0	1	0	1	0.00
gma_miRNC0334	0	1	0	1	0.00
gma_miRNC0335	0	1	0	1	0.00
gma_miRNC0336	0	1	0	1	0.00
gma_miRNC0337	0	1	0	1	0.00
gma_miRNC0338	0	1	0	1	0.00
gma_miRNC0339	0	1	0	1	0.00
gma_miRNC0340	0	1	0	1	0.00
gma_miRNC0341	0	1	0	1	0.00
gma_miRNC0342	0	1	0	1	0.00
gma_miRNC0343	0	1	0	1	0.00
gma_miRNC0344	0	1	0	1	0.00
gma_miRNC0345	0	1	0	1	0.00
gma_miRNC0346	0	1	0	1	0.00
gma_miRNC0347	0	1	0	1	0.00
gma_miRNC0348	0	1	0	1	0.00
gma_miRNC0349	0	1	0	1	0.00
gma_miRNC0350	0	1	0	1	0.00
gma_miRNC0351	0	1	0	1	0.00
gma_miRNC0352	0	1	0	1	0.00
gma_miRNC0353	0	1	0	1	0.00
gma_miRNC0354	0	1	0	1	0.00
gma_miRNC0355	0	1	0	1	0.00
gma_miRNC0356	0	1	0	1	0.00
gma_miRNC0357	0	1	0	1	0.00
gma_miRNC0358	0	1	0	1	0.00
gma_miRNC0359	0	1	0	1	0.00
gma_miRNC0360	0	1	0	1	0.00
gma_miRNC0361	0	1	0	1	0.00
gma_miRNC0362	0	1	0	1	0.00
gma_miRNC0363	0	1	0	1	0.00
gma_miRNC0364	0	1	0	1	0.00
gma_miRNC0365	0	1	0	1	0.00
gma_miRNC0366	0	1	0	1	0.00
gma_miRNC0367	0	1	0	1	0.00
gma_miRNC0368	0	1	0	1	0.00
gma_miRNC0369	0	1	0	1	0.00
gma_miRNC0371	0	1	0	1	0.00
gma_miRNC0372	0	1	0	1	0.00
gma_miRNC0373	0	1	0	1	0.00
gma_miRNC0374	0	1	0	1	0.00
gma_miRNC0375	0	1	0	1	0.00
gma_miRNC0376	0	1	0	1	0.00
gma_miRNC0377	0	1	0	1	0.00
gma_miRNC0378	0	1	0	1	0.00
gma_miRNC0379	0	1	0	1	0.00
gma_miRNC0380	0	1	0	1	0.00
gma_miRNC0381	0	1	0	1	0.00
gma_miRNC0382	0	1	0	1	0.00
gma_miRNC0383	0	1	0	1	0.00
gma_miRNC0384	0	1	0	1	0.00
gma_miRNC0385	0	1	0	1	0.00
gma_miRNC0386	0	1	0	1	0.00
gma_miRNC0387	0	1	0	1	0.00
gma_miRNC0388	0	1	0	1	0.00
gma_miRNC0389	0	1	0	1	0.00
gma_miRNC0390	0	1	0	1	0.00
gma_miRNC0391	0	1	0	1	0.00
gma_miRNC0392	0	1	0	1	0.00
gma_miRNC0393	0	1	0	1	0.00
gma_miRNC0394	0	1	0	1	0.00
gma_miRNC0395	0	1	0	1	0.00
gma_miRNC0396	0	1	0	1	0.00
gma_miRNC0397	0	1	0	1	0.00
gma_miRNC0398	0	1	0	1	0.00
gma_miRNC0399	0	1	0	1	0.00
gma_miRNC0400	0	1	0	1	0.00
gma_miRNC0401	0	1	0	1	0.00
gma_miRNC0402	0	1	0	1	0.00
gma_miRNC0403	0	1	0	1	0.00
gma_miRNC0404	0	1	0	1	0.00
gma_miRNC0405	0	1	0	1	0.00
gma_miRNC0406	0	1	0	1	0.00
gma_miRNC0407	0	1	0	1	0.00
gma_miRNC0408	0	1	0	1	0.00
gma_miRNC0409	0	1	0	1	0.00
gma_miRNC0410	0	1	0	1	0.00
gma_miRNC0411	0	1	0	1	0.00
gma_miRNC0412	0	1	0	1	0.00
gma_miRNC0413	0	1	0	1	0.00
gma_miRNC0414	0	1	0	1	0.00
gma_miRNC0415	0	1	0	1	0.00
gma_miRNC0416	0	1	0	1	0.00
gma_miRNC0417	0	1	0	1	0.00
gma_miRNC0418	0	1	0	1	0.00
gma_miRNC0419	0	1	0	1	0.00
gma_miRNC0420	0	1	0	1	0.00
gma_miRNC0421	0	1	0	1	0.00
gma_miRNC0422	0	1	0	1	0.00
gma_miRNC0423	0	1	0	1	0.00
gma_miRNC0424	0	1	0	1	0.00
gma_miRNC0425	0	1	0	1	0.00
gma_miRNC0426	0	1	0	1	0.00
gma_miRNC0427	0	1	0	1	0.00
gma_miRNC0428	0	1	0	1	0.00
gma_miRNC0429	0	1	0	1	0.00
gma_miRNC0430	0	1	0	1	0.00
gma_miRNC0431	0	1	0	1	0.00
gma_miRNC0432	0	1	0	1	0.00
gma_miRNC0433	0	1	0	1	0.00
gma_miRNC0434	0	1	0	1	0.00
gma_miRNC0435	0	1	0	1	0.00
gma_miRNC0436	0	1	0	1	0.00
gma_miRNC0437	0	1	0	1	0.00
gma_miRNC0438	0	1	0	1	0.00
gma_miRNC0439	0	1	0	1	0.00
gma_miRNC0440	0	1	0	1	0.00
gma_miRNC0441	0	1	0	1	0.00
gma_miRNC0442	0	1	0	1	0.00
gma_miRNC0443	0	1	0	1	0.00
gma_miRNC0444	0	1	0	1	0.00
gma_miRNC0445	0	1	0	1	0.00
gma_miRNC0446	0	1	0	1	0.00
gma_miRNC0447	0	1	0	1	0.00
gma_miRNC0448	0	1	0	1	0.00
gma_miRNC0449	0	1	0	1	0.00
gma_miRNC0450	0	1	0	1	0.00
gma_miRNC0451	0	1	0	1	0.00
gma_miRNC0452	0	1	0	1	0.00
gma_miRNC0453	0	1	0	1	0.00
gma_miRNC0454	0	1	0	1	0.00
gma_miRNC0455	0	1	0	1	0.00
gma_miRNC0456	0	1	0	1	0.00
gma_miRNC0457	0	1	0	1	0.00
gma_miRNC0458	0	1	0	1	0.00
gma_miRNC0459	0	1	0	1	0.00
gma_miRNC0460	0	1	0	1	0.00
gma_miRNC0461	0	1	0	1	0.00
gma_miRNC0462	0	1	0	1	0.00
gma_miRNC0463	0	1	0	1	0.00
gma_miRNC0464	0	1	0	1	0.00
gma_miRNC0465	0	1	0	1	0.00
gma_miRNC0466	0	1	0	1	0.00
gma_miRNC0467	0	1	0	1	0.00
gma_miRNC0468	0	1	0	1	0.00
gma_miRNC0469	0	1	0	1	0.00
gma_miRNC0470	0	1	0	1	0.00
gma_miRNC0471	0	1	0	1	0.00
gma_miRNC0472	0	1	0	1	0.00
gma_miRNC0473	0	1	0	1	0.00
gma_miRNC0474	0	1	0	1	0.00
gma_miRNC0475	0	1	0	1	0.00
gma_miRNC0476	0	1	0	1	0.00
gma_miRNC0477	0	1	0	1	0.00
gma_miRNC0478	0	1	0	1	0.00
gma_miRNC0479	0	1	0	1	0.00
gma_miRNC0480	0	1	0	1	0.00
gma_miRNC0481	0	1	0	1	0.00
gma_miRNC0482	0	1	0	1	0.00
gma_miRNC0483	0	1	0	1	0.00
gma_miRNC0484	0	1	0	1	0.00
gma_miRNC0485	0	1	0	1	0.00
gma_miRNC0486	0	1	0	1	0.00
gma_miRNC0487	0	1	0	1	0.00
gma_miRNC0488	0	1	0	1	0.00
gma_miRNC0489	0	1	0	1	0.00
gma_miRNC0490	0	1	0	1	0.00
gma_miRNC0491	0	1	0	1	0.00
gma_miRNC0492	0	1	0	1	0.00
gma_miRNC0493	0	1	0	1	0.00
gma_miRNC0494	0	1	0	1	0.00
gma_miRNC0495	0	1	0	1	0.00
gma_miRNC0496	0	1	0	1	0.00
gma_miRNC0497	0	1	0	1	0.00
gma_miRNC0498	0	1	0	1	0.00
gma_miRNC0499	0	1	0	1	0.00
gma_miRNC0500	0	1	0	1	0.00
gma_miRNC0501	0	1	0	1	0.00
gma_miRNC0502	0	1	0	1	0.00
gma_miRNC0503	0	1	0	1	0.00
gma_miRNC0504	0	1	0	1	0.00
gma_miRNC0505	0	1	0	1	0.00
gma_miRNC0506	0	1	0	1	0.00
gma_miRNC0507	0	1	0	1	0.00
gma_miRNC0508	0	1	0	1	0.00
gma_miRNC0509	0	1	0	1	0.00
gma_miRNC0510	0	1	0	1	0.00
gma_miRNC0511	0	1	0	1	0.00
gma_miRNC0512	0	1	0	1	0.00
gma_miRNC0513	0	1	0	1	0.00
gma_miRNC0514	0	1	0	1	0.00
gma_miRNC0515	0	1	0	1	0.00
gma_miRNC0516	0	1	0	1	0.00
gma_miRNC0517	0	1	0	1	0.00
gma_miRNC0518	0	1	0	1	0.00
gma_miRNC0519	0	1	0	1	0.00
gma_miRNC0520	0	1	0	1	0.00
gma_miRNC0521	0	1	0	1	0.00
gma_miRNC0522	0	1	0	1	0.00
gma_miRNC0523	0	1	0	1	0.00
gma_miRNC0524	0	1	0	1	0.00
gma_miRNC0525	0	1	0	1	0.00
gma_miRNC0526	0	1	0	1	0.00
gma_miRNC0527	0	1	0	1	0.00
gma_miRNC0528	0	1	0	1	0.00
gma_miRNC0529	0	1	0	1	0.00
gma_miRNC0530	0	1	0	1	0.00
gma_miRNC0531	0	1	0	1	0.00
gma_miRNC0532	0	1	0	1	0.00
gma_miRNC0533	0	1	0	1	0.00
gma_miRNC0534	0	1	0	1	0.00
gma_miRNC0535	0	1	0	1	0.00
gma_miRNC0536	0	1	0	1	0.00
gma_miRNC0537	0	1	0	1	0.00
gma_miRNC0538	0	1	0	1	0.00
gma_miRNC0539	0	1	0	1	0.00
gma_miRNC0540	0	1	0	1	0.00
gma_miRNC0541	0	1	0	1	0.00
gma_miRNC0542	0	1	0	1	0.00
gma_miRNC0543	0	1	0	1	0.00
gma_miRNC0544	0	1	0	1	0.00
gma_miRNC0545	0	1	0	1	0.00
gma_miRNC0546	0	1	0	1	0.00
gma_miRNC0547	0	1	0	1	0.00
gma_miRNC0548	0	1	0	1	0.00
gma_miRNC0549	0	1	0	1	0.00
gma_miRNC0550	0	1	0	1	0.00
gma_miRNC0551	0	1	0	1	0.00
gma_miRNC0552	0	1	0	1	0.00
gma_miRNC0553	0	1	0	1	0.00
gma_miRNC0554	0	1	0	1	0.00
gma_miRNC0555	0	1	0	1	0.00
gma_miRNC0556	0	1	0	1	0.00
gma_miRNC0557	0	1	0	1	0.00
gma_miRNC0558	0	1	0	1	0.00
gma_miRNC0559	0	1	0	1	0.00
gma_miRNC0560	0	1	0	1	0.00
gma_miRNC0561	0	1	0	1	0.00
gma_miRNC0562	0	1	0	1	0.00
gma_miRNC0563	0	1	0	1	0.00
gma_miRNC0564	0	1	0	1	0.00
gma_miRNC0565	0	1	0	1	0.00
gma_miRNC0566	0	1	0	1	0.00
gma_miRNC0567	0	1	0	1	0.00
gma_miRNC0568	0	1	0	1	0.00
gma_miRNC0569	0	1	0	1	0.00
gma_miRNC0570	0	1	0	1	0.00
gma_miRNC0571	0	1	0	1	0.00
gma_miRNC0572	0	1	0	1	0.00
gma_miRNC0573	0	1	0	1	0.00
gma_miRNC0574	0	1	0	1	0.00
gma_miRNC0575	0	1	0	1	0.00
gma_miRNC0576	0	1	0	1	0.00
gma_miRNC0577	0	1	0	1	0.00
gma_miRNC0578	0	1	0	1	0.00
gma_miRNC0579	0	1	0	1	0.00
gma_miRNC0580	0	1	0	1	0.00
gma_miRNC0581	0	1	0	1	0.00
gma_miRNC0582	0	1	0	1	0.00
gma_miRNC0583	0	1	0	1	0.00
gma_miRNC0584	0	1	0	1	0.00
gma_miRNC0585	0	1	0	1	0.00
gma_miRNC0586	0	1	0	1	0.00
gma_miRNC0587	0	1	0	1	0.00
gma_miRNC0588	0	1	0	1	0.00
gma_miRNC0589	0	1	0	1	0.00
gma_miRNC0590	0	1	0	1	0.00
gma_miRNC0591	0	1	0	1	0.00
gma_miRNC0592	0	1	0	1	0.00
gma_miRNC0593	0	1	0	1	0.00
