Cluster_ID	Cluster_Size	Representative	Seq-ID	Is_Representative
0	1	miR740_R7_L24	miR740_R7_L24	yes
1	1	miR983_R4_L24	miR983_R4_L24	yes
2	1	miR1320_R2_L24	miR1320_R2_L24	yes
3	4	miR1491_R2_L24	miR511_R14_L21	no
3	4	miR1491_R2_L24	miR569_R12_L22	no
3	4	miR1491_R2_L24	miR844_R6_L22	no
3	4	miR1491_R2_L24	miR1491_R2_L24	yes
4	1	miR1498_R2_L24	miR1498_R2_L24	yes
5	4	miR383_R25_L23	miR66_R283_L22	no
5	4	miR383_R25_L23	miR383_R25_L23	yes
5	4	miR383_R25_L23	miR915_R5_L21	no
5	4	miR383_R25_L23	miR1104_R3_L21	no
6	20	miR448_R18_L23	miR85_R222_L21	no
6	20	miR448_R18_L23	miR108_R161_L21	no
6	20	miR448_R18_L23	miR131_R130_L21	no
6	20	miR448_R18_L23	miR132_R129_L21	no
6	20	miR448_R18_L23	miR137_R124_L21	no
6	20	miR448_R18_L23	miR163_R99_L22	no
6	20	miR448_R18_L23	miR170_R95_L21	no
6	20	miR448_R18_L23	miR174_R90_L20	no
6	20	miR448_R18_L23	miR178_R88_L21	no
6	20	miR448_R18_L23	miR216_R64_L21	no
6	20	miR448_R18_L23	miR221_R62_L21	no
6	20	miR448_R18_L23	miR232_R58_L21	no
6	20	miR448_R18_L23	miR360_R27_L20	no
6	20	miR448_R18_L23	miR431_R20_L22	no
6	20	miR448_R18_L23	miR448_R18_L23	yes
6	20	miR448_R18_L23	miR551_R12_L22	no
6	20	miR448_R18_L23	miR982_R4_L22	no
6	20	miR448_R18_L23	miR1181_R3_L20	no
6	20	miR448_R18_L23	miR1307_R2_L23	no
6	20	miR448_R18_L23	miR1308_R2_L21	no
7	7	miR529_R13_L23	miR63_R300_L21	no
7	7	miR529_R13_L23	miR128_R135_L22	no
7	7	miR529_R13_L23	miR142_R121_L21	no
7	7	miR529_R13_L23	miR271_R44_L22	no
7	7	miR529_R13_L23	miR523_R13_L21	no
7	7	miR529_R13_L23	miR524_R13_L20	no
7	7	miR529_R13_L23	miR529_R13_L23	yes
8	4	miR1062_R4_L23	miR18_R676_L22	no
8	4	miR1062_R4_L23	miR861_R6_L20	no
8	4	miR1062_R4_L23	miR1062_R4_L23	yes
8	4	miR1062_R4_L23	miR1560_R2_L21	no
9	1	miR1222_R3_L23	miR1222_R3_L23	yes
10	1	miR1368_R2_L23	miR1368_R2_L23	yes
11	4	miR2_R756_L22	miR2_R756_L22	yes
11	4	miR2_R756_L22	miR37_R447_L22	no
11	4	miR2_R756_L22	miR381_R25_L21	no
11	4	miR2_R756_L22	miR971_R4_L21	no
12	6	miR3_R751_L22	miR3_R751_L22	yes
12	6	miR3_R751_L22	miR42_R402_L22	no
12	6	miR3_R751_L22	miR294_R39_L20	no
12	6	miR3_R751_L22	miR762_R7_L21	no
12	6	miR3_R751_L22	miR797_R6_L21	no
12	6	miR3_R751_L22	miR1281_R2_L22	no
13	4	miR9_R713_L22	miR9_R713_L22	yes
13	4	miR9_R713_L22	miR51_R340_L22	no
13	4	miR9_R713_L22	miR201_R72_L21	no
13	4	miR9_R713_L22	miR596_R11_L21	no
14	3	miR15_R694_L22	miR15_R694_L22	yes
14	3	miR15_R694_L22	miR804_R6_L21	no
14	3	miR15_R694_L22	miR1557_R2_L21	no
15	25	miR23_R599_L22	miR16_R686_L21	no
15	25	miR23_R599_L22	miR23_R599_L22	yes
15	25	miR23_R599_L22	miR27_R544_L20	no
15	25	miR23_R599_L22	miR52_R336_L21	no
15	25	miR23_R599_L22	miR73_R274_L21	no
15	25	miR23_R599_L22	miR114_R155_L21	no
15	25	miR23_R599_L22	miR127_R137_L21	no
15	25	miR23_R599_L22	miR145_R119_L21	no
15	25	miR23_R599_L22	miR189_R77_L20	no
15	25	miR23_R599_L22	miR210_R68_L22	no
15	25	miR23_R599_L22	miR420_R21_L20	no
15	25	miR23_R599_L22	miR487_R15_L22	no
15	25	miR23_R599_L22	miR522_R13_L20	no
15	25	miR23_R599_L22	miR580_R11_L22	no
15	25	miR23_R599_L22	miR634_R9_L20	no
15	25	miR23_R599_L22	miR679_R8_L21	no
15	25	miR23_R599_L22	miR698_R8_L21	no
15	25	miR23_R599_L22	miR726_R7_L21	no
15	25	miR23_R599_L22	miR750_R7_L21	no
15	25	miR23_R599_L22	miR820_R6_L21	no
15	25	miR23_R599_L22	miR921_R5_L21	no
15	25	miR23_R599_L22	miR1169_R3_L21	no
15	25	miR23_R599_L22	miR1263_R2_L22	no
15	25	miR23_R599_L22	miR1390_R2_L22	no
15	25	miR23_R599_L22	miR1391_R2_L20	no
16	2	miR36_R451_L22	miR36_R451_L22	yes
16	2	miR36_R451_L22	miR215_R64_L21	no
17	2	miR38_R445_L22	miR38_R445_L22	yes
17	2	miR38_R445_L22	miR579_R11_L22	no
18	16	miR39_R433_L22	miR1_R795_L21	no
18	16	miR39_R433_L22	miR17_R685_L21	no
18	16	miR39_R433_L22	miR39_R433_L22	yes
18	16	miR39_R433_L22	miR87_R214_L22	no
18	16	miR39_R433_L22	miR126_R138_L21	no
18	16	miR39_R433_L22	miR138_R123_L21	no
18	16	miR39_R433_L22	miR198_R73_L21	no
18	16	miR39_R433_L22	miR256_R49_L21	no
18	16	miR39_R433_L22	miR290_R40_L21	no
18	16	miR39_R433_L22	miR344_R29_L22	no
18	16	miR39_R433_L22	miR734_R7_L21	no
18	16	miR39_R433_L22	miR815_R6_L22	no
18	16	miR39_R433_L22	miR976_R4_L21	no
18	16	miR39_R433_L22	miR1327_R2_L21	no
18	16	miR39_R433_L22	miR1397_R2_L22	no
18	16	miR39_R433_L22	miR1415_R2_L21	no
19	4	miR59_R318_L22	miR59_R318_L22	yes
19	4	miR59_R318_L22	miR532_R13_L21	no
19	4	miR59_R318_L22	miR723_R7_L22	no
19	4	miR59_R318_L22	miR1111_R3_L22	no
20	2	miR60_R317_L22	miR60_R317_L22	yes
20	2	miR60_R317_L22	miR769_R7_L22	no
21	1	miR80_R246_L22	miR80_R246_L22	yes
22	1	miR82_R243_L22	miR82_R243_L22	yes
23	10	miR84_R223_L22	miR84_R223_L22	yes
23	10	miR84_R223_L22	miR86_R220_L22	no
23	10	miR84_R223_L22	miR95_R196_L22	no
23	10	miR84_R223_L22	miR122_R145_L21	no
23	10	miR84_R223_L22	miR191_R76_L21	no
23	10	miR84_R223_L22	miR555_R12_L21	no
23	10	miR84_R223_L22	miR794_R6_L21	no
23	10	miR84_R223_L22	miR818_R6_L21	no
23	10	miR84_R223_L22	miR1333_R2_L20	no
23	10	miR84_R223_L22	miR1460_R2_L21	no
24	3	miR91_R209_L22	miR91_R209_L22	yes
24	3	miR91_R209_L22	miR1110_R3_L20	no
24	3	miR91_R209_L22	miR1575_R2_L21	no
25	2	miR92_R206_L22	miR92_R206_L22	yes
25	2	miR92_R206_L22	miR619_R10_L22	no
26	4	miR93_R204_L22	miR93_R204_L22	yes
26	4	miR93_R204_L22	miR177_R88_L22	no
26	4	miR93_R204_L22	miR512_R14_L22	no
26	4	miR93_R204_L22	miR618_R10_L21	no
27	2	miR98_R193_L22	miR98_R193_L22	yes
27	2	miR98_R193_L22	miR361_R27_L22	no
28	1	miR101_R187_L22	miR101_R187_L22	yes
29	4	miR102_R187_L22	miR26_R556_L21	no
29	4	miR102_R187_L22	miR45_R376_L21	no
29	4	miR102_R187_L22	miR102_R187_L22	yes
29	4	miR102_R187_L22	miR712_R8_L20	no
30	1	miR104_R174_L22	miR104_R174_L22	yes
31	3	miR110_R159_L22	miR110_R159_L22	yes
31	3	miR110_R159_L22	miR563_R12_L21	no
31	3	miR110_R159_L22	miR738_R7_L20	no
32	3	miR116_R154_L22	miR116_R154_L22	yes
32	3	miR116_R154_L22	miR240_R55_L21	no
32	3	miR116_R154_L22	miR1429_R2_L22	no
33	11	miR117_R153_L22	miR19_R676_L21	no
33	11	miR117_R153_L22	miR46_R371_L21	no
33	11	miR117_R153_L22	miR47_R363_L21	no
33	11	miR117_R153_L22	miR83_R242_L20	no
33	11	miR117_R153_L22	miR117_R153_L22	yes
33	11	miR117_R153_L22	miR371_R27_L21	no
33	11	miR117_R153_L22	miR460_R17_L21	no
33	11	miR117_R153_L22	miR669_R9_L22	no
33	11	miR117_R153_L22	miR852_R6_L20	no
33	11	miR117_R153_L22	miR907_R5_L20	no
33	11	miR117_R153_L22	miR1183_R3_L21	no
34	4	miR123_R145_L22	miR123_R145_L22	yes
34	4	miR123_R145_L22	miR444_R19_L22	no
34	4	miR123_R145_L22	miR774_R7_L22	no
34	4	miR123_R145_L22	miR871_R5_L22	no
35	1	miR133_R128_L22	miR133_R128_L22	yes
36	2	miR136_R125_L22	miR136_R125_L22	yes
36	2	miR136_R125_L22	miR1085_R3_L21	no
37	3	miR140_R123_L22	miR140_R123_L22	yes
37	3	miR140_R123_L22	miR1364_R2_L22	no
37	3	miR140_R123_L22	miR1454_R2_L22	no
38	1	miR144_R120_L22	miR144_R120_L22	yes
39	4	miR148_R115_L22	miR148_R115_L22	yes
39	4	miR148_R115_L22	miR405_R23_L21	no
39	4	miR148_R115_L22	miR648_R9_L22	no
39	4	miR148_R115_L22	miR1207_R3_L22	no
40	1	miR149_R111_L22	miR149_R111_L22	yes
41	1	miR152_R106_L22	miR152_R106_L22	yes
42	3	miR157_R103_L22	miR157_R103_L22	yes
42	3	miR157_R103_L22	miR1190_R3_L21	no
42	3	miR157_R103_L22	miR1467_R2_L21	no
43	15	miR161_R100_L22	miR10_R708_L20	no
43	15	miR161_R100_L22	miR161_R100_L22	yes
43	15	miR161_R100_L22	miR204_R71_L21	no
43	15	miR161_R100_L22	miR219_R63_L21	no
43	15	miR161_R100_L22	miR298_R39_L22	no
43	15	miR161_R100_L22	miR310_R35_L21	no
43	15	miR161_R100_L22	miR312_R35_L22	no
43	15	miR161_R100_L22	miR313_R35_L21	no
43	15	miR161_R100_L22	miR446_R19_L22	no
43	15	miR161_R100_L22	miR517_R14_L22	no
43	15	miR161_R100_L22	miR572_R12_L21	no
43	15	miR161_R100_L22	miR690_R8_L21	no
43	15	miR161_R100_L22	miR755_R7_L21	no
43	15	miR161_R100_L22	miR1105_R3_L20	no
43	15	miR161_R100_L22	miR1559_R2_L20	no
44	2	miR165_R98_L22	miR165_R98_L22	yes
44	2	miR165_R98_L22	miR729_R7_L22	no
45	13	miR169_R96_L22	miR33_R465_L21	no
45	13	miR169_R96_L22	miR169_R96_L22	yes
45	13	miR169_R96_L22	miR228_R60_L21	no
45	13	miR169_R96_L22	miR269_R45_L21	no
45	13	miR169_R96_L22	miR275_R43_L21	no
45	13	miR169_R96_L22	miR329_R32_L21	no
45	13	miR169_R96_L22	miR528_R13_L22	no
45	13	miR169_R96_L22	miR620_R10_L21	no
45	13	miR169_R96_L22	miR904_R5_L22	no
45	13	miR169_R96_L22	miR1012_R4_L20	no
45	13	miR169_R96_L22	miR1142_R3_L21	no
45	13	miR169_R96_L22	miR1271_R2_L20	no
45	13	miR169_R96_L22	miR1562_R2_L22	no
46	1	miR171_R95_L22	miR171_R95_L22	yes
47	1	miR173_R90_L22	miR173_R90_L22	yes
48	1	miR179_R88_L22	miR179_R88_L22	yes
49	1	miR181_R86_L22	miR181_R86_L22	yes
50	7	miR182_R86_L22	miR50_R343_L21	no
50	7	miR182_R86_L22	miR130_R134_L21	no
50	7	miR182_R86_L22	miR147_R118_L21	no
50	7	miR182_R86_L22	miR182_R86_L22	yes
50	7	miR182_R86_L22	miR203_R71_L21	no
50	7	miR182_R86_L22	miR872_R5_L21	no
50	7	miR182_R86_L22	miR946_R5_L22	no
51	1	miR184_R84_L22	miR184_R84_L22	yes
52	2	miR185_R84_L22	miR185_R84_L22	yes
52	2	miR185_R84_L22	miR428_R20_L22	no
53	1	miR186_R83_L22	miR186_R83_L22	yes
54	1	miR187_R82_L22	miR187_R82_L22	yes
55	2	miR188_R81_L22	miR188_R81_L22	yes
55	2	miR188_R81_L22	miR792_R6_L21	no
56	1	miR192_R75_L22	miR192_R75_L22	yes
57	1	miR194_R74_L22	miR194_R74_L22	yes
58	3	miR199_R73_L22	miR199_R73_L22	yes
58	3	miR199_R73_L22	miR222_R62_L22	no
58	3	miR199_R73_L22	miR608_R11_L22	no
59	1	miR206_R69_L22	miR206_R69_L22	yes
60	2	miR212_R67_L22	miR212_R67_L22	yes
60	2	miR212_R67_L22	miR349_R28_L21	no
61	2	miR213_R67_L22	miR213_R67_L22	yes
61	2	miR213_R67_L22	miR759_R7_L21	no
62	3	miR217_R64_L22	miR217_R64_L22	yes
62	3	miR217_R64_L22	miR474_R17_L22	no
62	3	miR217_R64_L22	miR1096_R3_L22	no
63	2	miR225_R61_L22	miR225_R61_L22	yes
63	2	miR225_R61_L22	miR1287_R2_L21	no
64	2	miR227_R60_L22	miR227_R60_L22	yes
64	2	miR227_R60_L22	miR706_R8_L21	no
65	1	miR229_R60_L22	miR229_R60_L22	yes
66	2	miR231_R58_L22	miR231_R58_L22	yes
66	2	miR231_R58_L22	miR1066_R4_L20	no
67	2	miR235_R57_L22	miR235_R57_L22	yes
67	2	miR235_R57_L22	miR1122_R3_L22	no
68	3	miR237_R56_L22	miR4_R751_L21	no
68	3	miR237_R56_L22	miR72_R275_L21	no
68	3	miR237_R56_L22	miR237_R56_L22	yes
69	2	miR239_R56_L22	miR239_R56_L22	yes
69	2	miR239_R56_L22	miR314_R34_L22	no
70	2	miR243_R54_L22	miR243_R54_L22	yes
70	2	miR243_R54_L22	miR430_R20_L22	no
71	1	miR245_R53_L22	miR245_R53_L22	yes
72	1	miR247_R53_L22	miR247_R53_L22	yes
73	1	miR249_R52_L22	miR249_R52_L22	yes
74	1	miR254_R50_L22	miR254_R50_L22	yes
75	2	miR257_R49_L22	miR257_R49_L22	yes
75	2	miR257_R49_L22	miR824_R6_L21	no
76	1	miR259_R49_L22	miR259_R49_L22	yes
77	4	miR268_R45_L22	miR268_R45_L22	yes
77	4	miR268_R45_L22	miR717_R8_L22	no
77	4	miR268_R45_L22	miR743_R7_L21	no
77	4	miR268_R45_L22	miR1424_R2_L22	no
78	2	miR272_R44_L22	miR49_R362_L21	no
78	2	miR272_R44_L22	miR272_R44_L22	yes
79	1	miR274_R43_L22	miR274_R43_L22	yes
80	2	miR276_R43_L22	miR276_R43_L22	yes
80	2	miR276_R43_L22	miR510_R14_L22	no
81	1	miR278_R42_L22	miR278_R42_L22	yes
82	1	miR279_R42_L22	miR279_R42_L22	yes
83	1	miR280_R42_L22	miR280_R42_L22	yes
84	2	miR282_R42_L22	miR282_R42_L22	yes
84	2	miR282_R42_L22	miR404_R23_L20	no
85	1	miR286_R41_L22	miR286_R41_L22	yes
86	1	miR293_R40_L22	miR293_R40_L22	yes
87	1	miR308_R36_L22	miR308_R36_L22	yes
88	3	miR311_R35_L22	miR311_R35_L22	yes
88	3	miR311_R35_L22	miR351_R28_L22	no
88	3	miR311_R35_L22	miR836_R6_L22	no
89	1	miR315_R34_L22	miR315_R34_L22	yes
90	1	miR316_R34_L22	miR316_R34_L22	yes
91	2	miR318_R33_L22	miR318_R33_L22	yes
91	2	miR318_R33_L22	miR674_R8_L22	no
92	1	miR323_R32_L22	miR323_R32_L22	yes
93	1	miR326_R32_L22	miR326_R32_L22	yes
94	2	miR334_R31_L22	miR334_R31_L22	yes
94	2	miR334_R31_L22	miR908_R5_L21	no
95	2	miR340_R30_L22	miR340_R30_L22	yes
95	2	miR340_R30_L22	miR704_R8_L22	no
96	3	miR341_R30_L22	miR341_R30_L22	yes
96	3	miR341_R30_L22	miR1028_R4_L21	no
96	3	miR341_R30_L22	miR1182_R3_L20	no
97	2	miR342_R30_L22	miR342_R30_L22	yes
97	2	miR342_R30_L22	miR1036_R4_L22	no
98	1	miR343_R30_L22	miR343_R30_L22	yes
99	1	miR346_R29_L22	miR346_R29_L22	yes
100	1	miR347_R29_L22	miR347_R29_L22	yes
101	1	miR353_R28_L22	miR353_R28_L22	yes
102	1	miR356_R28_L22	miR356_R28_L22	yes
103	2	miR363_R27_L22	miR363_R27_L22	yes
103	2	miR363_R27_L22	miR647_R9_L20	no
104	1	miR364_R27_L22	miR364_R27_L22	yes
105	4	miR365_R27_L22	miR24_R598_L21	no
105	4	miR365_R27_L22	miR365_R27_L22	yes
105	4	miR365_R27_L22	miR589_R11_L20	no
105	4	miR365_R27_L22	miR880_R5_L20	no
106	1	miR366_R27_L22	miR366_R27_L22	yes
107	4	miR367_R27_L22	miR61_R311_L21	no
107	4	miR367_R27_L22	miR153_R105_L21	no
107	4	miR367_R27_L22	miR168_R96_L21	no
107	4	miR367_R27_L22	miR367_R27_L22	yes
108	6	miR369_R27_L22	miR14_R704_L21	no
108	6	miR369_R27_L22	miR369_R27_L22	yes
108	6	miR369_R27_L22	miR379_R26_L21	no
108	6	miR369_R27_L22	miR508_R14_L21	no
108	6	miR369_R27_L22	miR812_R6_L20	no
108	6	miR369_R27_L22	miR1587_R2_L22	no
109	7	miR370_R27_L22	miR32_R482_L21	no
109	7	miR370_R27_L22	miR370_R27_L22	yes
109	7	miR370_R27_L22	miR534_R13_L21	no
109	7	miR370_R27_L22	miR562_R12_L20	no
109	7	miR370_R27_L22	miR1130_R3_L21	no
109	7	miR370_R27_L22	miR1338_R2_L20	no
109	7	miR370_R27_L22	miR1583_R2_L20	no
110	8	miR372_R27_L22	miR68_R282_L20	no
110	8	miR372_R27_L22	miR336_R31_L21	no
110	8	miR372_R27_L22	miR372_R27_L22	yes
110	8	miR372_R27_L22	miR414_R22_L21	no
110	8	miR372_R27_L22	miR472_R17_L21	no
110	8	miR372_R27_L22	miR495_R15_L21	no
110	8	miR372_R27_L22	miR575_R12_L22	no
110	8	miR372_R27_L22	miR780_R7_L22	no
111	2	miR373_R26_L22	miR373_R26_L22	yes
111	2	miR373_R26_L22	miR728_R7_L22	no
112	3	miR374_R26_L22	miR374_R26_L22	yes
112	3	miR374_R26_L22	miR515_R14_L22	no
112	3	miR374_R26_L22	miR549_R12_L22	no
113	10	miR375_R26_L22	miR44_R383_L21	no
113	10	miR375_R26_L22	miR167_R96_L21	no
113	10	miR375_R26_L22	miR214_R66_L21	no
113	10	miR375_R26_L22	miR319_R33_L21	no
113	10	miR375_R26_L22	miR331_R31_L21	no
113	10	miR375_R26_L22	miR375_R26_L22	yes
113	10	miR375_R26_L22	miR449_R18_L21	no
113	10	miR375_R26_L22	miR644_R9_L21	no
113	10	miR375_R26_L22	miR1138_R3_L22	no
113	10	miR375_R26_L22	miR1166_R3_L21	no
114	1	miR377_R26_L22	miR377_R26_L22	yes
115	2	miR378_R26_L22	miR378_R26_L22	yes
115	2	miR378_R26_L22	miR1185_R3_L22	no
116	6	miR384_R25_L22	miR62_R307_L21	no
116	6	miR384_R25_L22	miR345_R29_L21	no
116	6	miR384_R25_L22	miR384_R25_L22	yes
116	6	miR384_R25_L22	miR385_R25_L21	no
116	6	miR384_R25_L22	miR1243_R3_L22	no
116	6	miR384_R25_L22	miR1373_R2_L22	no
117	2	miR388_R25_L22	miR388_R25_L22	yes
117	2	miR388_R25_L22	miR928_R5_L21	no
118	1	miR389_R25_L22	miR389_R25_L22	yes
119	1	miR390_R25_L22	miR390_R25_L22	yes
120	6	miR392_R25_L22	miR29_R528_L21	no
120	6	miR392_R25_L22	miR96_R196_L21	no
120	6	miR392_R25_L22	miR392_R25_L22	yes
120	6	miR392_R25_L22	miR539_R13_L20	no
120	6	miR392_R25_L22	miR714_R8_L22	no
120	6	miR392_R25_L22	miR1558_R2_L21	no
121	1	miR394_R24_L22	miR394_R24_L22	yes
122	2	miR395_R24_L22	miR395_R24_L22	yes
122	2	miR395_R24_L22	miR1388_R2_L22	no
123	1	miR398_R24_L22	miR398_R24_L22	yes
124	1	miR400_R24_L22	miR400_R24_L22	yes
125	6	miR407_R23_L22	miR407_R23_L22	yes
125	6	miR407_R23_L22	miR439_R19_L21	no
125	6	miR407_R23_L22	miR504_R14_L21	no
125	6	miR407_R23_L22	miR671_R9_L22	no
125	6	miR407_R23_L22	miR1099_R3_L21	no
125	6	miR407_R23_L22	miR1195_R3_L21	no
126	1	miR416_R22_L22	miR416_R22_L22	yes
127	1	miR417_R21_L22	miR417_R21_L22	yes
128	1	miR419_R21_L22	miR419_R21_L22	yes
129	1	miR422_R21_L22	miR422_R21_L22	yes
130	1	miR434_R20_L22	miR434_R20_L22	yes
131	2	miR436_R20_L22	miR436_R20_L22	yes
131	2	miR436_R20_L22	miR1332_R2_L21	no
132	1	miR437_R19_L22	miR437_R19_L22	yes
133	6	miR438_R19_L22	miR175_R89_L21	no
133	6	miR438_R19_L22	miR223_R61_L21	no
133	6	miR438_R19_L22	miR250_R51_L21	no
133	6	miR438_R19_L22	miR438_R19_L22	yes
133	6	miR438_R19_L22	miR1149_R3_L21	no
133	6	miR438_R19_L22	miR1411_R2_L20	no
134	3	miR441_R19_L22	miR441_R19_L22	yes
134	3	miR441_R19_L22	miR829_R6_L22	no
134	3	miR441_R19_L22	miR903_R5_L22	no
135	2	miR443_R19_L22	miR443_R19_L22	yes
135	2	miR443_R19_L22	miR1444_R2_L22	no
136	2	miR445_R19_L22	miR317_R33_L21	no
136	2	miR445_R19_L22	miR445_R19_L22	yes
137	2	miR452_R18_L22	miR202_R71_L21	no
137	2	miR452_R18_L22	miR452_R18_L22	yes
138	1	miR454_R18_L22	miR454_R18_L22	yes
139	1	miR457_R18_L22	miR457_R18_L22	yes
140	2	miR461_R17_L22	miR461_R17_L22	yes
140	2	miR461_R17_L22	miR779_R7_L22	no
141	2	miR463_R17_L22	miR463_R17_L22	yes
141	2	miR463_R17_L22	miR1361_R2_L21	no
142	1	miR465_R17_L22	miR465_R17_L22	yes
143	2	miR468_R17_L22	miR468_R17_L22	yes
143	2	miR468_R17_L22	miR1340_R2_L21	no
144	1	miR469_R17_L22	miR469_R17_L22	yes
145	4	miR471_R17_L22	miR58_R319_L21	no
145	4	miR471_R17_L22	miR471_R17_L22	yes
145	4	miR471_R17_L22	miR483_R15_L22	no
145	4	miR471_R17_L22	miR1080_R3_L22	no
146	1	miR479_R16_L22	miR479_R16_L22	yes
147	4	miR481_R16_L22	miR71_R276_L21	no
147	4	miR481_R16_L22	miR150_R108_L21	no
147	4	miR481_R16_L22	miR426_R20_L20	no
147	4	miR481_R16_L22	miR481_R16_L22	yes
148	2	miR482_R15_L22	miR482_R15_L22	yes
148	2	miR482_R15_L22	miR1259_R2_L21	no
149	1	miR485_R15_L22	miR485_R15_L22	yes
150	4	miR490_R15_L22	miR41_R414_L21	no
150	4	miR490_R15_L22	miR90_R211_L21	no
150	4	miR490_R15_L22	miR490_R15_L22	yes
150	4	miR490_R15_L22	miR1177_R3_L21	no
151	1	miR497_R14_L22	miR497_R14_L22	yes
152	1	miR498_R14_L22	miR498_R14_L22	yes
153	2	miR499_R14_L22	miR499_R14_L22	yes
153	2	miR499_R14_L22	miR888_R5_L22	no
154	1	miR500_R14_L22	miR500_R14_L22	yes
155	2	miR502_R14_L22	miR502_R14_L22	yes
155	2	miR502_R14_L22	miR590_R11_L22	no
156	2	miR506_R14_L22	miR506_R14_L22	yes
156	2	miR506_R14_L22	miR828_R6_L22	no
157	1	miR514_R14_L22	miR514_R14_L22	yes
158	2	miR520_R13_L22	miR520_R13_L22	yes
158	2	miR520_R13_L22	miR1125_R3_L20	no
159	1	miR521_R13_L22	miR521_R13_L22	yes
160	3	miR525_R13_L22	miR408_R22_L21	no
160	3	miR525_R13_L22	miR525_R13_L22	yes
160	3	miR525_R13_L22	miR708_R8_L20	no
161	2	miR530_R13_L22	miR530_R13_L22	yes
161	2	miR530_R13_L22	miR1188_R3_L22	no
162	1	miR531_R13_L22	miR531_R13_L22	yes
163	1	miR533_R13_L22	miR533_R13_L22	yes
164	1	miR535_R13_L22	miR535_R13_L22	yes
165	1	miR536_R13_L22	miR536_R13_L22	yes
166	1	miR540_R13_L22	miR540_R13_L22	yes
167	5	miR541_R13_L22	miR7_R735_L21	no
167	5	miR541_R13_L22	miR35_R452_L21	no
167	5	miR541_R13_L22	miR382_R25_L21	no
167	5	miR541_R13_L22	miR433_R20_L21	no
167	5	miR541_R13_L22	miR541_R13_L22	yes
168	1	miR543_R12_L22	miR543_R12_L22	yes
169	1	miR547_R12_L22	miR547_R12_L22	yes
170	1	miR554_R12_L22	miR554_R12_L22	yes
171	1	miR558_R12_L22	miR558_R12_L22	yes
172	2	miR560_R12_L22	miR560_R12_L22	yes
172	2	miR560_R12_L22	miR913_R5_L22	no
173	3	miR561_R12_L22	miR561_R12_L22	yes
173	3	miR561_R12_L22	miR1123_R3_L22	no
173	3	miR561_R12_L22	miR1416_R2_L22	no
174	1	miR567_R12_L22	miR567_R12_L22	yes
175	3	miR568_R12_L22	miR568_R12_L22	yes
175	3	miR568_R12_L22	miR860_R6_L21	no
175	3	miR568_R12_L22	miR1350_R2_L22	no
176	2	miR570_R12_L22	miR397_R24_L21	no
176	2	miR570_R12_L22	miR570_R12_L22	yes
177	5	miR574_R12_L22	miR574_R12_L22	yes
177	5	miR574_R12_L22	miR606_R11_L22	no
177	5	miR574_R12_L22	miR953_R5_L20	no
177	5	miR574_R12_L22	miR1019_R4_L21	no
177	5	miR574_R12_L22	miR1227_R3_L21	no
178	1	miR577_R12_L22	miR577_R12_L22	yes
179	1	miR583_R11_L22	miR583_R11_L22	yes
180	1	miR586_R11_L22	miR586_R11_L22	yes
181	1	miR592_R11_L22	miR592_R11_L22	yes
182	1	miR593_R11_L22	miR593_R11_L22	yes
183	2	miR594_R11_L22	miR594_R11_L22	yes
183	2	miR594_R11_L22	miR1379_R2_L21	no
184	2	miR595_R11_L22	miR595_R11_L22	yes
184	2	miR595_R11_L22	miR1516_R2_L21	no
185	1	miR597_R11_L22	miR597_R11_L22	yes
186	2	miR598_R11_L22	miR598_R11_L22	yes
186	2	miR598_R11_L22	miR1519_R2_L22	no
187	2	miR600_R11_L22	miR600_R11_L22	yes
187	2	miR600_R11_L22	miR950_R5_L22	no
188	1	miR601_R11_L22	miR601_R11_L22	yes
189	2	miR602_R11_L22	miR602_R11_L22	yes
189	2	miR602_R11_L22	miR1514_R2_L22	no
190	1	miR603_R11_L22	miR603_R11_L22	yes
191	2	miR607_R11_L22	miR43_R396_L21	no
191	2	miR607_R11_L22	miR607_R11_L22	yes
192	1	miR613_R10_L22	miR613_R10_L22	yes
193	1	miR614_R10_L22	miR614_R10_L22	yes
194	1	miR616_R10_L22	miR616_R10_L22	yes
195	1	miR617_R10_L22	miR617_R10_L22	yes
196	1	miR625_R10_L22	miR625_R10_L22	yes
197	3	miR627_R10_L22	miR627_R10_L22	yes
197	3	miR627_R10_L22	miR1354_R2_L20	no
197	3	miR627_R10_L22	miR1362_R2_L21	no
198	1	miR632_R10_L22	miR632_R10_L22	yes
199	4	miR635_R9_L22	miR635_R9_L22	yes
199	4	miR635_R9_L22	miR1218_R3_L22	no
199	4	miR635_R9_L22	miR1266_R2_L21	no
199	4	miR635_R9_L22	miR1270_R2_L22	no
200	1	miR636_R9_L22	miR636_R9_L22	yes
201	2	miR637_R9_L22	miR637_R9_L22	yes
201	2	miR637_R9_L22	miR1088_R3_L22	no
202	1	miR642_R9_L22	miR642_R9_L22	yes
203	1	miR649_R9_L22	miR649_R9_L22	yes
204	1	miR650_R9_L22	miR650_R9_L22	yes
205	1	miR651_R9_L22	miR651_R9_L22	yes
206	1	miR652_R9_L22	miR652_R9_L22	yes
207	2	miR653_R9_L22	miR503_R14_L21	no
207	2	miR653_R9_L22	miR653_R9_L22	yes
208	1	miR655_R9_L22	miR655_R9_L22	yes
209	1	miR656_R9_L22	miR656_R9_L22	yes
210	1	miR658_R9_L22	miR658_R9_L22	yes
211	1	miR660_R9_L22	miR660_R9_L22	yes
212	1	miR662_R9_L22	miR662_R9_L22	yes
213	1	miR663_R9_L22	miR663_R9_L22	yes
214	1	miR665_R9_L22	miR665_R9_L22	yes
215	1	miR666_R9_L22	miR666_R9_L22	yes
216	2	miR670_R9_L22	miR670_R9_L22	yes
216	2	miR670_R9_L22	miR773_R7_L21	no
217	1	miR673_R8_L22	miR673_R8_L22	yes
218	1	miR675_R8_L22	miR675_R8_L22	yes
219	1	miR678_R8_L22	miR678_R8_L22	yes
220	1	miR682_R8_L22	miR682_R8_L22	yes
221	2	miR683_R8_L22	miR683_R8_L22	yes
221	2	miR683_R8_L22	miR1160_R3_L20	no
222	1	miR685_R8_L22	miR685_R8_L22	yes
223	1	miR692_R8_L22	miR692_R8_L22	yes
224	2	miR693_R8_L22	miR693_R8_L22	yes
224	2	miR693_R8_L22	miR1389_R2_L20	no
225	1	miR694_R8_L22	miR694_R8_L22	yes
226	1	miR695_R8_L22	miR695_R8_L22	yes
227	2	miR701_R8_L22	miR211_R68_L20	no
227	2	miR701_R8_L22	miR701_R8_L22	yes
228	1	miR702_R8_L22	miR702_R8_L22	yes
229	1	miR707_R8_L22	miR707_R8_L22	yes
230	1	miR710_R8_L22	miR710_R8_L22	yes
231	2	miR711_R8_L22	miR711_R8_L22	yes
231	2	miR711_R8_L22	miR1081_R3_L21	no
232	1	miR713_R8_L22	miR713_R8_L22	yes
233	1	miR716_R8_L22	miR716_R8_L22	yes
234	6	miR718_R8_L22	miR120_R147_L21	no
234	6	miR718_R8_L22	miR162_R100_L21	no
234	6	miR718_R8_L22	miR322_R33_L21	no
234	6	miR718_R8_L22	miR718_R8_L22	yes
234	6	miR718_R8_L22	miR865_R6_L22	no
234	6	miR718_R8_L22	miR1536_R2_L21	no
235	4	miR719_R8_L22	miR99_R193_L21	no
235	4	miR719_R8_L22	miR355_R28_L21	no
235	4	miR719_R8_L22	miR719_R8_L22	yes
235	4	miR719_R8_L22	miR739_R7_L20	no
236	1	miR720_R7_L22	miR720_R7_L22	yes
237	1	miR721_R7_L22	miR721_R7_L22	yes
238	1	miR722_R7_L22	miR722_R7_L22	yes
239	1	miR725_R7_L22	miR725_R7_L22	yes
240	1	miR727_R7_L22	miR727_R7_L22	yes
241	2	miR730_R7_L22	miR730_R7_L22	yes
241	2	miR730_R7_L22	miR978_R4_L21	no
242	1	miR731_R7_L22	miR731_R7_L22	yes
243	1	miR732_R7_L22	miR732_R7_L22	yes
244	2	miR733_R7_L22	miR733_R7_L22	yes
244	2	miR733_R7_L22	miR1486_R2_L21	no
245	1	miR735_R7_L22	miR735_R7_L22	yes
246	3	miR741_R7_L22	miR193_R74_L21	no
246	3	miR741_R7_L22	miR741_R7_L22	yes
246	3	miR741_R7_L22	miR1276_R2_L22	no
247	1	miR742_R7_L22	miR742_R7_L22	yes
248	1	miR745_R7_L22	miR745_R7_L22	yes
249	1	miR747_R7_L22	miR747_R7_L22	yes
250	2	miR748_R7_L22	miR77_R258_L21	no
250	2	miR748_R7_L22	miR748_R7_L22	yes
251	1	miR749_R7_L22	miR749_R7_L22	yes
252	1	miR756_R7_L22	miR756_R7_L22	yes
253	1	miR757_R7_L22	miR757_R7_L22	yes
254	2	miR765_R7_L22	miR765_R7_L22	yes
254	2	miR765_R7_L22	miR1298_R2_L21	no
255	1	miR772_R7_L22	miR772_R7_L22	yes
256	2	miR782_R6_L22	miR709_R8_L21	no
256	2	miR782_R6_L22	miR782_R6_L22	yes
257	1	miR785_R6_L22	miR785_R6_L22	yes
258	1	miR787_R6_L22	miR787_R6_L22	yes
259	3	miR788_R6_L22	miR657_R9_L20	no
259	3	miR788_R6_L22	miR788_R6_L22	yes
259	3	miR788_R6_L22	miR1282_R2_L22	no
260	1	miR790_R6_L22	miR790_R6_L22	yes
261	1	miR805_R6_L22	miR805_R6_L22	yes
262	3	miR809_R6_L22	miR253_R50_L21	no
262	3	miR809_R6_L22	miR809_R6_L22	yes
262	3	miR809_R6_L22	miR1118_R3_L22	no
263	1	miR811_R6_L22	miR811_R6_L22	yes
264	2	miR813_R6_L22	miR813_R6_L22	yes
264	2	miR813_R6_L22	miR838_R6_L21	no
265	1	miR814_R6_L22	miR814_R6_L22	yes
266	2	miR819_R6_L22	miR819_R6_L22	yes
266	2	miR819_R6_L22	miR1196_R3_L21	no
267	2	miR826_R6_L22	miR826_R6_L22	yes
267	2	miR826_R6_L22	miR1420_R2_L21	no
268	2	miR833_R6_L22	miR300_R38_L21	no
268	2	miR833_R6_L22	miR833_R6_L22	yes
269	2	miR837_R6_L22	miR837_R6_L22	yes
269	2	miR837_R6_L22	miR1584_R2_L20	no
270	1	miR842_R6_L22	miR842_R6_L22	yes
271	1	miR846_R6_L22	miR846_R6_L22	yes
272	3	miR848_R6_L22	miR848_R6_L22	yes
272	3	miR848_R6_L22	miR864_R6_L21	no
272	3	miR848_R6_L22	miR1016_R4_L22	no
273	1	miR850_R6_L22	miR850_R6_L22	yes
274	1	miR853_R6_L22	miR853_R6_L22	yes
275	1	miR857_R6_L22	miR857_R6_L22	yes
276	3	miR859_R6_L22	miR262_R48_L21	no
276	3	miR859_R6_L22	miR301_R38_L21	no
276	3	miR859_R6_L22	miR859_R6_L22	yes
277	2	miR863_R6_L22	miR605_R11_L21	no
277	2	miR863_R6_L22	miR863_R6_L22	yes
278	2	miR866_R6_L22	miR866_R6_L22	yes
278	2	miR866_R6_L22	miR1075_R3_L21	no
279	1	miR867_R6_L22	miR867_R6_L22	yes
280	2	miR869_R5_L22	miR869_R5_L22	yes
280	2	miR869_R5_L22	miR1503_R2_L22	no
281	3	miR870_R5_L22	miR870_R5_L22	yes
281	3	miR870_R5_L22	miR892_R5_L22	no
281	3	miR870_R5_L22	miR1043_R4_L22	no
282	1	miR874_R5_L22	miR874_R5_L22	yes
283	3	miR878_R5_L22	miR501_R14_L21	no
283	3	miR878_R5_L22	miR849_R6_L21	no
283	3	miR878_R5_L22	miR878_R5_L22	yes
284	1	miR881_R5_L22	miR881_R5_L22	yes
285	1	miR882_R5_L22	miR882_R5_L22	yes
286	1	miR883_R5_L22	miR883_R5_L22	yes
287	1	miR887_R5_L22	miR887_R5_L22	yes
288	2	miR893_R5_L22	miR893_R5_L22	yes
288	2	miR893_R5_L22	miR1400_R2_L22	no
289	1	miR895_R5_L22	miR895_R5_L22	yes
290	1	miR896_R5_L22	miR896_R5_L22	yes
291	1	miR910_R5_L22	miR910_R5_L22	yes
292	1	miR911_R5_L22	miR911_R5_L22	yes
293	1	miR916_R5_L22	miR916_R5_L22	yes
294	1	miR918_R5_L22	miR918_R5_L22	yes
295	3	miR919_R5_L22	miR654_R9_L21	no
295	3	miR919_R5_L22	miR919_R5_L22	yes
295	3	miR919_R5_L22	miR1497_R2_L22	no
296	1	miR922_R5_L22	miR922_R5_L22	yes
297	1	miR924_R5_L22	miR924_R5_L22	yes
298	2	miR926_R5_L22	miR476_R16_L21	no
298	2	miR926_R5_L22	miR926_R5_L22	yes
299	3	miR932_R5_L22	miR932_R5_L22	yes
299	3	miR932_R5_L22	miR998_R4_L22	no
299	3	miR932_R5_L22	miR1131_R3_L22	no
300	1	miR935_R5_L22	miR935_R5_L22	yes
301	1	miR939_R5_L22	miR939_R5_L22	yes
302	1	miR944_R5_L22	miR944_R5_L22	yes
303	1	miR947_R5_L22	miR947_R5_L22	yes
304	1	miR948_R5_L22	miR948_R5_L22	yes
305	1	miR949_R5_L22	miR949_R5_L22	yes
306	3	miR951_R5_L22	miR951_R5_L22	yes
306	3	miR951_R5_L22	miR1001_R4_L20	no
306	3	miR951_R5_L22	miR1203_R3_L21	no
307	1	miR952_R5_L22	miR952_R5_L22	yes
308	1	miR956_R5_L22	miR956_R5_L22	yes
309	1	miR958_R4_L22	miR958_R4_L22	yes
310	3	miR960_R4_L22	miR48_R362_L21	no
310	3	miR960_R4_L22	miR94_R198_L20	no
310	3	miR960_R4_L22	miR960_R4_L22	yes
311	1	miR968_R4_L22	miR968_R4_L22	yes
312	1	miR970_R4_L22	miR970_R4_L22	yes
313	1	miR973_R4_L22	miR973_R4_L22	yes
314	2	miR985_R4_L22	miR985_R4_L22	yes
314	2	miR985_R4_L22	miR1072_R4_L22	no
315	1	miR986_R4_L22	miR986_R4_L22	yes
316	1	miR988_R4_L22	miR988_R4_L22	yes
317	2	miR989_R4_L22	miR989_R4_L22	yes
317	2	miR989_R4_L22	miR1409_R2_L21	no
318	1	miR990_R4_L22	miR990_R4_L22	yes
319	1	miR991_R4_L22	miR991_R4_L22	yes
320	1	miR995_R4_L22	miR995_R4_L22	yes
321	3	miR996_R4_L22	miR76_R271_L21	no
321	3	miR996_R4_L22	miR297_R39_L21	no
321	3	miR996_R4_L22	miR996_R4_L22	yes
322	2	miR997_R4_L22	miR450_R18_L20	no
322	2	miR997_R4_L22	miR997_R4_L22	yes
323	1	miR999_R4_L22	miR999_R4_L22	yes
324	1	miR1010_R4_L22	miR1010_R4_L22	yes
325	3	miR1011_R4_L22	miR111_R157_L21	no
325	3	miR1011_R4_L22	miR1011_R4_L22	yes
325	3	miR1011_R4_L22	miR1220_R3_L22	no
326	1	miR1017_R4_L22	miR1017_R4_L22	yes
327	1	miR1018_R4_L22	miR1018_R4_L22	yes
328	1	miR1022_R4_L22	miR1022_R4_L22	yes
329	1	miR1023_R4_L22	miR1023_R4_L22	yes
330	1	miR1030_R4_L22	miR1030_R4_L22	yes
331	3	miR1033_R4_L22	miR399_R24_L20	no
331	3	miR1033_R4_L22	miR1033_R4_L22	yes
331	3	miR1033_R4_L22	miR1493_R2_L20	no
332	1	miR1038_R4_L22	miR1038_R4_L22	yes
333	1	miR1039_R4_L22	miR1039_R4_L22	yes
334	2	miR1041_R4_L22	miR763_R7_L20	no
334	2	miR1041_R4_L22	miR1041_R4_L22	yes
335	1	miR1044_R4_L22	miR1044_R4_L22	yes
336	3	miR1045_R4_L22	miR391_R25_L21	no
336	3	miR1045_R4_L22	miR1029_R4_L21	no
336	3	miR1045_R4_L22	miR1045_R4_L22	yes
337	2	miR1047_R4_L22	miR1047_R4_L22	yes
337	2	miR1047_R4_L22	miR1370_R2_L22	no
338	1	miR1048_R4_L22	miR1048_R4_L22	yes
339	1	miR1050_R4_L22	miR1050_R4_L22	yes
340	1	miR1057_R4_L22	miR1057_R4_L22	yes
341	1	miR1059_R4_L22	miR1059_R4_L22	yes
342	1	miR1060_R4_L22	miR1060_R4_L22	yes
343	4	miR1063_R4_L22	miR34_R456_L21	no
343	4	miR1063_R4_L22	miR53_R333_L20	no
343	4	miR1063_R4_L22	miR241_R55_L21	no
343	4	miR1063_R4_L22	miR1063_R4_L22	yes
344	1	miR1069_R4_L22	miR1069_R4_L22	yes
345	2	miR1070_R4_L22	miR516_R14_L21	no
345	2	miR1070_R4_L22	miR1070_R4_L22	yes
346	2	miR1071_R4_L22	miR263_R48_L21	no
346	2	miR1071_R4_L22	miR1071_R4_L22	yes
347	1	miR1074_R3_L22	miR1074_R3_L22	yes
348	2	miR1076_R3_L22	miR1076_R3_L22	yes
348	2	miR1076_R3_L22	miR1530_R2_L21	no
349	1	miR1078_R3_L22	miR1078_R3_L22	yes
350	5	miR1084_R3_L22	miR40_R422_L21	no
350	5	miR1084_R3_L22	miR54_R329_L21	no
350	5	miR1084_R3_L22	miR273_R43_L21	no
350	5	miR1084_R3_L22	miR1084_R3_L22	yes
350	5	miR1084_R3_L22	miR1304_R2_L21	no
351	1	miR1090_R3_L22	miR1090_R3_L22	yes
352	1	miR1091_R3_L22	miR1091_R3_L22	yes
353	1	miR1095_R3_L22	miR1095_R3_L22	yes
354	1	miR1100_R3_L22	miR1100_R3_L22	yes
355	1	miR1101_R3_L22	miR1101_R3_L22	yes
356	1	miR1102_R3_L22	miR1102_R3_L22	yes
357	1	miR1108_R3_L22	miR1108_R3_L22	yes
358	1	miR1114_R3_L22	miR1114_R3_L22	yes
359	1	miR1120_R3_L22	miR1120_R3_L22	yes
360	3	miR1121_R3_L22	miR1051_R4_L21	no
360	3	miR1121_R3_L22	miR1121_R3_L22	yes
360	3	miR1121_R3_L22	miR1221_R3_L21	no
361	1	miR1126_R3_L22	miR1126_R3_L22	yes
362	1	miR1129_R3_L22	miR1129_R3_L22	yes
363	2	miR1132_R3_L22	miR1132_R3_L22	yes
363	2	miR1132_R3_L22	miR1569_R2_L22	no
364	1	miR1137_R3_L22	miR1137_R3_L22	yes
365	1	miR1139_R3_L22	miR1139_R3_L22	yes
366	1	miR1145_R3_L22	miR1145_R3_L22	yes
367	1	miR1147_R3_L22	miR1147_R3_L22	yes
368	1	miR1150_R3_L22	miR1150_R3_L22	yes
369	1	miR1151_R3_L22	miR1151_R3_L22	yes
370	1	miR1153_R3_L22	miR1153_R3_L22	yes
371	1	miR1154_R3_L22	miR1154_R3_L22	yes
372	1	miR1155_R3_L22	miR1155_R3_L22	yes
373	1	miR1156_R3_L22	miR1156_R3_L22	yes
374	1	miR1158_R3_L22	miR1158_R3_L22	yes
375	1	miR1159_R3_L22	miR1159_R3_L22	yes
376	1	miR1175_R3_L22	miR1175_R3_L22	yes
377	1	miR1187_R3_L22	miR1187_R3_L22	yes
378	1	miR1189_R3_L22	miR1189_R3_L22	yes
379	1	miR1191_R3_L22	miR1191_R3_L22	yes
380	1	miR1194_R3_L22	miR1194_R3_L22	yes
381	1	miR1197_R3_L22	miR1197_R3_L22	yes
382	1	miR1198_R3_L22	miR1198_R3_L22	yes
383	1	miR1199_R3_L22	miR1199_R3_L22	yes
384	1	miR1201_R3_L22	miR1201_R3_L22	yes
385	1	miR1209_R3_L22	miR1209_R3_L22	yes
386	1	miR1210_R3_L22	miR1210_R3_L22	yes
387	1	miR1214_R3_L22	miR1214_R3_L22	yes
388	2	miR1215_R3_L22	miR1215_R3_L22	yes
388	2	miR1215_R3_L22	miR1504_R2_L22	no
389	1	miR1217_R3_L22	miR1217_R3_L22	yes
390	1	miR1224_R3_L22	miR1224_R3_L22	yes
391	2	miR1228_R3_L22	miR847_R6_L21	no
391	2	miR1228_R3_L22	miR1228_R3_L22	yes
392	1	miR1229_R3_L22	miR1229_R3_L22	yes
393	2	miR1231_R3_L22	miR791_R6_L21	no
393	2	miR1231_R3_L22	miR1231_R3_L22	yes
394	1	miR1233_R3_L22	miR1233_R3_L22	yes
395	1	miR1234_R3_L22	miR1234_R3_L22	yes
396	1	miR1236_R3_L22	miR1236_R3_L22	yes
397	4	miR1237_R3_L22	miR166_R97_L21	no
397	4	miR1237_R3_L22	miR544_R12_L21	no
397	4	miR1237_R3_L22	miR1237_R3_L22	yes
397	4	miR1237_R3_L22	miR1520_R2_L22	no
398	1	miR1238_R3_L22	miR1238_R3_L22	yes
399	2	miR1240_R3_L22	miR447_R19_L21	no
399	2	miR1240_R3_L22	miR1240_R3_L22	yes
400	1	miR1244_R2_L22	miR1244_R2_L22	yes
401	2	miR1247_R2_L22	miR1247_R2_L22	yes
401	2	miR1247_R2_L22	miR1248_R2_L21	no
402	1	miR1250_R2_L22	miR1250_R2_L22	yes
403	1	miR1253_R2_L22	miR1253_R2_L22	yes
404	1	miR1254_R2_L22	miR1254_R2_L22	yes
405	1	miR1260_R2_L22	miR1260_R2_L22	yes
406	1	miR1261_R2_L22	miR1261_R2_L22	yes
407	3	miR1264_R2_L22	miR8_R731_L21	no
407	3	miR1264_R2_L22	miR584_R11_L20	no
407	3	miR1264_R2_L22	miR1264_R2_L22	yes
408	1	miR1269_R2_L22	miR1269_R2_L22	yes
409	1	miR1272_R2_L22	miR1272_R2_L22	yes
410	1	miR1275_R2_L22	miR1275_R2_L22	yes
411	1	miR1278_R2_L22	miR1278_R2_L22	yes
412	1	miR1279_R2_L22	miR1279_R2_L22	yes
413	1	miR1280_R2_L22	miR1280_R2_L22	yes
414	1	miR1288_R2_L22	miR1288_R2_L22	yes
415	1	miR1289_R2_L22	miR1289_R2_L22	yes
416	1	miR1291_R2_L22	miR1291_R2_L22	yes
417	3	miR1295_R2_L22	miR432_R20_L20	no
417	3	miR1295_R2_L22	miR480_R16_L21	no
417	3	miR1295_R2_L22	miR1295_R2_L22	yes
418	1	miR1297_R2_L22	miR1297_R2_L22	yes
419	1	miR1300_R2_L22	miR1300_R2_L22	yes
420	1	miR1302_R2_L22	miR1302_R2_L22	yes
421	4	miR1310_R2_L22	miR11_R707_L21	no
421	4	miR1310_R2_L22	miR264_R47_L21	no
421	4	miR1310_R2_L22	miR1310_R2_L22	yes
421	4	miR1310_R2_L22	miR1311_R2_L20	no
422	1	miR1312_R2_L22	miR1312_R2_L22	yes
423	1	miR1314_R2_L22	miR1314_R2_L22	yes
424	1	miR1316_R2_L22	miR1316_R2_L22	yes
425	1	miR1318_R2_L22	miR1318_R2_L22	yes
426	2	miR1321_R2_L22	miR1321_R2_L22	yes
426	2	miR1321_R2_L22	miR1392_R2_L21	no
427	1	miR1323_R2_L22	miR1323_R2_L22	yes
428	1	miR1328_R2_L22	miR1328_R2_L22	yes
429	2	miR1330_R2_L22	miR1329_R2_L20	no
429	2	miR1330_R2_L22	miR1330_R2_L22	yes
430	1	miR1331_R2_L22	miR1331_R2_L22	yes
431	2	miR1334_R2_L22	miR1334_R2_L22	yes
431	2	miR1334_R2_L22	miR1345_R2_L21	no
432	1	miR1335_R2_L22	miR1335_R2_L22	yes
433	1	miR1351_R2_L22	miR1351_R2_L22	yes
434	1	miR1353_R2_L22	miR1353_R2_L22	yes
435	1	miR1358_R2_L22	miR1358_R2_L22	yes
436	1	miR1365_R2_L22	miR1365_R2_L22	yes
437	1	miR1367_R2_L22	miR1367_R2_L22	yes
438	1	miR1387_R2_L22	miR1387_R2_L22	yes
439	1	miR1394_R2_L22	miR1394_R2_L22	yes
440	3	miR1402_R2_L22	miR21_R644_L21	no
440	3	miR1402_R2_L22	miR352_R28_L21	no
440	3	miR1402_R2_L22	miR1402_R2_L22	yes
441	1	miR1407_R2_L22	miR1407_R2_L22	yes
442	1	miR1410_R2_L22	miR1410_R2_L22	yes
443	1	miR1412_R2_L22	miR1412_R2_L22	yes
444	1	miR1418_R2_L22	miR1418_R2_L22	yes
445	1	miR1421_R2_L22	miR1421_R2_L22	yes
446	1	miR1422_R2_L22	miR1422_R2_L22	yes
447	1	miR1423_R2_L22	miR1423_R2_L22	yes
448	1	miR1426_R2_L22	miR1426_R2_L22	yes
449	1	miR1428_R2_L22	miR1428_R2_L22	yes
450	1	miR1430_R2_L22	miR1430_R2_L22	yes
451	1	miR1432_R2_L22	miR1432_R2_L22	yes
452	1	miR1434_R2_L22	miR1434_R2_L22	yes
453	1	miR1435_R2_L22	miR1435_R2_L22	yes
454	1	miR1436_R2_L22	miR1436_R2_L22	yes
455	1	miR1437_R2_L22	miR1437_R2_L22	yes
456	1	miR1439_R2_L22	miR1439_R2_L22	yes
457	3	miR1443_R2_L22	miR155_R104_L20	no
457	3	miR1443_R2_L22	miR309_R36_L21	no
457	3	miR1443_R2_L22	miR1443_R2_L22	yes
458	1	miR1448_R2_L22	miR1448_R2_L22	yes
459	1	miR1453_R2_L22	miR1453_R2_L22	yes
460	2	miR1457_R2_L22	miR1457_R2_L22	yes
460	2	miR1457_R2_L22	miR1533_R2_L22	no
461	1	miR1471_R2_L22	miR1471_R2_L22	yes
462	1	miR1484_R2_L22	miR1484_R2_L22	yes
463	2	miR1488_R2_L22	miR1466_R2_L20	no
463	2	miR1488_R2_L22	miR1488_R2_L22	yes
464	1	miR1489_R2_L22	miR1489_R2_L22	yes
465	1	miR1492_R2_L22	miR1492_R2_L22	yes
466	1	miR1505_R2_L22	miR1505_R2_L22	yes
467	1	miR1507_R2_L22	miR1507_R2_L22	yes
468	1	miR1508_R2_L22	miR1508_R2_L22	yes
469	1	miR1512_R2_L22	miR1512_R2_L22	yes
470	1	miR1517_R2_L22	miR1517_R2_L22	yes
471	1	miR1521_R2_L22	miR1521_R2_L22	yes
472	1	miR1522_R2_L22	miR1522_R2_L22	yes
473	1	miR1523_R2_L22	miR1523_R2_L22	yes
474	2	miR1524_R2_L22	miR806_R6_L21	no
474	2	miR1524_R2_L22	miR1524_R2_L22	yes
475	1	miR1525_R2_L22	miR1525_R2_L22	yes
476	2	miR1527_R2_L22	miR981_R4_L21	no
476	2	miR1527_R2_L22	miR1527_R2_L22	yes
477	1	miR1528_R2_L22	miR1528_R2_L22	yes
478	1	miR1529_R2_L22	miR1529_R2_L22	yes
479	2	miR1532_R2_L22	miR459_R17_L21	no
479	2	miR1532_R2_L22	miR1532_R2_L22	yes
480	1	miR1535_R2_L22	miR1535_R2_L22	yes
481	1	miR1537_R2_L22	miR1537_R2_L22	yes
482	1	miR1538_R2_L22	miR1538_R2_L22	yes
483	2	miR1541_R2_L22	miR486_R15_L21	no
483	2	miR1541_R2_L22	miR1541_R2_L22	yes
484	1	miR1542_R2_L22	miR1542_R2_L22	yes
485	1	miR1548_R2_L22	miR1548_R2_L22	yes
486	1	miR1549_R2_L22	miR1549_R2_L22	yes
487	1	miR1550_R2_L22	miR1550_R2_L22	yes
488	1	miR1551_R2_L22	miR1551_R2_L22	yes
489	1	miR1552_R2_L22	miR1552_R2_L22	yes
490	1	miR1553_R2_L22	miR1553_R2_L22	yes
491	1	miR1554_R2_L22	miR1554_R2_L22	yes
492	1	miR1555_R2_L22	miR1555_R2_L22	yes
493	1	miR1566_R2_L22	miR1566_R2_L22	yes
494	1	miR1568_R2_L22	miR1568_R2_L22	yes
495	1	miR1570_R2_L22	miR1570_R2_L22	yes
496	1	miR1573_R2_L22	miR1573_R2_L22	yes
497	1	miR1576_R2_L22	miR1576_R2_L22	yes
498	1	miR1577_R2_L22	miR1577_R2_L22	yes
499	1	miR1578_R2_L22	miR1578_R2_L22	yes
500	1	miR1580_R2_L22	miR1580_R2_L22	yes
501	1	miR1581_R2_L22	miR1581_R2_L22	yes
502	2	miR1582_R2_L22	miR1262_R2_L21	no
502	2	miR1582_R2_L22	miR1582_R2_L22	yes
503	2	miR1586_R2_L22	miR628_R10_L21	no
503	2	miR1586_R2_L22	miR1586_R2_L22	yes
504	2	miR5_R745_L21	miR5_R745_L21	yes
504	2	miR5_R745_L21	miR484_R15_L21	no
505	4	miR6_R742_L21	miR6_R742_L21	yes
505	4	miR6_R742_L21	miR81_R244_L21	no
505	4	miR6_R742_L21	miR251_R51_L21	no
505	4	miR6_R742_L21	miR1034_R4_L20	no
506	6	miR13_R705_L21	miR13_R705_L21	yes
506	6	miR13_R705_L21	miR121_R146_L21	no
506	6	miR13_R705_L21	miR477_R16_L21	no
506	6	miR13_R705_L21	miR645_R9_L21	no
506	6	miR13_R705_L21	miR902_R5_L21	no
506	6	miR13_R705_L21	miR1372_R2_L21	no
507	7	miR20_R668_L21	miR20_R668_L21	yes
507	7	miR20_R668_L21	miR28_R539_L21	no
507	7	miR20_R668_L21	miR67_R283_L21	no
507	7	miR20_R668_L21	miR89_R212_L20	no
507	7	miR20_R668_L21	miR124_R144_L21	no
507	7	miR20_R668_L21	miR248_R52_L21	no
507	7	miR20_R668_L21	miR302_R37_L21	no
508	7	miR25_R563_L21	miR25_R563_L21	yes
508	7	miR25_R563_L21	miR164_R98_L21	no
508	7	miR25_R563_L21	miR207_R69_L21	no
508	7	miR25_R563_L21	miR325_R32_L20	no
508	7	miR25_R563_L21	miR350_R28_L21	no
508	7	miR25_R563_L21	miR440_R19_L21	no
508	7	miR25_R563_L21	miR1098_R3_L20	no
509	3	miR30_R527_L21	miR30_R527_L21	yes
509	3	miR30_R527_L21	miR238_R56_L20	no
509	3	miR30_R527_L21	miR624_R10_L21	no
510	1	miR31_R494_L21	miR31_R494_L21	yes
511	5	miR55_R326_L21	miR55_R326_L21	yes
511	5	miR55_R326_L21	miR103_R177_L21	no
511	5	miR55_R326_L21	miR418_R21_L21	no
511	5	miR55_R326_L21	miR612_R10_L20	no
511	5	miR55_R326_L21	miR1342_R2_L21	no
512	9	miR56_R325_L21	miR56_R325_L21	yes
512	9	miR56_R325_L21	miR115_R154_L21	no
512	9	miR56_R325_L21	miR283_R41_L21	no
512	9	miR56_R325_L21	miR359_R27_L21	no
512	9	miR56_R325_L21	miR386_R25_L21	no
512	9	miR56_R325_L21	miR527_R13_L20	no
512	9	miR56_R325_L21	miR737_R7_L21	no
512	9	miR56_R325_L21	miR817_R6_L21	no
512	9	miR56_R325_L21	miR1003_R4_L21	no
513	2	miR57_R322_L21	miR57_R322_L21	yes
513	2	miR57_R322_L21	miR638_R9_L20	no
514	1	miR64_R292_L21	miR64_R292_L21	yes
515	12	miR65_R287_L21	miR65_R287_L21	yes
515	12	miR65_R287_L21	miR79_R247_L21	no
515	12	miR65_R287_L21	miR180_R87_L21	no
515	12	miR65_R287_L21	miR183_R85_L21	no
515	12	miR65_R287_L21	miR190_R76_L21	no
515	12	miR65_R287_L21	miR287_R40_L21	no
515	12	miR65_R287_L21	miR306_R36_L21	no
515	12	miR65_R287_L21	miR327_R32_L21	no
515	12	miR65_R287_L21	miR332_R31_L20	no
515	12	miR65_R287_L21	miR1037_R4_L21	no
515	12	miR65_R287_L21	miR1107_R3_L20	no
515	12	miR65_R287_L21	miR1273_R2_L21	no
516	1	miR69_R279_L21	miR69_R279_L21	yes
517	1	miR70_R279_L21	miR70_R279_L21	yes
518	1	miR74_R274_L21	miR74_R274_L21	yes
519	1	miR75_R271_L21	miR75_R271_L21	yes
520	1	miR78_R251_L21	miR78_R251_L21	yes
521	2	miR88_R214_L21	miR88_R214_L21	yes
521	2	miR88_R214_L21	miR493_R15_L21	no
522	1	miR97_R195_L21	miR97_R195_L21	yes
523	2	miR105_R172_L21	miR105_R172_L21	yes
523	2	miR105_R172_L21	miR972_R4_L21	no
524	4	miR106_R169_L21	miR106_R169_L21	yes
524	4	miR106_R169_L21	miR134_R126_L21	no
524	4	miR106_R169_L21	miR289_R40_L21	no
524	4	miR106_R169_L21	miR751_R7_L20	no
525	2	miR107_R164_L21	miR107_R164_L21	yes
525	2	miR107_R164_L21	miR176_R89_L21	no
526	7	miR109_R160_L21	miR109_R160_L21	yes
526	7	miR109_R160_L21	miR156_R103_L21	no
526	7	miR109_R160_L21	miR687_R8_L21	no
526	7	miR109_R160_L21	miR697_R8_L20	no
526	7	miR109_R160_L21	miR835_R6_L21	no
526	7	miR109_R160_L21	miR1133_R3_L21	no
526	7	miR109_R160_L21	miR1352_R2_L20	no
527	1	miR112_R157_L21	miR112_R157_L21	yes
528	3	miR113_R156_L21	miR113_R156_L21	yes
528	3	miR113_R156_L21	miR197_R73_L21	no
528	3	miR113_R156_L21	miR292_R40_L21	no
529	2	miR118_R150_L21	miR12_R706_L20	no
529	2	miR118_R150_L21	miR118_R150_L21	yes
530	1	miR119_R149_L21	miR119_R149_L21	yes
531	3	miR125_R140_L21	miR125_R140_L21	yes
531	3	miR125_R140_L21	miR252_R51_L20	no
531	3	miR125_R140_L21	miR354_R28_L21	no
532	1	miR129_R135_L21	miR129_R135_L21	yes
533	1	miR135_R125_L21	miR135_R125_L21	yes
534	3	miR139_R123_L21	miR139_R123_L21	yes
534	3	miR139_R123_L21	miR209_R69_L21	no
534	3	miR139_R123_L21	miR1006_R4_L20	no
535	1	miR141_R122_L21	miR141_R122_L21	yes
536	3	miR143_R120_L21	miR143_R120_L21	yes
536	3	miR143_R120_L21	miR299_R38_L20	no
536	3	miR143_R120_L21	miR415_R22_L21	no
537	1	miR146_R119_L21	miR146_R119_L21	yes
538	1	miR151_R107_L21	miR151_R107_L21	yes
539	1	miR154_R104_L21	miR154_R104_L21	yes
540	4	miR158_R102_L21	miR158_R102_L21	yes
540	4	miR158_R102_L21	miR224_R61_L21	no
540	4	miR158_R102_L21	miR1005_R4_L20	no
540	4	miR158_R102_L21	miR1296_R2_L21	no
541	4	miR159_R101_L21	miR100_R191_L20	no
541	4	miR159_R101_L21	miR159_R101_L21	yes
541	4	miR159_R101_L21	miR462_R17_L21	no
541	4	miR159_R101_L21	miR1417_R2_L20	no
542	1	miR160_R100_L21	miR160_R100_L21	yes
543	2	miR172_R92_L21	miR172_R92_L21	yes
543	2	miR172_R92_L21	miR1140_R3_L20	no
544	1	miR195_R74_L21	miR195_R74_L21	yes
545	2	miR196_R74_L21	miR196_R74_L21	yes
545	2	miR196_R74_L21	miR1496_R2_L20	no
546	1	miR200_R73_L21	miR200_R73_L21	yes
547	3	miR205_R70_L21	miR205_R70_L21	yes
547	3	miR205_R70_L21	miR758_R7_L21	no
547	3	miR205_R70_L21	miR1472_R2_L21	no
548	4	miR208_R69_L21	miR208_R69_L21	yes
548	4	miR208_R69_L21	miR320_R33_L21	no
548	4	miR208_R69_L21	miR641_R9_L21	no
548	4	miR208_R69_L21	miR789_R6_L21	no
549	1	miR218_R64_L21	miR218_R64_L21	yes
550	2	miR220_R62_L21	miR220_R62_L21	yes
550	2	miR220_R62_L21	miR1014_R4_L21	no
551	1	miR226_R60_L21	miR226_R60_L21	yes
552	1	miR230_R59_L21	miR230_R59_L21	yes
553	1	miR233_R58_L21	miR233_R58_L21	yes
554	4	miR234_R58_L21	miR234_R58_L21	yes
554	4	miR234_R58_L21	miR284_R41_L21	no
554	4	miR234_R58_L21	miR1299_R2_L21	no
554	4	miR234_R58_L21	miR1564_R2_L21	no
555	1	miR236_R56_L21	miR236_R56_L21	yes
556	1	miR242_R54_L21	miR242_R54_L21	yes
557	1	miR244_R53_L21	miR244_R53_L21	yes
558	1	miR246_R53_L21	miR246_R53_L21	yes
559	2	miR258_R49_L21	miR258_R49_L21	yes
559	2	miR258_R49_L21	miR876_R5_L21	no
560	1	miR260_R48_L21	miR260_R48_L21	yes
561	1	miR261_R48_L21	miR261_R48_L21	yes
562	2	miR265_R47_L21	miR265_R47_L21	yes
562	2	miR265_R47_L21	miR473_R17_L21	no
563	1	miR266_R46_L21	miR266_R46_L21	yes
564	1	miR267_R46_L21	miR267_R46_L21	yes
565	1	miR270_R45_L21	miR270_R45_L21	yes
566	2	miR277_R43_L21	miR277_R43_L21	yes
566	2	miR277_R43_L21	miR668_R9_L21	no
567	1	miR281_R42_L21	miR281_R42_L21	yes
568	2	miR285_R41_L21	miR285_R41_L21	yes
568	2	miR285_R41_L21	miR1465_R2_L21	no
569	2	miR288_R40_L21	miR288_R40_L21	yes
569	2	miR288_R40_L21	miR800_R6_L21	no
570	1	miR291_R40_L21	miR291_R40_L21	yes
571	1	miR295_R39_L21	miR295_R39_L21	yes
572	1	miR296_R39_L21	miR296_R39_L21	yes
573	2	miR303_R37_L21	miR303_R37_L21	yes
573	2	miR303_R37_L21	miR689_R8_L20	no
574	2	miR305_R36_L21	miR305_R36_L21	yes
574	2	miR305_R36_L21	miR1480_R2_L21	no
575	1	miR307_R36_L21	miR307_R36_L21	yes
576	1	miR321_R33_L21	miR321_R33_L21	yes
577	2	miR328_R32_L21	miR328_R32_L21	yes
577	2	miR328_R32_L21	miR403_R23_L21	no
578	1	miR330_R32_L21	miR330_R32_L21	yes
579	3	miR333_R31_L21	miR333_R31_L21	yes
579	3	miR333_R31_L21	miR585_R11_L20	no
579	3	miR333_R31_L21	miR1136_R3_L20	no
580	2	miR338_R31_L21	miR338_R31_L21	yes
580	2	miR338_R31_L21	miR1588_R2_L20	no
581	3	miR339_R31_L21	miR339_R31_L21	yes
581	3	miR339_R31_L21	miR1242_R3_L21	no
581	3	miR339_R31_L21	miR1386_R2_L21	no
582	3	miR348_R29_L21	miR348_R29_L21	yes
582	3	miR348_R29_L21	miR494_R15_L21	no
582	3	miR348_R29_L21	miR1026_R4_L21	no
583	2	miR357_R28_L21	miR357_R28_L21	yes
583	2	miR357_R28_L21	miR1393_R2_L21	no
584	1	miR358_R27_L21	miR358_R27_L21	yes
585	1	miR362_R27_L21	miR362_R27_L21	yes
586	1	miR376_R26_L21	miR376_R26_L21	yes
587	2	miR380_R26_L21	miR337_R31_L20	no
587	2	miR380_R26_L21	miR380_R26_L21	yes
588	2	miR387_R25_L21	miR387_R25_L21	yes
588	2	miR387_R25_L21	miR639_R9_L21	no
589	2	miR396_R24_L21	miR396_R24_L21	yes
589	2	miR396_R24_L21	miR1290_R2_L21	no
590	1	miR401_R23_L21	miR401_R23_L21	yes
591	1	miR402_R23_L21	miR402_R23_L21	yes
592	6	miR406_R23_L21	miR406_R23_L21	yes
592	6	miR406_R23_L21	miR581_R11_L21	no
592	6	miR406_R23_L21	miR786_R6_L21	no
592	6	miR406_R23_L21	miR879_R5_L21	no
592	6	miR406_R23_L21	miR1305_R2_L21	no
592	6	miR406_R23_L21	miR1458_R2_L21	no
593	1	miR409_R22_L21	miR409_R22_L21	yes
594	2	miR411_R22_L21	miR411_R22_L21	yes
594	2	miR411_R22_L21	miR1381_R2_L21	no
595	1	miR412_R22_L21	miR412_R22_L21	yes
596	1	miR413_R22_L21	miR413_R22_L21	yes
597	1	miR423_R21_L21	miR423_R21_L21	yes
598	2	miR424_R21_L21	miR424_R21_L21	yes
598	2	miR424_R21_L21	miR526_R13_L21	no
599	1	miR425_R21_L21	miR425_R21_L21	yes
600	1	miR427_R20_L21	miR427_R20_L21	yes
601	1	miR429_R20_L21	miR429_R20_L21	yes
602	1	miR435_R20_L21	miR435_R20_L21	yes
603	1	miR442_R19_L21	miR442_R19_L21	yes
604	2	miR451_R18_L21	miR451_R18_L21	yes
604	2	miR451_R18_L21	miR453_R18_L21	no
605	2	miR455_R18_L21	miR455_R18_L21	yes
605	2	miR455_R18_L21	miR548_R12_L21	no
606	1	miR458_R17_L21	miR458_R17_L21	yes
607	3	miR464_R17_L21	miR456_R18_L20	no
607	3	miR464_R17_L21	miR464_R17_L21	yes
607	3	miR464_R17_L21	miR938_R5_L21	no
608	1	miR467_R17_L21	miR467_R17_L21	yes
609	1	miR470_R17_L21	miR470_R17_L21	yes
610	2	miR478_R16_L21	miR478_R16_L21	yes
610	2	miR478_R16_L21	miR1020_R4_L21	no
611	1	miR488_R15_L21	miR488_R15_L21	yes
612	1	miR489_R15_L21	miR489_R15_L21	yes
613	1	miR491_R15_L21	miR491_R15_L21	yes
614	1	miR492_R15_L21	miR492_R15_L21	yes
615	1	miR496_R15_L21	miR496_R15_L21	yes
616	1	miR505_R14_L21	miR505_R14_L21	yes
617	1	miR507_R14_L21	miR507_R14_L21	yes
618	1	miR509_R14_L21	miR509_R14_L21	yes
619	1	miR513_R14_L21	miR513_R14_L21	yes
620	1	miR537_R13_L21	miR537_R13_L21	yes
621	1	miR538_R13_L21	miR538_R13_L21	yes
622	2	miR542_R13_L21	miR542_R13_L21	yes
622	2	miR542_R13_L21	miR1241_R3_L20	no
623	1	miR545_R12_L21	miR545_R12_L21	yes
624	1	miR546_R12_L21	miR546_R12_L21	yes
625	1	miR552_R12_L21	miR552_R12_L21	yes
626	2	miR553_R12_L21	miR553_R12_L21	yes
626	2	miR553_R12_L21	miR1002_R4_L20	no
627	1	miR556_R12_L21	miR556_R12_L21	yes
628	1	miR564_R12_L21	miR564_R12_L21	yes
629	1	miR565_R12_L21	miR565_R12_L21	yes
630	3	miR566_R12_L21	miR566_R12_L21	yes
630	3	miR566_R12_L21	miR1167_R3_L21	no
630	3	miR566_R12_L21	miR1479_R2_L20	no
631	2	miR571_R12_L21	miR571_R12_L21	yes
631	2	miR571_R12_L21	miR1510_R2_L20	no
632	1	miR573_R12_L21	miR573_R12_L21	yes
633	2	miR576_R12_L21	miR519_R14_L20	no
633	2	miR576_R12_L21	miR576_R12_L21	yes
634	1	miR578_R11_L21	miR578_R11_L21	yes
635	1	miR582_R11_L21	miR582_R11_L21	yes
636	1	miR587_R11_L21	miR587_R11_L21	yes
637	1	miR588_R11_L21	miR588_R11_L21	yes
638	1	miR591_R11_L21	miR591_R11_L21	yes
639	1	miR599_R11_L21	miR599_R11_L21	yes
640	2	miR604_R11_L21	miR604_R11_L21	yes
640	2	miR604_R11_L21	miR1032_R4_L21	no
641	1	miR609_R10_L21	miR609_R10_L21	yes
642	1	miR610_R10_L21	miR610_R10_L21	yes
643	1	miR611_R10_L21	miR611_R10_L21	yes
644	1	miR615_R10_L21	miR615_R10_L21	yes
645	1	miR621_R10_L21	miR621_R10_L21	yes
646	1	miR622_R10_L21	miR622_R10_L21	yes
647	1	miR623_R10_L21	miR623_R10_L21	yes
648	4	miR626_R10_L21	miR626_R10_L21	yes
648	4	miR626_R10_L21	miR1073_R3_L20	no
648	4	miR626_R10_L21	miR1442_R2_L20	no
648	4	miR626_R10_L21	miR1481_R2_L21	no
649	1	miR629_R10_L21	miR629_R10_L21	yes
650	1	miR630_R10_L21	miR630_R10_L21	yes
651	1	miR631_R10_L21	miR631_R10_L21	yes
652	1	miR633_R9_L21	miR633_R9_L21	yes
653	1	miR640_R9_L21	miR640_R9_L21	yes
654	1	miR646_R9_L21	miR646_R9_L21	yes
655	1	miR659_R9_L21	miR659_R9_L21	yes
656	1	miR661_R9_L21	miR661_R9_L21	yes
657	2	miR664_R9_L21	miR664_R9_L21	yes
657	2	miR664_R9_L21	miR1040_R4_L21	no
658	2	miR667_R9_L21	miR667_R9_L21	yes
658	2	miR667_R9_L21	miR936_R5_L21	no
659	2	miR672_R9_L21	miR475_R17_L20	no
659	2	miR672_R9_L21	miR672_R9_L21	yes
660	4	miR676_R8_L21	miR676_R8_L21	yes
660	4	miR676_R8_L21	miR831_R6_L21	no
660	4	miR676_R8_L21	miR1164_R3_L21	no
660	4	miR676_R8_L21	miR1544_R2_L21	no
661	1	miR680_R8_L21	miR680_R8_L21	yes
662	1	miR681_R8_L21	miR681_R8_L21	yes
663	1	miR684_R8_L21	miR684_R8_L21	yes
664	1	miR686_R8_L21	miR686_R8_L21	yes
665	1	miR688_R8_L21	miR688_R8_L21	yes
666	1	miR691_R8_L21	miR691_R8_L21	yes
667	1	miR696_R8_L21	miR696_R8_L21	yes
668	1	miR699_R8_L21	miR699_R8_L21	yes
669	1	miR700_R8_L21	miR700_R8_L21	yes
670	1	miR703_R8_L21	miR703_R8_L21	yes
671	5	miR705_R8_L21	miR705_R8_L21	yes
671	5	miR705_R8_L21	miR992_R4_L21	no
671	5	miR705_R8_L21	miR1285_R2_L21	no
671	5	miR705_R8_L21	miR1476_R2_L21	no
671	5	miR705_R8_L21	miR1572_R2_L21	no
672	1	miR724_R7_L21	miR724_R7_L21	yes
673	2	miR736_R7_L21	miR466_R17_L20	no
673	2	miR736_R7_L21	miR736_R7_L21	yes
674	1	miR744_R7_L21	miR744_R7_L21	yes
675	1	miR746_R7_L21	miR746_R7_L21	yes
676	1	miR752_R7_L21	miR752_R7_L21	yes
677	1	miR753_R7_L21	miR753_R7_L21	yes
678	1	miR754_R7_L21	miR754_R7_L21	yes
679	2	miR760_R7_L21	miR760_R7_L21	yes
679	2	miR760_R7_L21	miR1179_R3_L21	no
680	1	miR761_R7_L21	miR761_R7_L21	yes
681	1	miR764_R7_L21	miR764_R7_L21	yes
682	1	miR766_R7_L21	miR766_R7_L21	yes
683	1	miR767_R7_L21	miR767_R7_L21	yes
684	1	miR768_R7_L21	miR768_R7_L21	yes
685	1	miR770_R7_L21	miR770_R7_L21	yes
686	1	miR771_R7_L21	miR771_R7_L21	yes
687	1	miR775_R7_L21	miR775_R7_L21	yes
688	1	miR776_R7_L21	miR776_R7_L21	yes
689	1	miR777_R7_L21	miR777_R7_L21	yes
690	2	miR778_R7_L21	miR778_R7_L21	yes
690	2	miR778_R7_L21	miR1004_R4_L21	no
691	1	miR781_R6_L21	miR781_R6_L21	yes
692	1	miR783_R6_L21	miR783_R6_L21	yes
693	1	miR784_R6_L21	miR784_R6_L21	yes
694	1	miR793_R6_L21	miR793_R6_L21	yes
695	1	miR795_R6_L21	miR795_R6_L21	yes
696	1	miR796_R6_L21	miR796_R6_L21	yes
697	1	miR798_R6_L21	miR798_R6_L21	yes
698	1	miR799_R6_L21	miR799_R6_L21	yes
699	1	miR801_R6_L21	miR801_R6_L21	yes
700	1	miR802_R6_L21	miR802_R6_L21	yes
701	1	miR803_R6_L21	miR803_R6_L21	yes
702	1	miR807_R6_L21	miR807_R6_L21	yes
703	1	miR808_R6_L21	miR808_R6_L21	yes
704	1	miR810_R6_L21	miR810_R6_L21	yes
705	2	miR816_R6_L21	miR816_R6_L21	yes
705	2	miR816_R6_L21	miR890_R5_L20	no
706	1	miR822_R6_L21	miR822_R6_L21	yes
707	1	miR823_R6_L21	miR823_R6_L21	yes
708	1	miR825_R6_L21	miR825_R6_L21	yes
709	1	miR830_R6_L21	miR830_R6_L21	yes
710	1	miR832_R6_L21	miR832_R6_L21	yes
711	1	miR834_R6_L21	miR834_R6_L21	yes
712	1	miR839_R6_L21	miR839_R6_L21	yes
713	1	miR840_R6_L21	miR840_R6_L21	yes
714	1	miR841_R6_L21	miR841_R6_L21	yes
715	1	miR843_R6_L21	miR843_R6_L21	yes
716	2	miR845_R6_L21	miR845_R6_L21	yes
716	2	miR845_R6_L21	miR1117_R3_L20	no
717	3	miR854_R6_L21	miR854_R6_L21	yes
717	3	miR854_R6_L21	miR1546_R2_L21	no
717	3	miR854_R6_L21	miR1567_R2_L21	no
718	1	miR856_R6_L21	miR856_R6_L21	yes
719	2	miR858_R6_L21	miR858_R6_L21	yes
719	2	miR858_R6_L21	miR1585_R2_L20	no
720	2	miR862_R6_L21	miR862_R6_L21	yes
720	2	miR862_R6_L21	miR1513_R2_L21	no
721	1	miR868_R6_L21	miR868_R6_L21	yes
722	1	miR873_R5_L21	miR873_R5_L21	yes
723	1	miR875_R5_L21	miR875_R5_L21	yes
724	1	miR877_R5_L21	miR877_R5_L21	yes
725	1	miR884_R5_L21	miR884_R5_L21	yes
726	1	miR885_R5_L21	miR885_R5_L21	yes
727	1	miR886_R5_L21	miR886_R5_L21	yes
728	1	miR889_R5_L21	miR889_R5_L21	yes
729	1	miR894_R5_L21	miR894_R5_L21	yes
730	1	miR897_R5_L21	miR897_R5_L21	yes
731	1	miR898_R5_L21	miR898_R5_L21	yes
732	1	miR899_R5_L21	miR899_R5_L21	yes
733	1	miR900_R5_L21	miR900_R5_L21	yes
734	2	miR901_R5_L21	miR901_R5_L21	yes
734	2	miR901_R5_L21	miR1292_R2_L20	no
735	2	miR905_R5_L21	miR905_R5_L21	yes
735	2	miR905_R5_L21	miR1324_R2_L21	no
736	2	miR906_R5_L21	miR906_R5_L21	yes
736	2	miR906_R5_L21	miR1205_R3_L20	no
737	2	miR909_R5_L21	miR909_R5_L21	yes
737	2	miR909_R5_L21	miR974_R4_L21	no
738	1	miR914_R5_L21	miR914_R5_L21	yes
739	1	miR917_R5_L21	miR917_R5_L21	yes
740	1	miR920_R5_L21	miR920_R5_L21	yes
741	1	miR923_R5_L21	miR923_R5_L21	yes
742	1	miR925_R5_L21	miR925_R5_L21	yes
743	1	miR927_R5_L21	miR927_R5_L21	yes
744	3	miR929_R5_L21	miR421_R21_L20	no
744	3	miR929_R5_L21	miR929_R5_L21	yes
744	3	miR929_R5_L21	miR1469_R2_L21	no
745	1	miR931_R5_L21	miR931_R5_L21	yes
746	1	miR933_R5_L21	miR933_R5_L21	yes
747	1	miR934_R5_L21	miR934_R5_L21	yes
748	1	miR937_R5_L21	miR937_R5_L21	yes
749	1	miR940_R5_L21	miR940_R5_L21	yes
750	1	miR941_R5_L21	miR941_R5_L21	yes
751	1	miR943_R5_L21	miR943_R5_L21	yes
752	1	miR945_R5_L21	miR945_R5_L21	yes
753	1	miR954_R5_L21	miR954_R5_L21	yes
754	1	miR957_R4_L21	miR957_R4_L21	yes
755	2	miR959_R4_L21	miR22_R605_L20	no
755	2	miR959_R4_L21	miR959_R4_L21	yes
756	1	miR961_R4_L21	miR961_R4_L21	yes
757	1	miR962_R4_L21	miR962_R4_L21	yes
758	1	miR963_R4_L21	miR963_R4_L21	yes
759	1	miR964_R4_L21	miR964_R4_L21	yes
760	1	miR965_R4_L21	miR965_R4_L21	yes
761	1	miR966_R4_L21	miR966_R4_L21	yes
762	1	miR967_R4_L21	miR967_R4_L21	yes
763	1	miR969_R4_L21	miR969_R4_L21	yes
764	1	miR975_R4_L21	miR975_R4_L21	yes
765	1	miR977_R4_L21	miR977_R4_L21	yes
766	1	miR979_R4_L21	miR979_R4_L21	yes
767	2	miR980_R4_L21	miR942_R5_L20	no
767	2	miR980_R4_L21	miR980_R4_L21	yes
768	2	miR984_R4_L21	miR984_R4_L21	yes
768	2	miR984_R4_L21	miR1106_R3_L21	no
769	1	miR987_R4_L21	miR987_R4_L21	yes
770	1	miR993_R4_L21	miR993_R4_L21	yes
771	1	miR994_R4_L21	miR994_R4_L21	yes
772	1	miR1007_R4_L21	miR1007_R4_L21	yes
773	1	miR1008_R4_L21	miR1008_R4_L21	yes
774	1	miR1013_R4_L21	miR1013_R4_L21	yes
775	1	miR1015_R4_L21	miR1015_R4_L21	yes
776	1	miR1021_R4_L21	miR1021_R4_L21	yes
777	1	miR1024_R4_L21	miR1024_R4_L21	yes
778	1	miR1025_R4_L21	miR1025_R4_L21	yes
779	1	miR1027_R4_L21	miR1027_R4_L21	yes
780	2	miR1031_R4_L21	miR1031_R4_L21	yes
780	2	miR1031_R4_L21	miR1404_R2_L21	no
781	1	miR1035_R4_L21	miR1035_R4_L21	yes
782	1	miR1042_R4_L21	miR1042_R4_L21	yes
783	2	miR1046_R4_L21	miR1046_R4_L21	yes
783	2	miR1046_R4_L21	miR1208_R3_L21	no
784	1	miR1049_R4_L21	miR1049_R4_L21	yes
785	1	miR1052_R4_L21	miR1052_R4_L21	yes
786	1	miR1053_R4_L21	miR1053_R4_L21	yes
787	1	miR1054_R4_L21	miR1054_R4_L21	yes
788	1	miR1055_R4_L21	miR1055_R4_L21	yes
789	2	miR1056_R4_L21	miR1056_R4_L21	yes
789	2	miR1056_R4_L21	miR1204_R3_L21	no
790	1	miR1058_R4_L21	miR1058_R4_L21	yes
791	1	miR1061_R4_L21	miR1061_R4_L21	yes
792	1	miR1065_R4_L21	miR1065_R4_L21	yes
793	1	miR1077_R3_L21	miR1077_R3_L21	yes
794	2	miR1079_R3_L21	miR1079_R3_L21	yes
794	2	miR1079_R3_L21	miR1252_R2_L21	no
795	1	miR1082_R3_L21	miR1082_R3_L21	yes
796	1	miR1083_R3_L21	miR1083_R3_L21	yes
797	1	miR1086_R3_L21	miR1086_R3_L21	yes
798	1	miR1087_R3_L21	miR1087_R3_L21	yes
799	1	miR1089_R3_L21	miR1089_R3_L21	yes
800	1	miR1092_R3_L21	miR1092_R3_L21	yes
801	1	miR1093_R3_L21	miR1093_R3_L21	yes
802	1	miR1094_R3_L21	miR1094_R3_L21	yes
803	1	miR1097_R3_L21	miR1097_R3_L21	yes
804	1	miR1109_R3_L21	miR1109_R3_L21	yes
805	1	miR1115_R3_L21	miR1115_R3_L21	yes
806	1	miR1116_R3_L21	miR1116_R3_L21	yes
807	1	miR1119_R3_L21	miR1119_R3_L21	yes
808	1	miR1124_R3_L21	miR1124_R3_L21	yes
809	1	miR1127_R3_L21	miR1127_R3_L21	yes
810	2	miR1128_R3_L21	miR1128_R3_L21	yes
810	2	miR1128_R3_L21	miR1487_R2_L21	no
811	1	miR1134_R3_L21	miR1134_R3_L21	yes
812	1	miR1135_R3_L21	miR1135_R3_L21	yes
813	1	miR1157_R3_L21	miR1157_R3_L21	yes
814	1	miR1161_R3_L21	miR1161_R3_L21	yes
815	1	miR1168_R3_L21	miR1168_R3_L21	yes
816	1	miR1170_R3_L21	miR1170_R3_L21	yes
817	1	miR1172_R3_L21	miR1172_R3_L21	yes
818	1	miR1173_R3_L21	miR1173_R3_L21	yes
819	1	miR1174_R3_L21	miR1174_R3_L21	yes
820	1	miR1178_R3_L21	miR1178_R3_L21	yes
821	1	miR1180_R3_L21	miR1180_R3_L21	yes
822	1	miR1186_R3_L21	miR1186_R3_L21	yes
823	1	miR1192_R3_L21	miR1192_R3_L21	yes
824	1	miR1193_R3_L21	miR1193_R3_L21	yes
825	1	miR1200_R3_L21	miR1200_R3_L21	yes
826	1	miR1202_R3_L21	miR1202_R3_L21	yes
827	1	miR1206_R3_L21	miR1206_R3_L21	yes
828	1	miR1211_R3_L21	miR1211_R3_L21	yes
829	1	miR1212_R3_L21	miR1212_R3_L21	yes
830	1	miR1213_R3_L21	miR1213_R3_L21	yes
831	2	miR1216_R3_L21	miR1216_R3_L21	yes
831	2	miR1216_R3_L21	miR1539_R2_L21	no
832	1	miR1219_R3_L21	miR1219_R3_L21	yes
833	1	miR1225_R3_L21	miR1225_R3_L21	yes
834	1	miR1226_R3_L21	miR1226_R3_L21	yes
835	1	miR1230_R3_L21	miR1230_R3_L21	yes
836	1	miR1235_R3_L21	miR1235_R3_L21	yes
837	2	miR1239_R3_L21	miR518_R14_L20	no
837	2	miR1239_R3_L21	miR1239_R3_L21	yes
838	1	miR1245_R2_L21	miR1245_R2_L21	yes
839	1	miR1246_R2_L21	miR1246_R2_L21	yes
840	2	miR1249_R2_L21	miR1249_R2_L21	yes
840	2	miR1249_R2_L21	miR1277_R2_L21	no
841	1	miR1251_R2_L21	miR1251_R2_L21	yes
842	1	miR1256_R2_L21	miR1256_R2_L21	yes
843	1	miR1257_R2_L21	miR1257_R2_L21	yes
844	1	miR1258_R2_L21	miR1258_R2_L21	yes
845	1	miR1265_R2_L21	miR1265_R2_L21	yes
846	1	miR1267_R2_L21	miR1267_R2_L21	yes
847	1	miR1268_R2_L21	miR1268_R2_L21	yes
848	1	miR1274_R2_L21	miR1274_R2_L21	yes
849	1	miR1283_R2_L21	miR1283_R2_L21	yes
850	1	miR1284_R2_L21	miR1284_R2_L21	yes
851	1	miR1286_R2_L21	miR1286_R2_L21	yes
852	1	miR1293_R2_L21	miR1293_R2_L21	yes
853	1	miR1294_R2_L21	miR1294_R2_L21	yes
854	1	miR1301_R2_L21	miR1301_R2_L21	yes
855	1	miR1303_R2_L21	miR1303_R2_L21	yes
856	1	miR1306_R2_L21	miR1306_R2_L21	yes
857	1	miR1309_R2_L21	miR1309_R2_L21	yes
858	1	miR1313_R2_L21	miR1313_R2_L21	yes
859	1	miR1315_R2_L21	miR1315_R2_L21	yes
860	1	miR1317_R2_L21	miR1317_R2_L21	yes
861	1	miR1319_R2_L21	miR1319_R2_L21	yes
862	1	miR1322_R2_L21	miR1322_R2_L21	yes
863	1	miR1325_R2_L21	miR1325_R2_L21	yes
864	1	miR1336_R2_L21	miR1336_R2_L21	yes
865	1	miR1337_R2_L21	miR1337_R2_L21	yes
866	1	miR1339_R2_L21	miR1339_R2_L21	yes
867	1	miR1341_R2_L21	miR1341_R2_L21	yes
868	1	miR1343_R2_L21	miR1343_R2_L21	yes
869	1	miR1344_R2_L21	miR1344_R2_L21	yes
870	1	miR1346_R2_L21	miR1346_R2_L21	yes
871	2	miR1347_R2_L21	miR1347_R2_L21	yes
871	2	miR1347_R2_L21	miR1446_R2_L21	no
872	2	miR1348_R2_L21	miR1348_R2_L21	yes
872	2	miR1348_R2_L21	miR1349_R2_L21	no
873	1	miR1355_R2_L21	miR1355_R2_L21	yes
874	1	miR1357_R2_L21	miR1357_R2_L21	yes
875	1	miR1359_R2_L21	miR1359_R2_L21	yes
876	1	miR1360_R2_L21	miR1360_R2_L21	yes
877	1	miR1366_R2_L21	miR1366_R2_L21	yes
878	1	miR1374_R2_L21	miR1374_R2_L21	yes
879	1	miR1375_R2_L21	miR1375_R2_L21	yes
880	1	miR1376_R2_L21	miR1376_R2_L21	yes
881	1	miR1378_R2_L21	miR1378_R2_L21	yes
882	1	miR1380_R2_L21	miR1380_R2_L21	yes
883	1	miR1382_R2_L21	miR1382_R2_L21	yes
884	1	miR1384_R2_L21	miR1384_R2_L21	yes
885	1	miR1385_R2_L21	miR1385_R2_L21	yes
886	1	miR1395_R2_L21	miR1395_R2_L21	yes
887	1	miR1396_R2_L21	miR1396_R2_L21	yes
888	1	miR1398_R2_L21	miR1398_R2_L21	yes
889	1	miR1401_R2_L21	miR1401_R2_L21	yes
890	1	miR1403_R2_L21	miR1403_R2_L21	yes
891	1	miR1405_R2_L21	miR1405_R2_L21	yes
892	1	miR1408_R2_L21	miR1408_R2_L21	yes
893	1	miR1414_R2_L21	miR1414_R2_L21	yes
894	1	miR1425_R2_L21	miR1425_R2_L21	yes
895	1	miR1427_R2_L21	miR1427_R2_L21	yes
896	1	miR1431_R2_L21	miR1431_R2_L21	yes
897	1	miR1441_R2_L21	miR1441_R2_L21	yes
898	1	miR1445_R2_L21	miR1445_R2_L21	yes
899	1	miR1447_R2_L21	miR1447_R2_L21	yes
900	1	miR1449_R2_L21	miR1449_R2_L21	yes
901	1	miR1451_R2_L21	miR1451_R2_L21	yes
902	1	miR1452_R2_L21	miR1452_R2_L21	yes
903	1	miR1455_R2_L21	miR1455_R2_L21	yes
904	1	miR1456_R2_L21	miR1456_R2_L21	yes
905	1	miR1461_R2_L21	miR1461_R2_L21	yes
906	1	miR1462_R2_L21	miR1462_R2_L21	yes
907	1	miR1463_R2_L21	miR1463_R2_L21	yes
908	1	miR1464_R2_L21	miR1464_R2_L21	yes
909	1	miR1468_R2_L21	miR1468_R2_L21	yes
910	1	miR1470_R2_L21	miR1470_R2_L21	yes
911	1	miR1473_R2_L21	miR1473_R2_L21	yes
912	1	miR1474_R2_L21	miR1474_R2_L21	yes
913	1	miR1475_R2_L21	miR1475_R2_L21	yes
914	1	miR1477_R2_L21	miR1477_R2_L21	yes
915	1	miR1478_R2_L21	miR1478_R2_L21	yes
916	1	miR1482_R2_L21	miR1482_R2_L21	yes
917	1	miR1483_R2_L21	miR1483_R2_L21	yes
918	1	miR1485_R2_L21	miR1485_R2_L21	yes
919	1	miR1490_R2_L21	miR1490_R2_L21	yes
920	1	miR1494_R2_L21	miR1494_R2_L21	yes
921	1	miR1495_R2_L21	miR1495_R2_L21	yes
922	1	miR1499_R2_L21	miR1499_R2_L21	yes
923	1	miR1500_R2_L21	miR1500_R2_L21	yes
924	1	miR1501_R2_L21	miR1501_R2_L21	yes
925	1	miR1502_R2_L21	miR1502_R2_L21	yes
926	1	miR1506_R2_L21	miR1506_R2_L21	yes
927	1	miR1509_R2_L21	miR1509_R2_L21	yes
928	1	miR1511_R2_L21	miR1511_R2_L21	yes
929	1	miR1515_R2_L21	miR1515_R2_L21	yes
930	1	miR1518_R2_L21	miR1518_R2_L21	yes
931	1	miR1526_R2_L21	miR1526_R2_L21	yes
932	1	miR1531_R2_L21	miR1531_R2_L21	yes
933	1	miR1534_R2_L21	miR1534_R2_L21	yes
934	1	miR1540_R2_L21	miR1540_R2_L21	yes
935	1	miR1543_R2_L21	miR1543_R2_L21	yes
936	1	miR1545_R2_L21	miR1545_R2_L21	yes
937	1	miR1547_R2_L21	miR1547_R2_L21	yes
938	1	miR1556_R2_L21	miR1556_R2_L21	yes
939	1	miR1565_R2_L21	miR1565_R2_L21	yes
940	1	miR1574_R2_L21	miR1574_R2_L21	yes
941	1	miR1579_R2_L21	miR1579_R2_L21	yes
942	1	miR255_R50_L20	miR255_R50_L20	yes
943	1	miR304_R37_L20	miR304_R37_L20	yes
944	1	miR324_R32_L20	miR324_R32_L20	yes
945	1	miR335_R31_L20	miR335_R31_L20	yes
946	1	miR368_R27_L20	miR368_R27_L20	yes
947	1	miR393_R25_L20	miR393_R25_L20	yes
948	1	miR410_R22_L20	miR410_R22_L20	yes
949	1	miR550_R12_L20	miR550_R12_L20	yes
950	1	miR557_R12_L20	miR557_R12_L20	yes
951	1	miR559_R12_L20	miR559_R12_L20	yes
952	1	miR643_R9_L20	miR643_R9_L20	yes
953	1	miR677_R8_L20	miR677_R8_L20	yes
954	2	miR715_R8_L20	miR715_R8_L20	yes
954	2	miR715_R8_L20	miR1068_R4_L20	no
955	1	miR821_R6_L20	miR821_R6_L20	yes
956	1	miR827_R6_L20	miR827_R6_L20	yes
957	1	miR851_R6_L20	miR851_R6_L20	yes
958	1	miR855_R6_L20	miR855_R6_L20	yes
959	1	miR891_R5_L20	miR891_R5_L20	yes
960	1	miR912_R5_L20	miR912_R5_L20	yes
961	1	miR930_R5_L20	miR930_R5_L20	yes
962	1	miR955_R5_L20	miR955_R5_L20	yes
963	1	miR1000_R4_L20	miR1000_R4_L20	yes
964	1	miR1009_R4_L20	miR1009_R4_L20	yes
965	1	miR1064_R4_L20	miR1064_R4_L20	yes
966	1	miR1067_R4_L20	miR1067_R4_L20	yes
967	1	miR1103_R3_L20	miR1103_R3_L20	yes
968	2	miR1112_R3_L20	miR1112_R3_L20	yes
968	2	miR1112_R3_L20	miR1113_R3_L20	no
969	1	miR1141_R3_L20	miR1141_R3_L20	yes
970	1	miR1143_R3_L20	miR1143_R3_L20	yes
971	1	miR1144_R3_L20	miR1144_R3_L20	yes
972	1	miR1146_R3_L20	miR1146_R3_L20	yes
973	1	miR1148_R3_L20	miR1148_R3_L20	yes
974	1	miR1152_R3_L20	miR1152_R3_L20	yes
975	1	miR1162_R3_L20	miR1162_R3_L20	yes
976	1	miR1163_R3_L20	miR1163_R3_L20	yes
977	1	miR1165_R3_L20	miR1165_R3_L20	yes
978	1	miR1171_R3_L20	miR1171_R3_L20	yes
979	1	miR1176_R3_L20	miR1176_R3_L20	yes
980	1	miR1184_R3_L20	miR1184_R3_L20	yes
981	1	miR1223_R3_L20	miR1223_R3_L20	yes
982	1	miR1232_R3_L20	miR1232_R3_L20	yes
983	1	miR1255_R2_L20	miR1255_R2_L20	yes
984	1	miR1326_R2_L20	miR1326_R2_L20	yes
985	1	miR1356_R2_L20	miR1356_R2_L20	yes
986	1	miR1363_R2_L20	miR1363_R2_L20	yes
987	1	miR1369_R2_L20	miR1369_R2_L20	yes
988	1	miR1371_R2_L20	miR1371_R2_L20	yes
989	1	miR1377_R2_L20	miR1377_R2_L20	yes
990	1	miR1383_R2_L20	miR1383_R2_L20	yes
991	1	miR1399_R2_L20	miR1399_R2_L20	yes
992	1	miR1406_R2_L20	miR1406_R2_L20	yes
993	1	miR1413_R2_L20	miR1413_R2_L20	yes
994	1	miR1419_R2_L20	miR1419_R2_L20	yes
995	1	miR1433_R2_L20	miR1433_R2_L20	yes
996	1	miR1438_R2_L20	miR1438_R2_L20	yes
997	1	miR1440_R2_L20	miR1440_R2_L20	yes
998	1	miR1450_R2_L20	miR1450_R2_L20	yes
999	1	miR1459_R2_L20	miR1459_R2_L20	yes
1000	1	miR1561_R2_L20	miR1561_R2_L20	yes
1001	1	miR1563_R2_L20	miR1563_R2_L20	yes
1002	1	miR1571_R2_L20	miR1571_R2_L20	yes
