miRNA_loci	Family	canonical_miRNA_ID	canonical_seqid	isomiR_miRNA_ID	isomiR_seqid	canonical_target_count	isomiR_target_count	shared_target_count	canonical_specific_target_count	isomiR_specific_target_count	union_target_count	jaccard	seed_changed	terminal_change_5p	terminal_change_3p
gma-miR10197	gma-miR10197	gma-miR10197	miR265_R47_L21	gma-miR10197.v1	miR473_R17_L21	2	5	1	1	4	6	0.16666666666666666	yes	-1	1
gma-miR10421a	gma-miR10421	gma-miR10421a	miR60_R317_L22	gma-miR10421a.v1	miR769_R7_L22	4	3	0	4	3	7	0.0	yes	1	-1
gma-miR10421b	gma-miR10421	gma-miR10421b	miR60_R317_L22	gma-miR10421b.v1	miR769_R7_L22	4	3	0	4	3	7	0.0	yes	1	-1
gma-miR10421c	gma-miR10421	gma-miR10421c	miR60_R317_L22	gma-miR10421c.v1	miR769_R7_L22	4	3	0	4	3	7	0.0	yes	1	-1
gma-miR10438	gma-miR10438	gma-miR10438	miR98_R193_L22	gma-miR10438.v1	miR361_R27_L22	3	5	0	3	5	8	0.0	yes	-1	1
gma-miR10439	gma-miR10439	gma-miR10439	miR240_R55_L21	gma-miR10439.v1	miR1429_R2_L22	4	2	1	3	1	5	0.2	no	0	1
gma-miR10440	gma-miR10440	gma-miR10440-5p	miR168_R96_L21	gma-miR10440-5p.v1	miR367_R27_L22	10	1	0	10	1	11	0.0	yes	1	0
gma-miR10440	gma-miR10440	gma-miR10440	miR61_R311_L21	gma-miR10440.v1	miR153_R105_L21	2	1	0	2	1	3	0.0	yes	1	-1
gma-miR10442	gma-miR10442	gma-miR10442	miR113_R156_L21	gma-miR10442.v1	miR197_R73_L21	8	1	0	8	1	9	0.0	yes	1	-1
gma-miR10448a	gma-miR10448	gma-miR10448a	miR38_R445_L22	gma-miR10448a.v1	miR579_R11_L22	6	5	1	5	4	10	0.1	yes	1	-1
Gma-MIR12203	gma-miR12203	Gma-MIR12203	miR544_R12_L21	Gma-MIR12203.v1	miR166_R97_L21	4	5	0	4	5	9	0.0	yes	1	-1
Gma-MIR12203	gma-miR12203	Gma-MIR12203	miR544_R12_L21	Gma-MIR12203.v2	miR1237_R3_L22	4	5	0	4	5	9	0.0	yes	2	-1
Gma-MIR12203	gma-miR12203	Gma-MIR12203	miR544_R12_L21	Gma-MIR12203.v3	miR1520_R2_L22	4	4	0	4	4	8	0.0	yes	1	0
Gma-miR12209b	gma-miR12209	Gma-miR12209b	miR451_R18_L21	Gma-miR12209b.v1	miR589_R11_L20	4	2	0	4	2	6	0.0	yes	-1	0
Gma-MIR12213a	gma-miR12213	Gma-MIR12213a	miR155_R104_L20	Gma-MIR12213a.v1	miR309_R36_L21	5	3	3	2	0	5	0.6	no	0	1
Gma-MIR12213a	gma-miR12213	Gma-MIR12213a	miR155_R104_L20	Gma-MIR12213a.v2	miR1443_R2_L22	5	3	0	5	3	8	0.0	yes	-1	3
Gma-MIR12214a	gma-miR12214	Gma-MIR12214a	miR717_R8_L22	Gma-MIR12214a.v2	miR743_R7_L21	4	6	3	1	3	7	0.42857142857142855	no	0	-1
Gma-miR12269l	gma-miR12269	Gma-miR12269l	miR318_R33_L22	Gma-miR12269l.v1	miR674_R8_L22	3	3	0	3	3	6	0.0	yes	1	-1
Gma-MIR12367b	gma-miR12367	Gma-MIR12367b	miR351_R28_L22	Gma-MIR12367b.v1	miR311_R35_L22	4	4	0	4	4	8	0.0	yes	1	-1
Gma-MIR12376a	gma-miR12376	Gma-MIR12376a	miR334_R31_L22	Gma-MIR12376a.v1	miR908_R5_L21	4	2	2	2	0	4	0.5	no	0	-1
Gma-MIR12376b	gma-miR12376	Gma-MIR12376b	miR334_R31_L22	Gma-MIR12376b.v1	miR908_R5_L21	4	2	2	2	0	4	0.5	no	0	-1
Gma-MIR12392a	gma-miR12392	Gma-MIR12392a	miR157_R103_L22	Gma-MIR12392a.v1	miR1467_R2_L21	2	2	0	2	2	4	0.0	yes	-3	2
Gma-MIR12392b	gma-miR12392	Gma-MIR12392b	miR157_R103_L22	Gma-MIR12392b.v1	miR1190_R3_L21	2	2	2	0	0	2	1.0	no	0	-1
Gma-MIR12393	gma-miR12393	Gma-MIR12393	miR258_R49_L21	Gma-MIR12393.v1	miR876_R5_L21	3	3	1	2	2	5	0.2	yes	-1	1
Gma-MIR12410e	gma-miR12410	Gma-MIR12410e	miR406_R23_L21	Gma-MIR12410e.v1	miR581_R11_L21	8	7	1	7	6	14	0.07142857142857142	yes	-1	1
Gma-miR12410h	gma-miR12410	Gma-miR12410h-3p	miR1458_R2_L21	Gma-miR12410h-3p.v1	miR1305_R2_L21	2	3	0	2	3	5	0.0	yes	-1	1
Gma-miR12410h	gma-miR12410	Gma-miR12410h	miR406_R23_L21	Gma-miR12410h.v1	miR581_R11_L21	8	7	1	7	6	14	0.07142857142857142	yes	-1	1
Gma-miR12410j	gma-miR12410	Gma-miR12410j	miR406_R23_L21	Gma-miR12410j.v1	miR581_R11_L21	8	7	1	7	6	14	0.07142857142857142	yes	-1	1
Gma-MIR12920	gma-miR12920	Gma-MIR12920	miR225_R61_L22	Gma-MIR12920.v1	miR1287_R2_L21	5	7	0	5	7	12	0.0	yes	-2	1
Gma-miR13146a	gma-miR13146	Gma-miR13146a	miR730_R7_L22	Gma-miR13146a.v1	miR978_R4_L21	3	4	0	3	4	7	0.0	yes	-2	1
Gma-miR13146b	gma-miR13146	Gma-miR13146b	miR730_R7_L22	Gma-miR13146b.v1	miR978_R4_L21	3	4	0	3	4	7	0.0	yes	-2	1
Gma-miR13146c	gma-miR13146	Gma-miR13146c	miR730_R7_L22	Gma-miR13146c.v1	miR978_R4_L21	3	4	0	3	4	7	0.0	yes	-2	1
Gma-MIR13639	gma-miR13639	Gma-MIR13639	miR337_R31_L20	Gma-MIR13639.v1	miR380_R26_L21	8	5	0	8	5	13	0.0	yes	1	0
Gma-MIR13837	gma-miR13837	Gma-MIR13837	miR1002_R4_L20	Gma-MIR13837.v1	miR553_R12_L21	5	6	5	0	1	6	0.8333333333333334	no	0	1
Gma-miR13877c	gma-miR13877	Gma-miR13877c	miR185_R84_L22	Gma-miR13877c.v1	miR428_R20_L22	4	1	0	4	1	5	0.0	yes	-1	1
Gma-MIR13986	gma-miR13986	Gma-MIR13986	miR234_R58_L21	Gma-MIR13986.v1	miR1564_R2_L21	1	1	0	1	1	2	0.0	yes	1	-1
Gma-MIR14289	gma-miR14289	Gma-MIR14289	miR140_R123_L22	Gma-MIR14289.v1	miR1364_R2_L22	6	2	1	5	1	7	0.14285714285714285	yes	-1	1
Gma-miR14289a	gma-miR14289	Gma-miR14289a	miR140_R123_L22	Gma-miR14289a.v1	miR1364_R2_L22	6	2	1	5	1	7	0.14285714285714285	yes	-1	1
Gma-MIR14589	gma-miR14589	Gma-MIR14589	miR424_R21_L21	Gma-MIR14589.v1	miR526_R13_L21	3	4	0	3	4	7	0.0	yes	1	-1
Gma-MIR14645a	gma-miR14645	Gma-MIR14645a	miR568_R12_L22	Gma-MIR14645a.v1	miR860_R6_L21	2	2	1	1	1	3	0.3333333333333333	no	0	-1
Gma-MIR14645b	gma-miR14645	Gma-MIR14645b	miR568_R12_L22	Gma-MIR14645b.v1	miR860_R6_L21	2	2	1	1	1	3	0.3333333333333333	no	0	-1
Gma-MIR14645c	gma-miR14645	Gma-MIR14645c	miR568_R12_L22	Gma-MIR14645c.v1	miR860_R6_L21	2	2	1	1	1	3	0.3333333333333333	no	0	-1
Gma-MIR14645d	gma-miR14645	Gma-MIR14645d	miR568_R12_L22	Gma-MIR14645d.v1	miR860_R6_L21	2	2	1	1	1	3	0.3333333333333333	no	0	-1
Gma-MIR14645e	gma-miR14645	Gma-MIR14645e	miR568_R12_L22	Gma-MIR14645e.v1	miR860_R6_L21	2	2	1	1	1	3	0.3333333333333333	no	0	-1
Gma-miR14645f	gma-miR14645	Gma-miR14645f	miR568_R12_L22	Gma-miR14645f.v1	miR860_R6_L21	2	2	1	1	1	3	0.3333333333333333	no	0	-1
Gma-miR14645j	gma-miR14645	Gma-miR14645j	miR568_R12_L22	Gma-miR14645j.v1	miR860_R6_L21	2	2	1	1	1	3	0.3333333333333333	no	0	-1
Gma-miR14645l	gma-miR14645	Gma-miR14645l	miR568_R12_L22	Gma-miR14645l.v1	miR860_R6_L21	2	2	1	1	1	3	0.3333333333333333	no	0	-1
Gma-miR14645m	gma-miR14645	Gma-miR14645m	miR568_R12_L22	Gma-miR14645m.v1	miR860_R6_L21	2	2	1	1	1	3	0.3333333333333333	no	0	-1
Gma-miR14645n	gma-miR14645	Gma-miR14645n	miR568_R12_L22	Gma-miR14645n.v1	miR860_R6_L21	2	2	1	1	1	3	0.3333333333333333	no	0	-1
Gma-miR14846a	gma-miR14846	Gma-miR14846a	miR493_R15_L21	Gma-miR14846a.v1	miR1473_R2_L21	4	7	1	3	6	10	0.1	yes	-2	2
Gma-MIR14939b	gma-miR14939	Gma-MIR14939b	miR928_R5_L21	Gma-MIR14939b.v1	miR388_R25_L22	3	3	2	1	1	4	0.5	no	0	1
gma-miR1507a	gma-miR1507	gma-miR1507a	miR9_R713_L22	gma-miR1507a.v1	miR201_R72_L21	28	24	23	5	1	29	0.7931034482758621	no	0	-1
gma-miR1507b	gma-miR1507	gma-miR1507b	miR201_R72_L21	gma-miR1507b.v1	miR9_R713_L22	24	28	23	1	5	29	0.7931034482758621	no	0	1
gma-miR1507c	gma-miR1507	gma-miR1507c-5p	miR355_R28_L21	gma-miR1507c-5p.v1	miR99_R193_L21	4	1	0	4	1	5	0.0	yes	1	-1
gma-miR1507c	gma-miR1507	gma-miR1507c-5p	miR355_R28_L21	gma-miR1507c-5p.v2	miR719_R8_L22	4	2	0	4	2	6	0.0	yes	1	0
gma-miR1507c	gma-miR1507	gma-miR1507c-5p	miR355_R28_L21	gma-miR1507c-5p.v3	miR739_R7_L20	4	3	3	1	0	4	0.75	no	0	-1
gma-miR1508b	gma-miR1508	gma-miR1508b	miR21_R644_L21	gma-miR1508b.v1	miR1402_R2_L22	20	21	12	8	9	29	0.41379310344827586	yes	1	0
gma-miR1509a	gma-miR1509	gma-miR1509a	miR3_R751_L22	gma-miR1509a.v1	miR797_R6_L21	7	8	7	0	1	8	0.875	no	0	-1
gma-miR1510b	gma-miR1510	gma-miR1510b-3p	miR58_R319_L21	gma-miR1510b-3p.v1	miR471_R17_L22	24	22	22	2	0	24	0.9166666666666666	no	0	1
gma-miR1510b	gma-miR1510	gma-miR1510b-5p	miR102_R187_L22	gma-miR1510b-5p.v1	miR26_R556_L21	1	3	1	0	2	3	0.3333333333333333	no	0	-1
gma-miR1510b	gma-miR1510	gma-miR1510b-5p	miR102_R187_L22	gma-miR1510b-5p.v2	miR712_R8_L20	1	5	0	1	5	6	0.0	no	0	-2
gma-miR1511	gma-miR1511	gma-miR1511-5p	miR241_R55_L21	gma-miR1511-5p.v1	miR1063_R4_L22	4	3	0	4	3	7	0.0	yes	3	-2
gma-miR1511	gma-miR1511	gma-miR1511	miR53_R333_L20	gma-miR1511.v1	miR34_R456_L21	1	2	1	0	1	2	0.5	no	0	1
gma-miR1512b	gma-miR1512	gma-miR1512b	miR177_R88_L22	gma-miR1512b.v1	miR512_R14_L22	6	3	0	6	3	9	0.0	yes	-1	1
gma-miR1512c	gma-miR1512	gma-miR1512c	miR93_R204_L22	gma-miR1512c.v1	miR618_R10_L21	8	9	7	1	2	10	0.7	no	0	-1
gma-miR1513b	gma-miR1513	gma-miR1513b-5p	miR196_R74_L21	gma-miR1513b-5p.v1	miR1496_R2_L20	3	4	3	0	1	4	0.75	no	0	-1
gma-miR1515a	gma-miR1515	gma-miR1515a	miR36_R451_L22	gma-miR1515a.v1	miR215_R64_L21	8	6	5	3	1	9	0.5555555555555556	no	0	-1
gma-miR1515b	gma-miR1515	gma-miR1515b	miR36_R451_L22	gma-miR1515b.v1	miR215_R64_L21	8	6	5	3	1	9	0.5555555555555556	no	0	-1
gma-miR1523c	gma-miR1523	gma-miR1523c	miR1011_R4_L22	gma-miR1523c.v1	miR1220_R3_L22	4	6	1	3	5	9	0.1111111111111111	yes	-1	1
gma-miR156a	gma-miR156	gma-miR156a	miR10_R708_L20	gma-miR156a.v1	miR572_R12_L21	23	5	1	22	4	27	0.037037037037037035	yes	3	-2
gma-miR156a	gma-miR156	gma-miR156a	miR10_R708_L20	gma-miR156a.v2	miR1559_R2_L20	23	4	1	22	3	26	0.038461538461538464	yes	3	-3
gma-miR156ad	gma-miR156	gma-miR156ad	miR298_R39_L22	gma-miR156ad.v1	miR313_R35_L21	7	10	1	6	9	16	0.0625	yes	-1	0
gma-miR156ae	gma-miR156	gma-miR156ae	miR33_R465_L21	gma-miR156ae.v1	miR366_R27_L22	23	13	8	15	5	28	0.2857142857142857	yes	1	0
gma-miR156ae	gma-miR156	gma-miR156ae	miR33_R465_L21	gma-miR156ae.v2	miR1271_R2_L20	23	22	21	2	1	24	0.875	no	0	-1
gma-miR156d	gma-miR156	gma-miR156d-3p	miR228_R60_L21	gma-miR156d-3p.v1	miR1562_R2_L22	3	3	1	2	2	5	0.2	no	0	1
gma-miR156d	gma-miR156	gma-miR156d	miR33_R465_L21	gma-miR156d.v1	miR1271_R2_L20	23	22	21	2	1	24	0.875	no	0	-1
gma-miR156e	gma-miR156	gma-miR156e-3p	miR269_R45_L21	gma-miR156e-3p.v1	miR904_R5_L22	5	5	4	1	1	6	0.6666666666666666	no	0	1
gma-miR156h	gma-miR156	gma-miR156h	miR10_R708_L20	gma-miR156h.v1	miR517_R14_L22	23	8	7	16	1	24	0.2916666666666667	yes	2	0
gma-miR156i	gma-miR156	gma-miR156i-3p	miR228_R60_L21	gma-miR156i-3p.v1	miR1562_R2_L22	3	3	1	2	2	5	0.2	no	0	1
gma-miR156i	gma-miR156	gma-miR156i	miR33_R465_L21	gma-miR156i.v1	miR1271_R2_L20	23	22	21	2	1	24	0.875	no	0	-1
gma-miR156j	gma-miR156	gma-miR156j	miR33_R465_L21	gma-miR156j.v1	miR1271_R2_L20	23	22	21	2	1	24	0.875	no	0	-1
gma-miR156l	gma-miR156	gma-miR156l-3p	miR528_R13_L22	gma-miR156l-3p.v1	miR1142_R3_L21	4	5	0	4	5	9	0.0	no	0	-1
gma-miR156l	gma-miR156	gma-miR156l	miR33_R465_L21	gma-miR156l.v1	miR1271_R2_L20	23	22	21	2	1	24	0.875	no	0	-1
gma-miR156m	gma-miR156	gma-miR156m-3p	miR169_R96_L22	gma-miR156m-3p.v1	miR620_R10_L21	6	5	1	5	4	10	0.1	no	0	-1
gma-miR156p	gma-miR156	gma-miR156p	miR219_R63_L21	gma-miR156p.v1	miR1105_R3_L20	21	27	21	0	6	27	0.7777777777777778	yes	-1	0
gma-miR156q	gma-miR156	gma-miR156q	miR310_R35_L21	gma-miR156q.v1	miR10_R708_L20	23	23	23	0	0	23	1.0	no	0	-1
gma-miR156r	gma-miR156	gma-miR156r	miR329_R32_L21	gma-miR156r.v1	miR1012_R4_L20	22	21	21	1	0	22	0.9545454545454546	no	0	-1
gma-miR156s	gma-miR156	gma-miR156s-3p	miR298_R39_L22	gma-miR156s-3p.v1	miR313_R35_L21	7	10	1	6	9	16	0.0625	yes	-1	0
gma-miR156s	gma-miR156	gma-miR156s	miR310_R35_L21	gma-miR156s.v1	miR10_R708_L20	23	23	23	0	0	23	1.0	no	0	-1
gma-miR156t	gma-miR156	gma-miR156t	miR219_R63_L21	gma-miR156t.v1	miR1105_R3_L20	21	27	21	0	6	27	0.7777777777777778	yes	-1	0
gma-miR156u	gma-miR156	gma-miR156u	miR10_R708_L20	gma-miR156u.v1	miR572_R12_L21	23	5	1	22	4	27	0.037037037037037035	yes	3	-2
gma-miR156u	gma-miR156	gma-miR156u	miR10_R708_L20	gma-miR156u.v2	miR1559_R2_L20	23	4	1	22	3	26	0.038461538461538464	yes	3	-3
gma-miR159a	gma-miR159	gma-miR159a-3p	miR48_R362_L21	gma-miR159a-3p.v1	miR634_R9_L20	18	18	18	0	0	18	1.0	no	0	-1
gma-miR159a	gma-miR159	gma-miR159a-3p	miR48_R362_L21	gma-miR159a-3p.v2	miR960_R4_L22	18	18	18	0	0	18	1.0	no	0	1
gma-miR159b	gma-miR159	gma-miR159b-3p	miR698_R8_L21	gma-miR159b-3p.v1	miR420_R21_L20	9	10	9	0	1	10	0.9	no	0	-1
gma-miR159c	gma-miR159	gma-miR159c	miR921_R5_L21	gma-miR159c.v1	miR420_R21_L20	9	10	9	0	1	10	0.9	no	0	-1
gma-miR159e	gma-miR159	gma-miR159e-3p	miR48_R362_L21	gma-miR159e-3p.v1	miR634_R9_L20	18	18	18	0	0	18	1.0	no	0	-1
gma-miR159e	gma-miR159	gma-miR159e-3p	miR48_R362_L21	gma-miR159e-3p.v2	miR960_R4_L22	18	18	18	0	0	18	1.0	no	0	1
gma-miR159f	gma-miR159	gma-miR159f-3p	miR698_R8_L21	gma-miR159f-3p.v1	miR420_R21_L20	9	10	9	0	1	10	0.9	no	0	-1
gma-miR159g	gma-miR159	gma-miR159g	miR420_R21_L20	gma-miR159g.v1	miR1169_R3_L21	10	10	9	1	1	11	0.8181818181818182	no	0	1
gma-miR159h	gma-miR159	gma-miR159h	miR522_R13_L20	gma-miR159h.v1	miR750_R7_L21	18	17	5	13	12	30	0.16666666666666666	yes	1	0
gma-miR159i	gma-miR159	gma-miR159i	miR921_R5_L21	gma-miR159i.v1	miR420_R21_L20	9	10	9	0	1	10	0.9	no	0	-1
gma-miR160a	gma-miR160	gma-miR160a-5p	miR25_R563_L21	gma-miR160a-5p.v1	miR325_R32_L20	19	18	17	2	1	20	0.85	no	0	-1
gma-miR160b	gma-miR160	gma-miR160b	miR325_R32_L20	gma-miR160b.v1	miR25_R563_L21	18	19	17	1	2	20	0.85	no	0	1
gma-miR160b	gma-miR160	gma-miR160b	miR325_R32_L20	gma-miR160b.v2	miR350_R28_L21	18	7	5	13	2	20	0.25	yes	1	0
gma-miR160c	gma-miR160	gma-miR160c	miR325_R32_L20	gma-miR160c.v1	miR25_R563_L21	18	19	17	1	2	20	0.85	no	0	1
gma-miR160c	gma-miR160	gma-miR160c	miR325_R32_L20	gma-miR160c.v2	miR350_R28_L21	18	7	5	13	2	20	0.25	yes	1	0
gma-miR160d	gma-miR160	gma-miR160d	miR325_R32_L20	gma-miR160d.v1	miR25_R563_L21	18	19	17	1	2	20	0.85	no	0	1
gma-miR160d	gma-miR160	gma-miR160d	miR325_R32_L20	gma-miR160d.v2	miR350_R28_L21	18	7	5	13	2	20	0.25	yes	1	0
gma-miR160e	gma-miR160	gma-miR160e	miR325_R32_L20	gma-miR160e.v1	miR25_R563_L21	18	19	17	1	2	20	0.85	no	0	1
gma-miR160e	gma-miR160	gma-miR160e	miR325_R32_L20	gma-miR160e.v2	miR350_R28_L21	18	7	5	13	2	20	0.25	yes	1	0
gma-miR160f	gma-miR160	gma-miR160f	miR25_R563_L21	gma-miR160f.v1	miR325_R32_L20	19	18	17	2	1	20	0.85	no	0	-1
gma-miR160f	gma-miR160	gma-miR160f	miR25_R563_L21	gma-miR160f.v2	miR350_R28_L21	19	7	5	14	2	21	0.23809523809523808	yes	1	-1
Gma-miR160l	gma-miR160	Gma-miR160l	miR207_R69_L21	Gma-miR160l.v1	miR1098_R3_L20	15	15	15	0	0	15	1.0	no	0	-1
gma-miR162b	gma-miR162	gma-miR162b	miR4_R751_L21	gma-miR162b.v1	miR887_R5_L22	10	7	7	3	0	10	0.7	no	0	1
gma-miR162c	gma-miR162	gma-miR162c	miR4_R751_L21	gma-miR162c.v1	miR887_R5_L22	10	7	7	3	0	10	0.7	no	0	1
gma-miR162d	gma-miR162	gma-miR162d	miR72_R275_L21	gma-miR162d.v1	miR237_R56_L22	4	2	1	3	1	5	0.2	yes	1	0
gma-miR164a	gma-miR164	gma-miR164a-3p	miR322_R33_L21	gma-miR164a-3p.v1	miR865_R6_L22	2	3	2	0	1	3	0.6666666666666666	no	0	1
gma-miR164a	gma-miR164	gma-miR164a	miR30_R527_L21	gma-miR164a.v1	miR238_R56_L20	15	16	15	0	1	16	0.9375	no	0	-1
gma-miR164b	gma-miR164	gma-miR164b-3p	miR322_R33_L21	gma-miR164b-3p.v1	miR865_R6_L22	2	3	2	0	1	3	0.6666666666666666	no	0	1
gma-miR164b	gma-miR164	gma-miR164b	miR238_R56_L20	gma-miR164b.v1	miR30_R527_L21	16	15	15	1	0	16	0.9375	no	0	1
gma-miR164c	gma-miR164	gma-miR164c-3p	miR162_R100_L21	gma-miR164c-3p.v1	miR718_R8_L22	3	1	1	2	0	3	0.3333333333333333	no	0	1
gma-miR164c	gma-miR164	gma-miR164c	miR238_R56_L20	gma-miR164c.v1	miR30_R527_L21	16	15	15	1	0	16	0.9375	no	0	1
gma-miR164d	gma-miR164	gma-miR164d-3p	miR322_R33_L21	gma-miR164d-3p.v1	miR865_R6_L22	2	3	2	0	1	3	0.6666666666666666	no	0	1
gma-miR164d	gma-miR164	gma-miR164d	miR238_R56_L20	gma-miR164d.v1	miR30_R527_L21	16	15	15	1	0	16	0.9375	no	0	1
gma-miR164e	gma-miR164	gma-miR164e-3p	miR322_R33_L21	gma-miR164e-3p.v1	miR865_R6_L22	2	3	2	0	1	3	0.6666666666666666	no	0	1
gma-miR164e	gma-miR164	gma-miR164e	miR30_R527_L21	gma-miR164e.v1	miR238_R56_L20	15	16	15	0	1	16	0.9375	no	0	-1
gma-miR164f	gma-miR164	gma-miR164f	miR30_R527_L21	gma-miR164f.v1	miR238_R56_L20	15	16	15	0	1	16	0.9375	no	0	-1
gma-miR164g	gma-miR164	gma-miR164g-3p	miR322_R33_L21	gma-miR164g-3p.v1	miR865_R6_L22	2	3	2	0	1	3	0.6666666666666666	no	0	1
gma-miR164g	gma-miR164	gma-miR164g	miR30_R527_L21	gma-miR164g.v1	miR238_R56_L20	15	16	15	0	1	16	0.9375	no	0	-1
gma-miR164h	gma-miR164	gma-miR164h-3p	miR162_R100_L21	gma-miR164h-3p.v1	miR718_R8_L22	3	1	1	2	0	3	0.3333333333333333	no	0	1
gma-miR164h	gma-miR164	gma-miR164h	miR30_R527_L21	gma-miR164h.v1	miR238_R56_L20	15	16	15	0	1	16	0.9375	no	0	-1
gma-miR164i	gma-miR164	gma-miR164i	miR30_R527_L21	gma-miR164i.v1	miR238_R56_L20	15	16	15	0	1	16	0.9375	no	0	-1
gma-miR164j	gma-miR164	gma-miR164j	miR30_R527_L21	gma-miR164j.v1	miR238_R56_L20	15	16	15	0	1	16	0.9375	no	0	-1
gma-miR164k	gma-miR164	gma-miR164k	miR30_R527_L21	gma-miR164k.v1	miR238_R56_L20	15	16	15	0	1	16	0.9375	no	0	-1
gma-miR164l	gma-miR164	gma-miR164l-3p	miR162_R100_L21	gma-miR164l-3p.v1	miR718_R8_L22	3	1	1	2	0	3	0.3333333333333333	no	0	1
gma-miR164l	gma-miR164	gma-miR164l	miR30_R527_L21	gma-miR164l.v1	miR238_R56_L20	15	16	15	0	1	16	0.9375	no	0	-1
gma-miR164p	gma-miR164	gma-miR164p	miR322_R33_L21	gma-miR164p.v1	miR865_R6_L22	2	3	2	0	1	3	0.6666666666666666	no	0	1
gma-miR166aa	gma-miR166	gma-miR166aa	miR1_R795_L21	gma-miR166aa.v1	miR1397_R2_L22	8	10	1	7	9	17	0.058823529411764705	yes	-1	2
gma-miR166ac	gma-miR166	gma-miR166ac	miR1_R795_L21	gma-miR166ac.v1	miR1397_R2_L22	8	10	1	7	9	17	0.058823529411764705	yes	-1	2
gma-miR166h	gma-miR166	gma-miR166h-3p	miR1_R795_L21	gma-miR166h-3p.v1	miR256_R49_L21	8	17	5	3	12	20	0.25	yes	-2	2
gma-miR166l	gma-miR166	gma-miR166l-3p	miR1_R795_L21	gma-miR166l-3p.v1	miR1397_R2_L22	8	10	1	7	9	17	0.058823529411764705	yes	-1	2
gma-miR166v	gma-miR166	gma-miR166v	miR1_R795_L21	gma-miR166v.v1	miR1397_R2_L22	8	10	1	7	9	17	0.058823529411764705	yes	-1	2
gma-miR166x	gma-miR166	gma-miR166x	miR17_R685_L21	gma-miR166x.v1	miR198_R73_L21	17	5	2	15	3	20	0.1	yes	1	-1
gma-miR166x	gma-miR166	gma-miR166x	miR17_R685_L21	gma-miR166x.v2	miR1415_R2_L21	17	10	5	12	5	22	0.22727272727272727	yes	2	-2
gma-miR166y	gma-miR166	gma-miR166y	miR1_R795_L21	gma-miR166y.v1	miR1397_R2_L22	8	10	1	7	9	17	0.058823529411764705	yes	-1	2
gma-miR167a	gma-miR167	gma-miR167a	miR47_R363_L21	gma-miR167a.v1	miR83_R242_L20	17	16	16	1	0	17	0.9411764705882353	no	0	-1
gma-miR167b	gma-miR167	gma-miR167b	miR47_R363_L21	gma-miR167b.v1	miR83_R242_L20	17	16	16	1	0	17	0.9411764705882353	no	0	-1
gma-miR167d	gma-miR167	gma-miR167d	miR47_R363_L21	gma-miR167d.v1	miR83_R242_L20	17	16	16	1	0	17	0.9411764705882353	no	0	-1
gma-miR167e	gma-miR167	gma-miR167e-3p	miR907_R5_L20	gma-miR167e-3p.v1	miR1183_R3_L21	4	5	0	4	5	9	0.0	yes	1	0
gma-miR167e	gma-miR167	gma-miR167e	miR46_R371_L21	gma-miR167e.v1	miR83_R242_L20	18	16	16	2	0	18	0.8888888888888888	no	0	-1
gma-miR167e	gma-miR167	gma-miR167e	miR46_R371_L21	gma-miR167e.v2	miR117_R153_L22	18	19	18	0	1	19	0.9473684210526315	no	0	1
gma-miR167f	gma-miR167	gma-miR167f-3p	miR907_R5_L20	gma-miR167f-3p.v1	miR1183_R3_L21	4	5	0	4	5	9	0.0	yes	1	0
gma-miR167f	gma-miR167	gma-miR167f	miR46_R371_L21	gma-miR167f.v1	miR83_R242_L20	18	16	16	2	0	18	0.8888888888888888	no	0	-1
gma-miR167f	gma-miR167	gma-miR167f	miR46_R371_L21	gma-miR167f.v2	miR117_R153_L22	18	19	18	0	1	19	0.9473684210526315	no	0	1
gma-miR167g	gma-miR167	gma-miR167g-3p	miR371_R27_L21	gma-miR167g-3p.v1	miR852_R6_L20	7	3	1	6	2	9	0.1111111111111111	yes	-1	0
gma-miR167g	gma-miR167	gma-miR167g	miR669_R9_L22	gma-miR167g.v1	miR19_R676_L21	17	16	16	1	0	17	0.9411764705882353	no	0	-1
gma-miR167g	gma-miR167	gma-miR167g	miR669_R9_L22	gma-miR167g.v2	miR83_R242_L20	17	16	15	2	1	18	0.8333333333333334	no	0	-2
gma-miR167j	gma-miR167	gma-miR167j-3p	miR371_R27_L21	gma-miR167j-3p.v1	miR852_R6_L20	7	3	1	6	2	9	0.1111111111111111	yes	-1	0
gma-miR167j	gma-miR167	gma-miR167j	miR19_R676_L21	gma-miR167j.v1	miR83_R242_L20	16	16	15	1	1	17	0.8823529411764706	no	0	-1
gma-miR167j	gma-miR167	gma-miR167j	miR19_R676_L21	gma-miR167j.v2	miR669_R9_L22	16	17	16	0	1	17	0.9411764705882353	no	0	1
gma-miR167l	gma-miR167	gma-miR167l	miR83_R242_L20	gma-miR167l.v1	miR47_R363_L21	16	17	16	0	1	17	0.9411764705882353	no	0	1
gma-miR168a	gma-miR168	gma-miR168a	miR8_R731_L21	gma-miR168a.v1	miR584_R11_L20	9	9	9	0	0	9	1.0	no	0	-1
gma-miR169a	gma-miR169	gma-miR169a	miR85_R222_L21	gma-miR169a.v1	miR174_R90_L20	12	6	2	10	4	16	0.125	yes	-1	0
gma-miR169a	gma-miR169	gma-miR169a	miR85_R222_L21	gma-miR169a.v2	miR360_R27_L20	12	10	6	6	4	16	0.375	no	0	-1
gma-miR169a	gma-miR169	gma-miR169a	miR85_R222_L21	gma-miR169a.v3	miR431_R20_L22	12	12	8	4	4	16	0.5	no	0	1
gma-miR169ab	gma-miR169	gma-miR169ab	miR174_R90_L20	gma-miR169ab.v1	miR163_R99_L22	6	7	3	3	4	10	0.3	yes	2	0
gma-miR169ab	gma-miR169	gma-miR169ab	miR174_R90_L20	gma-miR169ab.v2	miR1308_R2_L21	6	6	2	4	4	10	0.2	yes	2	-1
gma-miR169ac	gma-miR169	gma-miR169ac	miR174_R90_L20	gma-miR169ac.v1	miR163_R99_L22	6	7	3	3	4	10	0.3	yes	2	0
gma-miR169ac	gma-miR169	gma-miR169ac	miR174_R90_L20	gma-miR169ac.v2	miR1308_R2_L21	6	6	2	4	4	10	0.2	yes	2	-1
gma-miR169ad	gma-miR169	gma-miR169ad	miR170_R95_L21	gma-miR169ad.v1	miR1181_R3_L20	14	3	2	12	1	15	0.13333333333333333	yes	-1	0
gma-miR169c	gma-miR169	gma-miR169c	miR170_R95_L21	gma-miR169c.v1	miR1181_R3_L20	14	3	2	12	1	15	0.13333333333333333	yes	-1	0
gma-miR169d	gma-miR169	gma-miR169d	miR1307_R2_L23	gma-miR169d.v1	miR163_R99_L22	8	7	6	2	1	9	0.6666666666666666	no	0	-1
gma-miR169d	gma-miR169	gma-miR169d	miR1307_R2_L23	gma-miR169d.v2	miR174_R90_L20	8	6	3	5	3	11	0.2727272727272727	yes	-2	-1
gma-miR169d	gma-miR169	gma-miR169d	miR1307_R2_L23	gma-miR169d.v3	miR1308_R2_L21	8	6	3	5	3	11	0.2727272727272727	no	0	-2
gma-miR169e	gma-miR169	gma-miR169e	miR174_R90_L20	gma-miR169e.v1	miR163_R99_L22	6	7	3	3	4	10	0.3	yes	2	0
gma-miR169e	gma-miR169	gma-miR169e	miR174_R90_L20	gma-miR169e.v2	miR1308_R2_L21	6	6	2	4	4	10	0.2	yes	2	-1
gma-miR169f	gma-miR169	gma-miR169f	miR85_R222_L21	gma-miR169f.v1	miR119_R149_L21	12	3	0	12	3	15	0.0	yes	-4	4
gma-miR169f	gma-miR169	gma-miR169f	miR85_R222_L21	gma-miR169f.v2	miR174_R90_L20	12	6	2	10	4	16	0.125	yes	-1	0
gma-miR169f	gma-miR169	gma-miR169f	miR85_R222_L21	gma-miR169f.v3	miR360_R27_L20	12	10	6	6	4	16	0.375	no	0	-1
gma-miR169g	gma-miR169	gma-miR169g	miR85_R222_L21	gma-miR169g.v1	miR174_R90_L20	12	6	2	10	4	16	0.125	yes	-1	0
gma-miR169g	gma-miR169	gma-miR169g	miR85_R222_L21	gma-miR169g.v2	miR360_R27_L20	12	10	6	6	4	16	0.375	no	0	-1
gma-miR169m	gma-miR169	gma-miR169m	miR85_R222_L21	gma-miR169m.v1	miR174_R90_L20	12	6	2	10	4	16	0.125	yes	-1	0
gma-miR169m	gma-miR169	gma-miR169m	miR85_R222_L21	gma-miR169m.v2	miR360_R27_L20	12	10	6	6	4	16	0.375	no	0	-1
gma-miR169n	gma-miR169	gma-miR169n-5p	miR137_R124_L21	gma-miR169n-5p.v1	miR132_R129_L21	7	2	0	7	2	9	0.0	yes	-1	1
gma-miR169n	gma-miR169	gma-miR169n-5p	miR137_R124_L21	gma-miR169n-5p.v2	miR655_R9_L22	7	8	6	1	2	9	0.6666666666666666	no	0	1
gma-miR169o	gma-miR169	gma-miR169o	miR66_R283_L22	gma-miR169o.v1	miR1104_R3_L21	4	5	2	2	3	7	0.2857142857142857	no	0	-1
gma-miR169p	gma-miR169	gma-miR169p	miR1308_R2_L21	gma-miR169p.v1	miR448_R18_L23	6	1	1	5	0	6	0.16666666666666666	yes	1	1
gma-miR169p	gma-miR169	gma-miR169p	miR1308_R2_L21	gma-miR169p.v2	miR1181_R3_L20	6	3	1	5	2	8	0.125	yes	-2	1
gma-miR169r	gma-miR169	gma-miR169r	miR66_R283_L22	gma-miR169r.v1	miR1104_R3_L21	4	5	2	2	3	7	0.2857142857142857	no	0	-1
gma-miR169u	gma-miR169	gma-miR169u	miR221_R62_L21	gma-miR169u.v1	miR360_R27_L20	9	10	8	1	2	11	0.7272727272727273	no	0	-1
gma-miR169w	gma-miR169	gma-miR169w	miR119_R149_L21	gma-miR169w.v1	miR174_R90_L20	3	6	0	3	6	9	0.0	yes	3	-4
gma-miR169w	gma-miR169	gma-miR169w	miR119_R149_L21	gma-miR169w.v2	miR178_R88_L21	3	14	0	3	14	17	0.0	yes	4	-4
gma-miR169y	gma-miR169	gma-miR169y	miR163_R99_L22	gma-miR169y.v1	miR174_R90_L20	7	6	3	4	3	10	0.3	yes	-2	0
gma-miR169y	gma-miR169	gma-miR169y	miR163_R99_L22	gma-miR169y.v2	miR1308_R2_L21	7	6	4	3	2	9	0.4444444444444444	no	0	-1
gma-miR169z	gma-miR169	gma-miR169z	miR174_R90_L20	gma-miR169z.v1	miR163_R99_L22	6	7	3	3	4	10	0.3	yes	2	0
gma-miR169z	gma-miR169	gma-miR169z	miR174_R90_L20	gma-miR169z.v2	miR1308_R2_L21	6	6	2	4	4	10	0.2	yes	2	-1
gma-miR171c	gma-miR171	gma-miR171c-3p	miR142_R121_L21	gma-miR171c-3p.v1	miR40_R422_L21	15	3	3	12	0	15	0.2	yes	3	-3
gma-miR171f	gma-miR171	gma-miR171f	miR40_R422_L21	gma-miR171f.v1	miR142_R121_L21	3	15	3	0	12	15	0.2	yes	-3	3
gma-miR171k	gma-miR171	gma-miR171k-3p	miR63_R300_L21	gma-miR171k-3p.v1	miR1084_R3_L22	17	15	15	2	0	17	0.8823529411764706	no	0	1
gma-miR171l	gma-miR171	gma-miR171l-3p	miR63_R300_L21	gma-miR171l-3p.v1	miR1084_R3_L22	17	15	15	2	0	17	0.8823529411764706	no	0	1
gma-miR171o	gma-miR171	gma-miR171o-3p	miR142_R121_L21	gma-miR171o-3p.v1	miR40_R422_L21	15	3	3	12	0	15	0.2	yes	3	-3
gma-miR171q	gma-miR171	gma-miR171q	miR142_R121_L21	gma-miR171q.v1	miR40_R422_L21	15	3	3	12	0	15	0.2	yes	3	-3
gma-miR171r	gma-miR171	gma-miR171r	miR209_R69_L21	gma-miR171r.v1	miR1006_R4_L20	6	5	0	6	5	11	0.0	yes	-1	0
gma-miR171s	gma-miR171	gma-miR171s	miR209_R69_L21	gma-miR171s.v1	miR1006_R4_L20	6	5	0	6	5	11	0.0	yes	-1	0
gma-miR171v	gma-miR171	gma-miR171v	miR128_R135_L22	gma-miR171v.v1	miR529_R13_L23	4	5	3	1	2	6	0.5	no	0	1
gma-miR172a	gma-miR172	gma-miR172a-5p	miR283_R41_L21	gma-miR172a-5p.v1	miR527_R13_L20	6	7	5	1	2	8	0.625	no	0	-1
gma-miR172b	gma-miR172	gma-miR172b-5p	miR527_R13_L20	gma-miR172b-5p.v1	miR283_R41_L21	7	6	5	2	1	8	0.625	no	0	1
gma-miR172f	gma-miR172	gma-miR172f-5p	miR283_R41_L21	gma-miR172f-5p.v1	miR527_R13_L20	6	7	5	1	2	8	0.625	no	0	-1
gma-miR172i	gma-miR172	gma-miR172i-3p	miR737_R7_L21	gma-miR172i-3p.v1	miR1003_R4_L21	14	17	8	6	9	23	0.34782608695652173	yes	1	-1
gma-miR172l	gma-miR172	gma-miR172l	miR737_R7_L21	gma-miR172l.v1	miR1003_R4_L21	14	17	8	6	9	23	0.34782608695652173	yes	1	-1
gma-miR2109	gma-miR2109	gma-miR2109-3p	miR49_R362_L21	gma-miR2109-3p.v1	miR272_R44_L22	1	2	1	0	1	2	0.5	no	0	1
gma-miR2111a	gma-miR2111	gma-miR2111a-5p	miR68_R282_L20	gma-miR2111a-5p.v1	miR354_R28_L21	7	6	6	1	0	7	0.8571428571428571	no	0	1
gma-miR2111a	gma-miR2111	gma-miR2111a	miR414_R22_L21	gma-miR2111a.v1	miR575_R12_L22	7	7	3	4	4	11	0.2727272727272727	yes	1	0
gma-miR2111b	gma-miR2111	gma-miR2111b-3p	miR336_R31_L21	gma-miR2111b-3p.v1	miR372_R27_L22	9	12	4	5	8	17	0.23529411764705882	yes	1	0
gma-miR2111b	gma-miR2111	gma-miR2111b	miR354_R28_L21	gma-miR2111b.v1	miR68_R282_L20	6	7	6	0	1	7	0.8571428571428571	no	0	-1
gma-miR2111c	gma-miR2111	gma-miR2111c	miR354_R28_L21	gma-miR2111c.v1	miR68_R282_L20	6	7	6	0	1	7	0.8571428571428571	no	0	-1
gma-miR2111e	gma-miR2111	gma-miR2111e-3p	miR336_R31_L21	gma-miR2111e-3p.v1	miR372_R27_L22	9	12	4	5	8	17	0.23529411764705882	yes	1	0
gma-miR2111e	gma-miR2111	gma-miR2111e	miR354_R28_L21	gma-miR2111e.v1	miR68_R282_L20	6	7	6	0	1	7	0.8571428571428571	no	0	-1
gma-miR2111f	gma-miR2111	gma-miR2111f-3p	miR495_R15_L21	gma-miR2111f-3p.v1	miR780_R7_L22	8	8	3	5	5	13	0.23076923076923078	yes	1	0
gma-miR2111f	gma-miR2111	gma-miR2111f	miR354_R28_L21	gma-miR2111f.v1	miR68_R282_L20	6	7	6	0	1	7	0.8571428571428571	no	0	-1
gma-miR2111g	gma-miR2111	gma-miR2111g	miR125_R140_L21	gma-miR2111g.v1	miR252_R51_L20	10	9	9	1	0	10	0.9	no	0	-1
gma-miR2118a	gma-miR2118	gma-miR2118a-3p	miR381_R25_L21	gma-miR2118a-3p.v1	miR2_R756_L22	19	18	18	1	0	19	0.9473684210526315	no	0	1
gma-miR2118b	gma-miR2118	gma-miR2118b-3p	miR381_R25_L21	gma-miR2118b-3p.v1	miR2_R756_L22	19	18	18	1	0	19	0.9473684210526315	no	0	1
gma-miR2118b	gma-miR2118	gma-miR2118b-5p	miR18_R676_L22	gma-miR2118b-5p.v1	miR861_R6_L20	3	3	3	0	0	3	1.0	no	0	-2
gma-miR2118b	gma-miR2118	gma-miR2118b-5p	miR18_R676_L22	gma-miR2118b-5p.v2	miR1062_R4_L23	3	5	1	2	4	7	0.14285714285714285	yes	1	0
gma-miR2118b	gma-miR2118	gma-miR2118b-5p	miR18_R676_L22	gma-miR2118b-5p.v3	miR1560_R2_L21	3	3	3	0	0	3	1.0	no	0	-1
gma-miR319a	gma-miR319	gma-miR319a	miR27_R544_L20	gma-miR319a.v1	miR127_R137_L21	18	18	17	1	1	19	0.8947368421052632	no	0	1
gma-miR319a	gma-miR319	gma-miR319a	miR27_R544_L20	gma-miR319a.v2	miR210_R68_L22	18	18	17	1	1	19	0.8947368421052632	no	0	2
gma-miR319a	gma-miR319	gma-miR319a	miR27_R544_L20	gma-miR319a.v3	miR820_R6_L21	18	9	4	14	5	23	0.17391304347826086	yes	1	0
gma-miR319b	gma-miR319	gma-miR319b	miR27_R544_L20	gma-miR319b.v1	miR127_R137_L21	18	18	17	1	1	19	0.8947368421052632	no	0	1
gma-miR319b	gma-miR319	gma-miR319b	miR27_R544_L20	gma-miR319b.v2	miR210_R68_L22	18	18	17	1	1	19	0.8947368421052632	no	0	2
gma-miR319b	gma-miR319	gma-miR319b	miR27_R544_L20	gma-miR319b.v3	miR820_R6_L21	18	9	4	14	5	23	0.17391304347826086	yes	1	0
gma-miR319c	gma-miR319	gma-miR319c	miR189_R77_L20	gma-miR319c.v1	miR16_R686_L21	18	13	9	9	4	22	0.4090909090909091	yes	-1	2
gma-miR319c	gma-miR319	gma-miR319c	miR189_R77_L20	gma-miR319c.v2	miR798_R6_L21	18	2	0	18	2	20	0.0	yes	5	-4
gma-miR319c	gma-miR319	gma-miR319c	miR189_R77_L20	gma-miR319c.v3	miR1263_R2_L22	18	19	16	2	3	21	0.7619047619047619	no	0	2
gma-miR319c	gma-miR319	gma-miR319c	miR189_R77_L20	gma-miR319c.v4	miR1391_R2_L20	18	13	5	13	8	26	0.19230769230769232	yes	1	-1
gma-miR319e	gma-miR319	gma-miR319e	miR27_R544_L20	gma-miR319e.v1	miR127_R137_L21	18	18	17	1	1	19	0.8947368421052632	no	0	1
gma-miR319e	gma-miR319	gma-miR319e	miR27_R544_L20	gma-miR319e.v2	miR580_R11_L22	18	17	16	2	1	19	0.8421052631578947	no	0	2
gma-miR319e	gma-miR319	gma-miR319e	miR27_R544_L20	gma-miR319e.v3	miR726_R7_L21	18	16	9	9	7	25	0.36	yes	-1	2
gma-miR319e	gma-miR319	gma-miR319e	miR27_R544_L20	gma-miR319e.v4	miR820_R6_L21	18	9	4	14	5	23	0.17391304347826086	yes	1	0
gma-miR319e	gma-miR319	gma-miR319e	miR27_R544_L20	gma-miR319e.v5	miR1390_R2_L22	18	10	4	14	6	24	0.16666666666666666	yes	1	1
gma-miR319e	gma-miR319	gma-miR319e	miR27_R544_L20	gma-miR319e.v6	miR1391_R2_L20	18	13	5	13	8	26	0.19230769230769232	yes	1	-1
gma-miR319f	gma-miR319	gma-miR319f	miR94_R198_L20	gma-miR319f.v1	miR145_R119_L21	15	17	13	2	4	19	0.6842105263157895	no	0	1
gma-miR319f	gma-miR319	gma-miR319f	miR94_R198_L20	gma-miR319f.v2	miR487_R15_L22	15	7	3	12	4	19	0.15789473684210525	yes	1	1
gma-miR319f	gma-miR319	gma-miR319f	miR94_R198_L20	gma-miR319f.v3	miR621_R10_L21	15	6	3	12	3	18	0.16666666666666666	yes	1	0
gma-miR319h	gma-miR319	gma-miR319h	miR127_R137_L21	gma-miR319h.v1	miR27_R544_L20	18	18	17	1	1	19	0.8947368421052632	no	0	-1
gma-miR319h	gma-miR319	gma-miR319h	miR127_R137_L21	gma-miR319h.v2	miR580_R11_L22	18	17	17	1	0	18	0.9444444444444444	no	0	1
gma-miR319h	gma-miR319	gma-miR319h	miR127_R137_L21	gma-miR319h.v3	miR726_R7_L21	18	16	8	10	8	26	0.3076923076923077	yes	-1	1
gma-miR319h	gma-miR319	gma-miR319h	miR127_R137_L21	gma-miR319h.v4	miR820_R6_L21	18	9	4	14	5	23	0.17391304347826086	yes	1	-1
gma-miR319h	gma-miR319	gma-miR319h	miR127_R137_L21	gma-miR319h.v5	miR1390_R2_L22	18	10	4	14	6	24	0.16666666666666666	yes	1	0
gma-miR319j	gma-miR319	gma-miR319j	miR127_R137_L21	gma-miR319j.v1	miR27_R544_L20	18	18	17	1	1	19	0.8947368421052632	no	0	-1
gma-miR319j	gma-miR319	gma-miR319j	miR127_R137_L21	gma-miR319j.v2	miR210_R68_L22	18	18	18	0	0	18	1.0	no	0	1
gma-miR319j	gma-miR319	gma-miR319j	miR127_R137_L21	gma-miR319j.v3	miR820_R6_L21	18	9	4	14	5	23	0.17391304347826086	yes	1	-1
gma-miR319j	gma-miR319	gma-miR319j	miR127_R137_L21	gma-miR319j.v4	miR1390_R2_L22	18	10	4	14	6	24	0.16666666666666666	yes	1	0
gma-miR319j	gma-miR319	gma-miR319j	miR127_R137_L21	gma-miR319j.v5	miR1391_R2_L20	18	13	4	14	9	27	0.14814814814814814	yes	1	-2
gma-miR319k	gma-miR319	gma-miR319k	miR127_R137_L21	gma-miR319k.v1	miR27_R544_L20	18	18	17	1	1	19	0.8947368421052632	no	0	-1
gma-miR319k	gma-miR319	gma-miR319k	miR127_R137_L21	gma-miR319k.v2	miR210_R68_L22	18	18	18	0	0	18	1.0	no	0	1
gma-miR319k	gma-miR319	gma-miR319k	miR127_R137_L21	gma-miR319k.v3	miR820_R6_L21	18	9	4	14	5	23	0.17391304347826086	yes	1	-1
gma-miR319k	gma-miR319	gma-miR319k	miR127_R137_L21	gma-miR319k.v4	miR1390_R2_L22	18	10	4	14	6	24	0.16666666666666666	yes	1	0
gma-miR319l	gma-miR319	gma-miR319l	miR1263_R2_L22	gma-miR319l.v1	miR16_R686_L21	19	13	9	10	4	23	0.391304347826087	yes	-1	0
gma-miR319l	gma-miR319	gma-miR319l	miR1263_R2_L22	gma-miR319l.v2	miR73_R274_L21	19	13	5	14	8	27	0.18518518518518517	yes	1	-2
gma-miR319l	gma-miR319	gma-miR319l	miR1263_R2_L22	gma-miR319l.v3	miR114_R155_L21	19	5	2	17	3	22	0.09090909090909091	yes	2	-3
gma-miR319m	gma-miR319	gma-miR319m	miR127_R137_L21	gma-miR319m.v1	miR27_R544_L20	18	18	17	1	1	19	0.8947368421052632	no	0	-1
gma-miR319m	gma-miR319	gma-miR319m	miR127_R137_L21	gma-miR319m.v2	miR210_R68_L22	18	18	18	0	0	18	1.0	no	0	1
gma-miR319m	gma-miR319	gma-miR319m	miR127_R137_L21	gma-miR319m.v3	miR820_R6_L21	18	9	4	14	5	23	0.17391304347826086	yes	1	-1
gma-miR319m	gma-miR319	gma-miR319m	miR127_R137_L21	gma-miR319m.v4	miR1390_R2_L22	18	10	4	14	6	24	0.16666666666666666	yes	1	0
gma-miR319n	gma-miR319	gma-miR319n	miR52_R336_L21	gma-miR319n.v1	miR1245_R2_L21	11	8	0	11	8	19	0.0	yes	1	-1
gma-miR319p	gma-miR319	gma-miR319p	miR114_R155_L21	gma-miR319p.v1	miR73_R274_L21	5	13	2	3	11	16	0.125	yes	-1	1
gma-miR319p	gma-miR319	gma-miR319p	miR114_R155_L21	gma-miR319p.v2	miR189_R77_L20	5	18	3	2	15	20	0.15	yes	-2	1
gma-miR319p	gma-miR319	gma-miR319p	miR114_R155_L21	gma-miR319p.v3	miR679_R8_L21	5	12	2	3	10	15	0.13333333333333333	yes	-3	3
gma-miR319q	gma-miR319	gma-miR319q	miR16_R686_L21	gma-miR319q.v1	miR189_R77_L20	13	18	9	4	9	22	0.4090909090909091	yes	1	-2
gma-miR319q	gma-miR319	gma-miR319q	miR16_R686_L21	gma-miR319q.v2	miR798_R6_L21	13	2	0	13	2	15	0.0	yes	6	-6
gma-miR319q	gma-miR319	gma-miR319q	miR16_R686_L21	gma-miR319q.v3	miR1263_R2_L22	13	19	9	4	10	23	0.391304347826087	yes	1	0
gma-miR319q	gma-miR319	gma-miR319q	miR16_R686_L21	gma-miR319q.v4	miR1391_R2_L20	13	13	4	9	9	22	0.18181818181818182	yes	2	-3
gma-miR319r	gma-miR319	gma-miR319r	miR94_R198_L20	gma-miR319r.v1	miR145_R119_L21	15	17	13	2	4	19	0.6842105263157895	no	0	1
gma-miR319r	gma-miR319	gma-miR319r	miR94_R198_L20	gma-miR319r.v2	miR487_R15_L22	15	7	3	12	4	19	0.15789473684210525	yes	1	1
gma-miR319r	gma-miR319	gma-miR319r	miR94_R198_L20	gma-miR319r.v3	miR621_R10_L21	15	6	3	12	3	18	0.16666666666666666	yes	1	0
gma-miR390a	gma-miR390	gma-miR390a-5p	miR6_R742_L21	gma-miR390a-5p.v1	miR1034_R4_L20	6	6	4	2	2	8	0.5	no	0	-1
gma-miR390c	gma-miR390	gma-miR390c-5p	miR6_R742_L21	gma-miR390c-5p.v1	miR1034_R4_L20	6	6	4	2	2	8	0.5	no	0	-1
gma-miR390f	gma-miR390	gma-miR390f-3p	miR220_R62_L21	gma-miR390f-3p.v1	miR1014_R4_L21	5	7	0	5	7	12	0.0	yes	-4	4
gma-miR390f	gma-miR390	gma-miR390f	miR6_R742_L21	gma-miR390f.v1	miR1034_R4_L20	6	6	4	2	2	8	0.5	no	0	-1
gma-miR390g	gma-miR390	gma-miR390g-3p	miR220_R62_L21	gma-miR390g-3p.v1	miR1014_R4_L21	5	7	0	5	7	12	0.0	yes	-4	4
gma-miR390g	gma-miR390	gma-miR390g	miR6_R742_L21	gma-miR390g.v1	miR1034_R4_L20	6	6	4	2	2	8	0.5	no	0	-1
gma-miR391	gma-miR391	gma-miR391-5p	miR996_R4_L22	gma-miR391-5p.v1	miR76_R271_L21	7	7	6	1	1	8	0.75	no	0	-1
gma-miR391	gma-miR391	gma-miR391-5p	miR996_R4_L22	gma-miR391-5p.v2	miR297_R39_L21	7	3	0	7	3	10	0.0	yes	-1	0
gma-miR393a	gma-miR393	gma-miR393a-3p	miR191_R76_L21	gma-miR393a-3p.v1	miR555_R12_L21	2	4	0	2	4	6	0.0	yes	1	-1
gma-miR393a	gma-miR393	gma-miR393a	miR122_R145_L21	gma-miR393a.v1	miR95_R196_L22	9	11	9	0	2	11	0.8181818181818182	no	0	1
gma-miR393c	gma-miR393	gma-miR393c-3p	miR191_R76_L21	gma-miR393c-3p.v1	miR555_R12_L21	2	4	0	2	4	6	0.0	yes	1	-1
gma-miR393c	gma-miR393	gma-miR393c-5p	miR95_R196_L22	gma-miR393c-5p.v1	miR122_R145_L21	11	9	9	2	0	11	0.8181818181818182	no	0	-1
gma-miR393d	gma-miR393	gma-miR393d-3p	miR191_R76_L21	gma-miR393d-3p.v1	miR555_R12_L21	2	4	0	2	4	6	0.0	yes	1	-1
gma-miR393d	gma-miR393	gma-miR393d	miR95_R196_L22	gma-miR393d.v1	miR122_R145_L21	11	9	9	2	0	11	0.8181818181818182	no	0	-1
gma-miR393e	gma-miR393	gma-miR393e-3p	miR191_R76_L21	gma-miR393e-3p.v1	miR555_R12_L21	2	4	0	2	4	6	0.0	yes	1	-1
gma-miR393e	gma-miR393	gma-miR393e	miR95_R196_L22	gma-miR393e.v1	miR122_R145_L21	11	9	9	2	0	11	0.8181818181818182	no	0	-1
gma-miR393f	gma-miR393	gma-miR393f-3p	miR191_R76_L21	gma-miR393f-3p.v1	miR555_R12_L21	2	4	0	2	4	6	0.0	yes	1	-1
gma-miR393f	gma-miR393	gma-miR393f	miR95_R196_L22	gma-miR393f.v1	miR122_R145_L21	11	9	9	2	0	11	0.8181818181818182	no	0	-1
gma-miR393h	gma-miR393	gma-miR393h-3p	miR244_R53_L21	gma-miR393h-3p.v1	miR1460_R2_L21	1	1	0	1	1	2	0.0	yes	1	-1
gma-miR393h	gma-miR393	gma-miR393h	miR86_R220_L22	gma-miR393h.v1	miR84_R223_L22	15	10	7	8	3	18	0.3888888888888889	yes	-1	1
gma-miR393h	gma-miR393	gma-miR393h	miR86_R220_L22	gma-miR393h.v2	miR122_R145_L21	15	9	7	8	2	17	0.4117647058823529	yes	-1	0
gma-miR393h	gma-miR393	gma-miR393h	miR86_R220_L22	gma-miR393h.v3	miR794_R6_L21	15	15	11	4	4	19	0.5789473684210527	no	0	-1
gma-miR393h	gma-miR393	gma-miR393h	miR86_R220_L22	gma-miR393h.v4	miR1333_R2_L20	15	10	7	8	3	18	0.3888888888888889	yes	-1	-1
gma-miR393i	gma-miR393	gma-miR393i	miR86_R220_L22	gma-miR393i.v1	miR84_R223_L22	15	10	7	8	3	18	0.3888888888888889	yes	-1	1
gma-miR393i	gma-miR393	gma-miR393i	miR86_R220_L22	gma-miR393i.v2	miR122_R145_L21	15	9	7	8	2	17	0.4117647058823529	yes	-1	0
gma-miR393i	gma-miR393	gma-miR393i	miR86_R220_L22	gma-miR393i.v3	miR794_R6_L21	15	15	11	4	4	19	0.5789473684210527	no	0	-1
gma-miR393i	gma-miR393	gma-miR393i	miR86_R220_L22	gma-miR393i.v4	miR1333_R2_L20	15	10	7	8	3	18	0.3888888888888889	yes	-1	-1
gma-miR393j	gma-miR393	gma-miR393j-3p	miR244_R53_L21	gma-miR393j-3p.v1	miR1460_R2_L21	1	1	0	1	1	2	0.0	yes	1	-1
gma-miR393j	gma-miR393	gma-miR393j	miR86_R220_L22	gma-miR393j.v1	miR84_R223_L22	15	10	7	8	3	18	0.3888888888888889	yes	-1	1
gma-miR393j	gma-miR393	gma-miR393j	miR86_R220_L22	gma-miR393j.v2	miR122_R145_L21	15	9	7	8	2	17	0.4117647058823529	yes	-1	0
gma-miR393j	gma-miR393	gma-miR393j	miR86_R220_L22	gma-miR393j.v3	miR794_R6_L21	15	15	11	4	4	19	0.5789473684210527	no	0	-1
gma-miR393j	gma-miR393	gma-miR393j	miR86_R220_L22	gma-miR393j.v4	miR1333_R2_L20	15	10	7	8	3	18	0.3888888888888889	yes	-1	-1
gma-miR393k	gma-miR393	gma-miR393k	miR86_R220_L22	gma-miR393k.v1	miR84_R223_L22	15	10	7	8	3	18	0.3888888888888889	yes	-1	1
gma-miR393k	gma-miR393	gma-miR393k	miR86_R220_L22	gma-miR393k.v2	miR122_R145_L21	15	9	7	8	2	17	0.4117647058823529	yes	-1	0
gma-miR393k	gma-miR393	gma-miR393k	miR86_R220_L22	gma-miR393k.v3	miR794_R6_L21	15	15	11	4	4	19	0.5789473684210527	no	0	-1
gma-miR393k	gma-miR393	gma-miR393k	miR86_R220_L22	gma-miR393k.v4	miR1333_R2_L20	15	10	7	8	3	18	0.3888888888888889	yes	-1	-1
gma-miR394b	gma-miR394	gma-miR394b-3p	miR432_R20_L20	gma-miR394b-3p.v1	miR480_R16_L21	5	3	2	3	1	6	0.3333333333333333	no	0	1
gma-miR394d	gma-miR394	gma-miR394d	miR22_R605_L20	gma-miR394d.v1	miR959_R4_L21	8	8	5	3	3	11	0.45454545454545453	yes	1	0
gma-miR394m	gma-miR394	gma-miR394m	miR432_R20_L20	gma-miR394m.v1	miR480_R16_L21	5	3	2	3	1	6	0.3333333333333333	no	0	1
gma-miR395a	gma-miR395	gma-miR395a	miR183_R85_L21	gma-miR395a.v1	miR79_R247_L21	8	4	2	6	2	10	0.2	yes	-1	1
gma-miR395a	gma-miR395	gma-miR395a	miR183_R85_L21	gma-miR395a.v2	miR332_R31_L20	8	4	2	6	2	10	0.2	yes	-1	0
gma-miR395b	gma-miR395	gma-miR395b	miR183_R85_L21	gma-miR395b.v1	miR79_R247_L21	8	4	2	6	2	10	0.2	yes	-1	1
gma-miR395b	gma-miR395	gma-miR395b	miR183_R85_L21	gma-miR395b.v2	miR332_R31_L20	8	4	2	6	2	10	0.2	yes	-1	0
gma-miR395c	gma-miR395	gma-miR395c	miR183_R85_L21	gma-miR395c.v1	miR79_R247_L21	8	4	2	6	2	10	0.2	yes	-1	1
gma-miR395c	gma-miR395	gma-miR395c	miR183_R85_L21	gma-miR395c.v2	miR332_R31_L20	8	4	2	6	2	10	0.2	yes	-1	0
gma-miR395o	gma-miR395	gma-miR395o	miR79_R247_L21	gma-miR395o.v1	miR332_R31_L20	4	4	3	1	1	5	0.6	no	0	-1
gma-miR395q	gma-miR395	gma-miR395q	miR287_R40_L21	gma-miR395q.v1	miR332_R31_L20	8	4	2	6	2	10	0.2	yes	-1	0
gma-miR395r	gma-miR395	gma-miR395r	miR65_R287_L21	gma-miR395r.v1	miR287_R40_L21	6	8	2	4	6	12	0.16666666666666666	yes	1	-1
gma-miR395r	gma-miR395	gma-miR395r	miR65_R287_L21	gma-miR395r.v2	miR332_R31_L20	6	4	4	2	0	6	0.6666666666666666	no	0	-1
gma-miR395u	gma-miR395	gma-miR395u	miR190_R76_L21	gma-miR395u.v1	miR306_R36_L21	4	9	3	1	6	10	0.3	yes	-1	1
gma-miR395v	gma-miR395	gma-miR395v	miR65_R287_L21	gma-miR395v.v1	miR287_R40_L21	6	8	2	4	6	12	0.16666666666666666	yes	1	-1
gma-miR395v	gma-miR395	gma-miR395v	miR65_R287_L21	gma-miR395v.v2	miR332_R31_L20	6	4	4	2	0	6	0.6666666666666666	no	0	-1
gma-miR395w	gma-miR395	gma-miR395w	miR287_R40_L21	gma-miR395w.v1	miR332_R31_L20	8	4	2	6	2	10	0.2	yes	-1	0
gma-miR395x	gma-miR395	gma-miR395x	miR65_R287_L21	gma-miR395x.v1	miR332_R31_L20	6	4	4	2	0	6	0.6666666666666666	no	0	-1
gma-miR396a	gma-miR396	gma-miR396a-5p	miR28_R539_L21	gma-miR396a-5p.v1	miR89_R212_L20	41	40	40	1	0	41	0.975609756097561	no	0	-1
gma-miR396b	gma-miR396	gma-miR396b-5p	miR20_R668_L21	gma-miR396b-5p.v1	miR89_R212_L20	42	40	39	3	1	43	0.9069767441860465	no	0	-1
gma-miR396c	gma-miR396	gma-miR396c	miR20_R668_L21	gma-miR396c.v1	miR89_R212_L20	42	40	39	3	1	43	0.9069767441860465	no	0	-1
gma-miR396f	gma-miR396	gma-miR396f-5p	miR20_R668_L21	gma-miR396f-5p.v1	miR89_R212_L20	42	40	39	3	1	43	0.9069767441860465	no	0	-1
gma-miR396i	gma-miR396	gma-miR396i-5p	miR28_R539_L21	gma-miR396i-5p.v1	miR89_R212_L20	41	40	40	1	0	41	0.975609756097561	no	0	-1
gma-miR396j	gma-miR396	gma-miR396j	miR67_R283_L21	gma-miR396j.v1	miR868_R6_L21	3	7	0	3	7	10	0.0	yes	-4	4
gma-miR396k	gma-miR396	gma-miR396k-5p	miR20_R668_L21	gma-miR396k-5p.v1	miR89_R212_L20	42	40	39	3	1	43	0.9069767441860465	no	0	-1
gma-miR396l	gma-miR396	gma-miR396l	miR67_R283_L21	gma-miR396l.v1	miR868_R6_L21	3	7	0	3	7	10	0.0	yes	-4	4
gma-miR396m	gma-miR396	gma-miR396m	miR67_R283_L21	gma-miR396m.v1	miR868_R6_L21	3	7	0	3	7	10	0.0	yes	-4	4
gma-miR397a	gma-miR397	gma-miR397a	miR134_R126_L21	gma-miR397a.v1	miR106_R169_L21	25	25	18	7	7	32	0.5625	yes	-2	2
gma-miR397a	gma-miR397	gma-miR397a	miR134_R126_L21	gma-miR397a.v2	miR751_R7_L20	25	25	18	7	7	32	0.5625	yes	-2	1
gma-miR397b	gma-miR397	gma-miR397b-3p	miR641_R9_L21	gma-miR397b-3p.v1	miR789_R6_L21	3	2	0	3	2	5	0.0	yes	-2	2
gma-miR397b	gma-miR397	gma-miR397b-5p	miR134_R126_L21	gma-miR397b-5p.v1	miR106_R169_L21	25	25	18	7	7	32	0.5625	yes	-2	2
gma-miR397b	gma-miR397	gma-miR397b-5p	miR134_R126_L21	gma-miR397b-5p.v2	miR751_R7_L20	25	25	18	7	7	32	0.5625	yes	-2	1
gma-miR398a	gma-miR398	gma-miR398a	miR382_R25_L21	gma-miR398a.v1	miR35_R452_L21	10	8	1	9	7	17	0.058823529411764705	yes	1	-1
gma-miR398b	gma-miR398	gma-miR398b-3p	miR382_R25_L21	gma-miR398b-3p.v1	miR35_R452_L21	10	8	1	9	7	17	0.058823529411764705	yes	1	-1
gma-miR398b	gma-miR398	gma-miR398b-5p	miR92_R206_L22	gma-miR398b-5p.v1	miR619_R10_L22	2	5	0	2	5	7	0.0	yes	1	-1
Gma-MIR398e	gma-miR398	Gma-MIR398e-5p	miR227_R60_L22	Gma-MIR398e-5p.v1	miR706_R8_L21	3	4	3	0	1	4	0.75	no	0	-1
Gma-MIR398e	gma-miR398	Gma-MIR398e	miR541_R13_L22	Gma-MIR398e.v1	miR433_R20_L21	6	10	0	6	10	16	0.0	yes	-1	0
gma-miR399a	gma-miR399	gma-miR399a-5p	miR263_R48_L21	gma-miR399a-5p.v1	miR1071_R4_L22	1	1	0	1	1	2	0.0	yes	1	0
gma-miR399c	gma-miR399	gma-miR399c-5p	miR263_R48_L21	gma-miR399c-5p.v1	miR1071_R4_L22	1	1	0	1	1	2	0.0	yes	1	0
gma-miR399l	gma-miR399	gma-miR399l-5p	miR671_R9_L22	gma-miR399l-5p.v1	miR1195_R3_L21	3	5	1	2	4	7	0.14285714285714285	yes	-1	0
gma-miR399n	gma-miR399	gma-miR399n-5p	miR671_R9_L22	gma-miR399n-5p.v1	miR1195_R3_L21	3	5	1	2	4	7	0.14285714285714285	yes	-1	0
gma-miR403a	gma-miR403	gma-miR403a	miR57_R322_L21	gma-miR403a.v1	miR638_R9_L20	4	6	3	1	3	7	0.42857142857142855	no	0	-1
gma-miR403b	gma-miR403	gma-miR403b	miR57_R322_L21	gma-miR403b.v1	miR638_R9_L20	4	6	3	1	3	7	0.42857142857142855	no	0	-1
gma-miR408a	gma-miR408	gma-miR408a-3p	miR5_R745_L21	gma-miR408a-3p.v1	miR484_R15_L21	7	7	5	2	2	9	0.5555555555555556	yes	-1	1
gma-miR408b	gma-miR408	gma-miR408b-3p	miR5_R745_L21	gma-miR408b-3p.v1	miR484_R15_L21	7	7	5	2	2	9	0.5555555555555556	yes	-1	1
gma-miR408c	gma-miR408	gma-miR408c-3p	miR5_R745_L21	gma-miR408c-3p.v1	miR484_R15_L21	7	7	5	2	2	9	0.5555555555555556	yes	-1	1
gma-miR4345	gma-miR4345	gma-miR4345	miR569_R12_L22	gma-miR4345.v1	miR511_R14_L21	2	1	0	2	1	3	0.0	yes	-2	1
gma-miR4345	gma-miR4345	gma-miR4345	miR569_R12_L22	gma-miR4345.v2	miR844_R6_L22	2	1	0	2	1	3	0.0	yes	1	-1
gma-miR4348i	gma-miR4348	gma-miR4348i	miR1247_R2_L22	gma-miR4348i.v1	miR1248_R2_L21	6	3	3	3	0	6	0.5	no	0	-1
gma-miR4397	gma-miR4397	gma-miR4397-3p	miR91_R209_L22	gma-miR4397-3p.v1	miR1110_R3_L20	3	7	2	1	5	8	0.25	no	0	-2
gma-miR4412	gma-miR4412	gma-miR4412-5p	miR24_R598_L21	gma-miR4412-5p.v1	miR365_R27_L22	11	6	1	10	5	16	0.0625	yes	1	0
gma-miR4412	gma-miR4412	gma-miR4412-5p	miR24_R598_L21	gma-miR4412-5p.v2	miR880_R5_L20	11	7	3	8	4	15	0.2	no	0	-1
gma-miR4413b	gma-miR4413	gma-miR4413b	miR562_R12_L20	gma-miR4413b.v1	miR1130_R3_L21	13	13	13	0	0	13	1.0	no	0	1
gma-miR4413b	gma-miR4413	gma-miR4413b	miR562_R12_L20	gma-miR4413b.v2	miR1583_R2_L20	13	5	2	11	3	16	0.125	yes	1	-1
gma-miR4413e	gma-miR4413	gma-miR4413e	miR562_R12_L20	gma-miR4413e.v1	miR32_R482_L21	13	12	12	1	0	13	0.9230769230769231	no	0	1
gma-miR4413e	gma-miR4413	gma-miR4413e	miR562_R12_L20	gma-miR4413e.v2	miR370_R27_L22	13	7	2	11	5	18	0.1111111111111111	yes	1	1
gma-miR4414d	gma-miR4414	gma-miR4414d	miR421_R21_L20	gma-miR4414d.v1	miR1469_R2_L21	1	1	1	0	0	1	1.0	no	0	1
gma-miR4415a	gma-miR4415	gma-miR4415a-3p	miR71_R276_L21	gma-miR4415a-3p.v1	miR426_R20_L20	8	6	4	4	2	10	0.4	no	0	-1
gma-miR4415a	gma-miR4415	gma-miR4415a-3p	miR71_R276_L21	gma-miR4415a-3p.v2	miR481_R16_L22	8	3	0	8	3	11	0.0	yes	1	0
gma-miR4415b	gma-miR4415	gma-miR4415b-3p	miR71_R276_L21	gma-miR4415b-3p.v1	miR426_R20_L20	8	6	4	4	2	10	0.4	no	0	-1
gma-miR4415b	gma-miR4415	gma-miR4415b-3p	miR71_R276_L21	gma-miR4415b-3p.v2	miR481_R16_L22	8	3	0	8	3	11	0.0	yes	1	0
gma-miR4416b	gma-miR4416	gma-miR4416b	miR175_R89_L21	gma-miR4416b.v1	miR250_R51_L21	6	3	0	6	3	9	0.0	yes	-4	4
gma-miR4416b	gma-miR4416	gma-miR4416b	miR175_R89_L21	gma-miR4416b.v2	miR438_R19_L22	6	5	5	1	0	6	0.8333333333333334	no	0	1
Gma-miR477c	gma-miR477	Gma-miR477c	miR741_R7_L22	Gma-miR477c.v1	miR1276_R2_L22	8	4	1	7	3	11	0.09090909090909091	yes	-1	1
gma-miR482a	gma-miR482	gma-miR482a-5p	miR29_R528_L21	gma-miR482a-5p.v1	miR392_R25_L22	2	3	1	1	2	4	0.25	yes	1	0
gma-miR482a	gma-miR482	gma-miR482a-5p	miR29_R528_L21	gma-miR482a-5p.v2	miR539_R13_L20	2	1	0	2	1	3	0.0	no	0	-1
gma-miR482a	gma-miR482	gma-miR482a-5p	miR29_R528_L21	gma-miR482a-5p.v3	miR714_R8_L22	2	1	1	1	0	2	0.5	no	0	1
gma-miR482a	gma-miR482	gma-miR482a-5p	miR29_R528_L21	gma-miR482a-5p.v4	miR1558_R2_L21	2	3	1	1	2	4	0.25	yes	1	-1
gma-miR482b	gma-miR482	gma-miR482b-3p	miR15_R694_L22	gma-miR482b-3p.v1	miR804_R6_L21	13	11	8	5	3	16	0.5	no	0	-1
gma-miR482c	gma-miR482	gma-miR482c-3p	miR971_R4_L21	gma-miR482c-3p.v1	miR37_R447_L22	10	11	10	0	1	11	0.9090909090909091	no	0	1
gma-miR482d	gma-miR482	gma-miR482d-3p	miR15_R694_L22	gma-miR482d-3p.v1	miR804_R6_L21	13	11	8	5	3	16	0.5	no	0	-1
gma-miR482d	gma-miR482	gma-miR482d-5p	miR525_R13_L22	gma-miR482d-5p.v1	miR408_R22_L21	20	16	15	5	1	21	0.7142857142857143	no	0	-1
gma-miR482d	gma-miR482	gma-miR482d-5p	miR525_R13_L22	gma-miR482d-5p.v2	miR708_R8_L20	20	17	15	5	2	22	0.6818181818181818	no	0	-2
gma-miR482d	gma-miR482	gma-miR482d-5p	miR525_R13_L22	gma-miR482d-5p.v3	miR1557_R2_L21	20	8	0	20	8	28	0.0	yes	3	-4
gma-miR482e	gma-miR482	gma-miR482e	miR408_R22_L21	gma-miR482e.v1	miR525_R13_L22	16	20	15	1	5	21	0.7142857142857143	no	0	1
gma-miR482e	gma-miR482	gma-miR482e	miR408_R22_L21	gma-miR482e.v2	miR708_R8_L20	16	17	16	0	1	17	0.9411764705882353	no	0	-1
gma-miR4996	gma-miR4996	gma-miR4996	miR812_R6_L20	gma-miR4996.v1	miR14_R704_L21	17	17	16	1	1	18	0.8888888888888888	no	0	1
gma-miR4996	gma-miR4996	gma-miR4996	miR812_R6_L20	gma-miR4996.v2	miR369_R27_L22	17	3	2	15	1	18	0.1111111111111111	yes	1	1
gma-miR4996	gma-miR4996	gma-miR4996	miR812_R6_L20	gma-miR4996.v3	miR508_R14_L21	17	3	2	15	1	18	0.1111111111111111	yes	1	0
gma-miR4996	gma-miR4996	gma-miR4996	miR812_R6_L20	gma-miR4996.v4	miR1587_R2_L22	17	1	0	17	1	18	0.0	yes	2	0
gma-miR5030d	gma-miR5030	gma-miR5030d	miR12_R706_L20	gma-miR5030d.v1	miR900_R5_L21	1	2	1	0	1	2	0.5	no	0	1
gma-miR5037c	gma-miR5037	gma-miR5037c	miR456_R18_L20	gma-miR5037c.v1	miR464_R17_L21	3	4	1	2	3	6	0.16666666666666666	yes	1	0
gma-miR5037c	gma-miR5037	gma-miR5037c	miR456_R18_L20	gma-miR5037c.v2	miR938_R5_L21	3	3	3	0	0	3	1.0	no	0	1
gma-miR5038a	gma-miR5038	gma-miR5038a	miR143_R120_L21	gma-miR5038a.v1	miR299_R38_L20	2	3	2	0	1	3	0.6666666666666666	no	0	-1
gma-miR5038a	gma-miR5038	gma-miR5038a	miR143_R120_L21	gma-miR5038a.v2	miR415_R22_L21	2	4	0	2	4	6	0.0	yes	4	-4
gma-miR5038a	gma-miR5038	gma-miR5038a	miR143_R120_L21	gma-miR5038a.v3	miR920_R5_L21	2	6	0	2	6	8	0.0	yes	7	-7
gma-miR5038b	gma-miR5038	gma-miR5038b	miR143_R120_L21	gma-miR5038b.v1	miR299_R38_L20	2	3	2	0	1	3	0.6666666666666666	no	0	-1
gma-miR5038b	gma-miR5038	gma-miR5038b	miR143_R120_L21	gma-miR5038b.v2	miR415_R22_L21	2	4	0	2	4	6	0.0	yes	4	-4
gma-miR5038b	gma-miR5038	gma-miR5038b	miR143_R120_L21	gma-miR5038b.v3	miR920_R5_L21	2	6	0	2	6	8	0.0	yes	7	-7
gma-miR5038c	gma-miR5038	gma-miR5038c	miR143_R120_L21	gma-miR5038c.v1	miR299_R38_L20	2	3	2	0	1	3	0.6666666666666666	no	0	-1
gma-miR5038c	gma-miR5038	gma-miR5038c	miR143_R120_L21	gma-miR5038c.v2	miR415_R22_L21	2	4	0	2	4	6	0.0	yes	4	-4
gma-miR5038c	gma-miR5038	gma-miR5038c	miR143_R120_L21	gma-miR5038c.v3	miR920_R5_L21	2	6	0	2	6	8	0.0	yes	7	-7
gma-miR5044	gma-miR5044	gma-miR5044	miR951_R5_L22	gma-miR5044.v1	miR1001_R4_L20	3	6	3	0	3	6	0.5	no	0	-2
gma-miR5044	gma-miR5044	gma-miR5044	miR951_R5_L22	gma-miR5044.v2	miR1203_R3_L21	3	4	3	0	1	4	0.75	no	0	-1
gma-miR5225	gma-miR5225	gma-miR5225-3p	miR816_R6_L21	gma-miR5225-3p.v1	miR890_R5_L20	5	7	0	5	7	12	0.0	yes	-1	0
gma-miR5671a	gma-miR5671	gma-miR5671a	miR77_R258_L21	gma-miR5671a.v1	miR748_R7_L22	4	4	4	0	0	4	1.0	no	0	1
gma-miR5671b	gma-miR5671	gma-miR5671b-5p	miR77_R258_L21	gma-miR5671b-5p.v1	miR748_R7_L22	4	4	4	0	0	4	1.0	no	0	1
gma-miR5770a	gma-miR5770	gma-miR5770a	miR50_R343_L21	gma-miR5770a.v1	miR130_R134_L21	7	5	2	5	3	10	0.2	yes	-1	1
gma-miR5770a	gma-miR5770	gma-miR5770a	miR50_R343_L21	gma-miR5770a.v2	miR182_R86_L22	7	7	2	5	5	12	0.16666666666666666	yes	-1	2
gma-miR5770a	gma-miR5770	gma-miR5770a	miR50_R343_L21	gma-miR5770a.v3	miR946_R5_L22	7	6	2	5	4	11	0.18181818181818182	yes	1	0
gma-miR5770b	gma-miR5770	gma-miR5770b	miR147_R118_L21	gma-miR5770b.v1	miR203_R71_L21	6	4	1	5	3	9	0.1111111111111111	yes	-1	1
gma-miR5770b	gma-miR5770	gma-miR5770b	miR147_R118_L21	gma-miR5770b.v2	miR866_R6_L22	6	2	0	6	2	8	0.0	yes	6	-5
gma-miR5770b	gma-miR5770	gma-miR5770b	miR147_R118_L21	gma-miR5770b.v3	miR872_R5_L21	6	4	1	5	3	9	0.1111111111111111	yes	1	-1
gma-miR5770b	gma-miR5770	gma-miR5770b	miR147_R118_L21	gma-miR5770b.v4	miR1075_R3_L21	6	4	0	6	4	10	0.0	yes	5	-5
gma-miR5776	gma-miR5776	gma-miR5776	miR396_R24_L21	gma-miR5776.v1	miR1290_R2_L21	1	2	0	1	2	3	0.0	yes	-4	4
gma-miR862a	gma-miR862	gma-miR862a-5p	miR345_R29_L21	gma-miR862a-5p.v1	miR384_R25_L22	1	8	1	0	7	8	0.125	yes	1	0
gma-miR862a	gma-miR862	gma-miR862a-5p	miR345_R29_L21	gma-miR862a-5p.v2	miR385_R25_L21	1	8	1	0	7	8	0.125	yes	1	-1
gma-miR862b	gma-miR862	gma-miR862b-5p	miR345_R29_L21	gma-miR862b-5p.v1	miR384_R25_L22	1	8	1	0	7	8	0.125	yes	1	0
gma-miR862b	gma-miR862	gma-miR862b-5p	miR345_R29_L21	gma-miR862b-5p.v2	miR385_R25_L21	1	8	1	0	7	8	0.125	yes	1	-1
gma-miR9724b	gma-miR9724	gma-miR9724b	miR503_R14_L21	gma-miR9724b.v1	miR653_R9_L22	3	2	0	3	2	5	0.0	yes	1	0
gma-miR9724c	gma-miR9724	gma-miR9724c	miR503_R14_L21	gma-miR9724c.v1	miR653_R9_L22	3	2	0	3	2	5	0.0	yes	1	0
gma-miR9750	gma-miR9750	gma-miR9750-5p	miR837_R6_L22	gma-miR9750-5p.v1	miR1584_R2_L20	3	4	0	3	4	7	0.0	no	0	-2
gma-miR9755	gma-miR9755	gma-miR9755	miR582_R11_L21	gma-miR9755.v1	miR1510_R2_L20	2	2	2	0	0	2	1.0	no	0	-1
gma-miR9765	gma-miR9765	gma-miR9765	miR733_R7_L22	gma-miR9765.v1	miR1486_R2_L21	5	3	1	4	2	7	0.14285714285714285	yes	-1	0
Gma-MIRN12254	gma-miRN12254	Gma-MIRN12254	miR598_R11_L22	Gma-MIRN12254.v1	miR1519_R2_L22	2	3	0	2	3	5	0.0	yes	2	-2
Gma-miRN13170c	gma-miRN13170	Gma-miRN13170c	miR123_R145_L22	Gma-miRN13170c.v1	miR774_R7_L22	3	2	0	3	2	5	0.0	yes	-2	2
Gma-miRN13170e	gma-miRN13170	Gma-miRN13170e	miR123_R145_L22	Gma-miRN13170e.v1	miR774_R7_L22	3	2	0	3	2	5	0.0	yes	-2	2
Gma-miRN13170g	gma-miRN13170	Gma-miRN13170g	miR123_R145_L22	Gma-miRN13170g.v1	miR774_R7_L22	3	2	0	3	2	5	0.0	yes	-2	2
Gma-miRN13170i	gma-miRN13170	Gma-miRN13170i	miR123_R145_L22	Gma-miRN13170i.v1	miR774_R7_L22	3	2	0	3	2	5	0.0	yes	-2	2
Gma-miRN13170k	gma-miRN13170	Gma-miRN13170k	miR123_R145_L22	Gma-miRN13170k.v1	miR774_R7_L22	3	2	0	3	2	5	0.0	yes	-2	2
Gma-miRN13170l	gma-miRN13170	Gma-miRN13170l	miR123_R145_L22	Gma-miRN13170l.v1	miR774_R7_L22	3	2	0	3	2	5	0.0	yes	-2	2
Gma-MIRN14549	gma-miRN14549	Gma-MIRN14549	miR443_R19_L22	Gma-MIRN14549.v1	miR1444_R2_L22	5	8	2	3	6	11	0.18181818181818182	yes	-1	1
Gma-MIRN15516	gma-miRN15516	Gma-MIRN15516	miR466_R17_L20	Gma-MIRN15516.v1	miR736_R7_L21	4	4	4	0	0	4	1.0	no	0	1
Gma-miRN17447a	gma-miRN17447	Gma-miRN17447a	miR847_R6_L21	Gma-miRN17447a.v1	miR1228_R3_L22	1	1	0	1	1	2	0.0	no	0	1
Gma-miRN17742a	gma-miRN17742	Gma-miRN17742a	miR604_R11_L21	Gma-miRN17742a.v1	miR1032_R4_L21	5	5	1	4	4	9	0.1111111111111111	yes	1	-1
Gma-miRN17742b	gma-miRN17742	Gma-miRN17742b	miR604_R11_L21	Gma-miRN17742b.v1	miR1032_R4_L21	5	5	1	4	4	9	0.1111111111111111	yes	1	-1
Gma-miRN17742c	gma-miRN17742	Gma-miRN17742c	miR604_R11_L21	Gma-miRN17742c.v1	miR1032_R4_L21	5	5	1	4	4	9	0.1111111111111111	yes	1	-1
Gma-miRN17742d	gma-miRN17742	Gma-miRN17742d	miR604_R11_L21	Gma-miRN17742d.v1	miR1032_R4_L21	5	5	1	4	4	9	0.1111111111111111	yes	1	-1
Gma-miRN17742e	gma-miRN17742	Gma-miRN17742e	miR604_R11_L21	Gma-miRN17742e.v1	miR1032_R4_L21	5	5	1	4	4	9	0.1111111111111111	yes	1	-1
Gma-MIRN17872	gma-miRN17872	Gma-MIRN17872	miR1588_R2_L20	Gma-MIRN17872.v1	miR338_R31_L21	4	3	3	1	0	4	0.75	no	0	1
Gma-MIRN18007	gma-miRN18007	Gma-MIRN18007	miR1160_R3_L20	Gma-MIRN18007.v1	miR954_R5_L21	2	1	1	1	0	2	0.5	no	0	1
Gma-miRN18146a	gma-miRN18146	Gma-miRN18146a	miR363_R27_L22	Gma-miRN18146a.v1	miR647_R9_L20	3	2	0	3	2	5	0.0	no	0	-2
Gma-miRN18397a	gma-miRN18397	Gma-miRN18397a	miR626_R10_L21	Gma-miRN18397a.v1	miR1073_R3_L20	8	6	0	8	6	14	0.0	yes	-1	0
Gma-miRN18397a	gma-miRN18397	Gma-miRN18397a	miR626_R10_L21	Gma-miRN18397a.v2	miR1481_R2_L21	8	2	0	8	2	10	0.0	yes	1	-1
Gma-miRN18397a	gma-miRN18397	Gma-miRN18397a	miR626_R10_L21	Gma-miRN18397a.v3	miR1442_R2_L20	8	5	4	4	1	9	0.4444444444444444	no	0	-1
Gma-MIRN18544	gma-miRN18544	Gma-MIRN18544	miR863_R6_L22	Gma-MIRN18544.v1	miR605_R11_L21	3	2	0	3	2	5	0.0	yes	-1	0
Gma-MIRN326	gma-miRN326	Gma-MIRN326	miR317_R33_L21	Gma-MIRN326.v1	miR445_R19_L22	7	6	6	1	0	7	0.8571428571428571	no	0	1
Gma-MIRN4409a	gma-miRN4409	Gma-MIRN4409a	miR635_R9_L22	Gma-MIRN4409a.v1	miR1270_R2_L22	4	9	0	4	9	13	0.0	yes	-1	1
Gma-miRN4409c	gma-miRN4409	Gma-miRN4409c	miR1266_R2_L21	Gma-miRN4409c.v1	miR1540_R2_L21	6	3	1	5	2	8	0.125	yes	-1	1
Gma-miRN4409e	gma-miRN4409	Gma-miRN4409e	miR1266_R2_L21	Gma-miRN4409e.v1	miR1540_R2_L21	6	3	1	5	2	8	0.125	yes	-1	1
Gma-miRN4409f	gma-miRN4409	Gma-miRN4409f	miR1266_R2_L21	Gma-miRN4409f.v1	miR1540_R2_L21	6	3	1	5	2	8	0.125	yes	-1	1
Gma-miRN4409g	gma-miRN4409	Gma-miRN4409g	miR1266_R2_L21	Gma-miRN4409g.v1	miR1540_R2_L21	6	3	1	5	2	8	0.125	yes	-1	1
Gma-miRN4409h	gma-miRN4409	Gma-miRN4409h	miR1266_R2_L21	Gma-miRN4409h.v1	miR1540_R2_L21	6	3	1	5	2	8	0.125	yes	-1	1
Gma-miRN4409i	gma-miRN4409	Gma-miRN4409i	miR1266_R2_L21	Gma-miRN4409i.v1	miR1540_R2_L21	6	3	1	5	2	8	0.125	yes	-1	1
Gma-miRN4409j	gma-miRN4409	Gma-miRN4409j	miR1266_R2_L21	Gma-miRN4409j.v1	miR1540_R2_L21	6	3	1	5	2	8	0.125	yes	-1	1
Gma-miRN4409k	gma-miRN4409	Gma-miRN4409k	miR1266_R2_L21	Gma-miRN4409k.v1	miR1540_R2_L21	6	3	1	5	2	8	0.125	yes	-1	1
Gma-miRN4409l	gma-miRN4409	Gma-miRN4409l	miR1266_R2_L21	Gma-miRN4409l.v1	miR1540_R2_L21	6	3	1	5	2	8	0.125	yes	-1	1
Gma-miRN4409m	gma-miRN4409	Gma-miRN4409m	miR1266_R2_L21	Gma-miRN4409m.v1	miR1540_R2_L21	6	3	1	5	2	8	0.125	yes	-1	1
Gma-miRN4437l	gma-miRN4437	Gma-miRN4437l	miR676_R8_L21	Gma-miRN4437l.v1	miR831_R6_L21	4	4	0	4	4	8	0.0	yes	-4	4
Gma-miRN4440c	gma-miRN4440	Gma-miRN4440c	miR1051_R4_L21	Gma-miRN4440c.v1	miR1121_R3_L22	2	4	2	0	2	4	0.5	no	0	1
Gma-MIRN520a	gma-miRN520	Gma-MIRN520a	miR100_R191_L20	Gma-MIRN520a.v1	miR159_R101_L21	5	1	0	5	1	6	0.0	yes	1	0
Gma-MIRN520a	gma-miRN520	Gma-MIRN520a	miR100_R191_L20	Gma-MIRN520a.v2	miR462_R17_L21	5	7	5	0	2	7	0.7142857142857143	no	0	1
Gma-MIRN520a	gma-miRN520	Gma-MIRN520a	miR100_R191_L20	Gma-MIRN520a.v3	miR1417_R2_L20	5	5	2	3	3	8	0.25	yes	-1	1
Gma-MIRN520b	gma-miRN520	Gma-MIRN520b	miR100_R191_L20	Gma-MIRN520b.v1	miR159_R101_L21	5	1	0	5	1	6	0.0	yes	1	0
Gma-MIRN520b	gma-miRN520	Gma-MIRN520b	miR100_R191_L20	Gma-MIRN520b.v2	miR462_R17_L21	5	7	5	0	2	7	0.7142857142857143	no	0	1
Gma-MIRN520b	gma-miRN520	Gma-MIRN520b	miR100_R191_L20	Gma-MIRN520b.v3	miR1417_R2_L20	5	5	2	3	3	8	0.25	yes	-1	1
Gma-miRN6506a	gma-miRN6506	Gma-miRN6506a	miR893_R5_L22	Gma-miRN6506a.v1	miR1400_R2_L22	9	7	2	7	5	14	0.14285714285714285	yes	1	-1
Gma-MIRN6620	gma-miRN6620	Gma-MIRN6620	miR773_R7_L21	Gma-MIRN6620.v1	miR670_R9_L22	4	4	3	1	1	5	0.6	no	0	1
Gma-MIRN6784	gma-miRN6784	Gma-MIRN6784	miR341_R30_L22	Gma-MIRN6784.v1	miR1028_R4_L21	4	4	1	3	3	7	0.14285714285714285	yes	-1	0
Gma-MIRN6800	gma-miRN6800	Gma-MIRN6800	miR1392_R2_L21	Gma-MIRN6800.v1	miR1321_R2_L22	2	3	1	1	2	4	0.25	yes	1	0
Gma-MIRN9421	gma-miRN9421	Gma-MIRN9421	miR373_R26_L22	Gma-MIRN9421.v1	miR728_R7_L22	6	3	1	5	2	8	0.125	yes	-1	1
gma_miRNC0002a	gma_miRNC0002	gma_miRNC0002a	miR468_R17_L22	gma_miRNC0002a.v1	miR1340_R2_L21	2	6	0	2	6	8	0.0	yes	-1	0
gma_miRNC0002c	gma_miRNC0002	gma_miRNC0002c	miR468_R17_L22	gma_miRNC0002c.v1	miR1340_R2_L21	2	6	0	2	6	8	0.0	yes	-1	0
gma_miRNC0002d	gma_miRNC0002	gma_miRNC0002d	miR468_R17_L22	gma_miRNC0002d.v1	miR1340_R2_L21	2	6	0	2	6	8	0.0	yes	-1	0
gma_miRNC0002g	gma_miRNC0002	gma_miRNC0002g	miR468_R17_L22	gma_miRNC0002g.v1	miR1340_R2_L21	2	6	0	2	6	8	0.0	yes	-1	0
gma_miRNC0006a	gma_miRNC0006	gma_miRNC0006a	miR1167_R3_L21	gma_miRNC0006a.v1	miR1479_R2_L20	5	2	0	5	2	7	0.0	yes	-1	0
gma_miRNC0012b	gma_miRNC0012	gma_miRNC0012b	miR476_R16_L21	gma_miRNC0012b.v1	miR974_R4_L21	4	1	1	3	0	4	0.25	yes	1	-1
gma_miRNC0012c	gma_miRNC0012	gma_miRNC0012c	miR476_R16_L21	gma_miRNC0012c.v1	miR974_R4_L21	4	1	1	3	0	4	0.25	yes	1	-1
gma_miRNC0012d	gma_miRNC0012	gma_miRNC0012d	miR476_R16_L21	gma_miRNC0012d.v1	miR974_R4_L21	4	1	1	3	0	4	0.25	yes	1	-1
gma_miRNC0012e	gma_miRNC0012	gma_miRNC0012e	miR476_R16_L21	gma_miRNC0012e.v1	miR974_R4_L21	4	1	1	3	0	4	0.25	yes	1	-1
gma_miRNC0013b	gma_miRNC0013	gma_miRNC0013b	miR333_R31_L21	gma_miRNC0013b.v1	miR585_R11_L20	3	4	0	3	4	7	0.0	yes	-1	0
gma_miRNC0013b	gma_miRNC0013	gma_miRNC0013b	miR333_R31_L21	gma_miRNC0013b.v2	miR1136_R3_L20	3	3	2	1	1	4	0.5	no	0	-1
gma_miRNC0013d	gma_miRNC0013	gma_miRNC0013d	miR333_R31_L21	gma_miRNC0013d.v1	miR585_R11_L20	3	4	0	3	4	7	0.0	yes	-1	0
gma_miRNC0013d	gma_miRNC0013	gma_miRNC0013d	miR333_R31_L21	gma_miRNC0013d.v2	miR1136_R3_L20	3	3	2	1	1	4	0.5	no	0	-1
gma_miRNC0017b	gma_miRNC0017	gma_miRNC0017b	miR148_R115_L22	gma_miRNC0017b.v1	miR405_R23_L21	5	3	2	3	1	6	0.3333333333333333	no	0	-1
gma_miRNC0023a	gma_miRNC0023	gma_miRNC0023a	miR628_R10_L21	gma_miRNC0023a.v1	miR1586_R2_L22	4	2	0	4	2	6	0.0	yes	1	0
gma_miRNC0023b	gma_miRNC0023	gma_miRNC0023b	miR628_R10_L21	gma_miRNC0023b.v1	miR1586_R2_L22	4	2	0	4	2	6	0.0	yes	1	0
gma_miRNC0023c	gma_miRNC0023	gma_miRNC0023c	miR628_R10_L21	gma_miRNC0023c.v1	miR1586_R2_L22	4	2	0	4	2	6	0.0	yes	1	0
gma_miRNC0031a	gma_miRNC0031	gma_miRNC0031a	miR932_R5_L22	gma_miRNC0031a.v1	miR998_R4_L22	3	4	0	3	4	7	0.0	yes	1	-1
gma_miRNC0031b	gma_miRNC0031	gma_miRNC0031b	miR932_R5_L22	gma_miRNC0031b.v1	miR998_R4_L22	3	4	0	3	4	7	0.0	yes	1	-1
gma_miRNC0032a	gma_miRNC0032	gma_miRNC0032a	miR378_R26_L22	gma_miRNC0032a.v1	miR1185_R3_L22	3	2	0	3	2	5	0.0	yes	1	-1
gma_miRNC0032c	gma_miRNC0032	gma_miRNC0032c	miR378_R26_L22	gma_miRNC0032c.v1	miR1185_R3_L22	3	2	0	3	2	5	0.0	yes	1	-1
gma_miRNC0036c	gma_miRNC0036	gma_miRNC0036c	miR668_R9_L21	gma_miRNC0036c.v1	miR839_R6_L21	3	8	0	3	8	11	0.0	yes	-1	1
gma_miRNC0039a	gma_miRNC0039	gma_miRNC0039a	miR561_R12_L22	gma_miRNC0039a.v1	miR1123_R3_L22	5	3	0	5	3	8	0.0	yes	-1	1
gma_miRNC0039b	gma_miRNC0039	gma_miRNC0039b	miR561_R12_L22	gma_miRNC0039b.v1	miR1123_R3_L22	5	3	0	5	3	8	0.0	yes	-1	1
gma_miRNC0039b	gma_miRNC0039	gma_miRNC0039b	miR561_R12_L22	gma_miRNC0039b.v2	miR1416_R2_L22	5	8	1	4	7	12	0.08333333333333333	yes	1	-1
gma_miRNC0045a	gma_miRNC0045	gma_miRNC0045a	miR709_R8_L21	gma_miRNC0045a.v1	miR782_R6_L22	3	1	0	3	1	4	0.0	yes	3	-2
gma_miRNC0045b	gma_miRNC0045	gma_miRNC0045b	miR709_R8_L21	gma_miRNC0045b.v1	miR782_R6_L22	3	1	0	3	1	4	0.0	yes	3	-2
gma_miRNC0049c	gma_miRNC0049	gma_miRNC0049c	miR654_R9_L21	gma_miRNC0049c.v1	miR919_R5_L22	2	1	1	1	0	2	0.5	no	0	1
gma_miRNC0053a	gma_miRNC0053	gma_miRNC0053a	miR257_R49_L22	gma_miRNC0053a.v1	miR824_R6_L21	10	8	2	8	6	16	0.125	yes	-1	0
gma_miRNC0053b	gma_miRNC0053	gma_miRNC0053b	miR257_R49_L22	gma_miRNC0053b.v1	miR824_R6_L21	10	8	2	8	6	16	0.125	yes	-1	0
gma_miRNC0056a	gma_miRNC0056	gma_miRNC0056a	miR475_R17_L20	gma_miRNC0056a.v1	miR672_R9_L21	4	4	4	0	0	4	1.0	no	0	1
gma_miRNC0056b	gma_miRNC0056	gma_miRNC0056b	miR475_R17_L20	gma_miRNC0056b.v1	miR672_R9_L21	4	4	4	0	0	4	1.0	no	0	1
gma_miRNC0058a	gma_miRNC0058	gma_miRNC0058a	miR848_R6_L22	gma_miRNC0058a.v1	miR864_R6_L21	2	3	2	0	1	3	0.6666666666666666	no	0	-1
gma_miRNC0060a	gma_miRNC0060	gma_miRNC0060a	miR516_R14_L21	gma_miRNC0060a.v1	miR1070_R4_L22	1	1	1	0	0	1	1.0	no	0	1
gma_miRNC0060b	gma_miRNC0060	gma_miRNC0060b	miR516_R14_L21	gma_miRNC0060b.v1	miR1070_R4_L22	1	1	1	0	0	1	1.0	no	0	1
gma_miRNC0074a	gma_miRNC0074	gma_miRNC0074a	miR667_R9_L21	gma_miRNC0074a.v1	miR936_R5_L21	5	7	0	5	7	12	0.0	yes	-1	1
gma_miRNC0076	gma_miRNC0076	gma_miRNC0076	miR391_R25_L21	gma_miRNC0076.v1	miR1045_R4_L22	5	4	4	1	0	5	0.8	no	0	1
gma_miRNC0076	gma_miRNC0076	gma_miRNC0076	miR391_R25_L21	gma_miRNC0076.v2	miR1029_R4_L21	5	4	0	5	4	9	0.0	yes	-1	1
gma_miRNC0077	gma_miRNC0077	gma_miRNC0077	miR374_R26_L22	gma_miRNC0077.v1	miR515_R14_L22	8	9	3	5	6	14	0.21428571428571427	yes	1	-1
gma_miRNC0077	gma_miRNC0077	gma_miRNC0077	miR374_R26_L22	gma_miRNC0077.v2	miR549_R12_L22	8	5	0	8	5	13	0.0	yes	2	-2
gma_miRNC0078b	gma_miRNC0078	gma_miRNC0078b	miR499_R14_L22	gma_miRNC0078b.v1	miR888_R5_L22	4	4	0	4	4	8	0.0	yes	-1	1
gma_miRNC0082	gma_miRNC0082	gma_miRNC0082	miR627_R10_L22	gma_miRNC0082.v1	miR1362_R2_L21	4	3	1	3	2	6	0.16666666666666666	yes	-1	0
gma_miRNC0082	gma_miRNC0082	gma_miRNC0082	miR627_R10_L22	gma_miRNC0082.v2	miR1354_R2_L20	4	7	0	4	7	11	0.0	yes	-2	0
gma_miRNC0083	gma_miRNC0083	gma_miRNC0083	miR110_R159_L22	gma_miRNC0083.v1	miR563_R12_L21	11	5	0	11	5	16	0.0	yes	-1	0
gma_miRNC0083	gma_miRNC0083	gma_miRNC0083	miR110_R159_L22	gma_miRNC0083.v2	miR738_R7_L20	11	4	0	11	4	15	0.0	yes	-2	0
gma_miRNC0084a	gma_miRNC0084	gma_miRNC0084a	miR441_R19_L22	gma_miRNC0084a.v1	miR903_R5_L22	3	6	0	3	6	9	0.0	yes	-1	1
gma_miRNC0093	gma_miRNC0093	gma_miRNC0093	miR1215_R3_L22	gma_miRNC0093.v1	miR1504_R2_L22	2	4	1	1	3	5	0.2	yes	1	-1
gma_miRNC0100	gma_miRNC0100	gma_miRNC0100	miR826_R6_L22	gma_miRNC0100.v1	miR1420_R2_L21	8	5	5	3	0	8	0.625	no	0	-1
gma_miRNC0109	gma_miRNC0109	gma_miRNC0109	miR594_R11_L22	gma_miRNC0109.v1	miR1379_R2_L21	6	5	3	3	2	8	0.375	yes	-1	0
gma_miRNC0115	gma_miRNC0115	gma_miRNC0115	miR595_R11_L22	gma_miRNC0115.v1	miR1516_R2_L21	6	3	1	5	2	8	0.125	yes	-1	0
gma_miRNC0126	gma_miRNC0126	gma_miRNC0126	miR1128_R3_L21	gma_miRNC0126.v1	miR1487_R2_L21	2	1	0	2	1	3	0.0	yes	-1	1
gma_miRNC0132	gma_miRNC0132	gma_miRNC0132	miR518_R14_L20	gma_miRNC0132.v1	miR1239_R3_L21	6	5	3	3	2	8	0.375	no	0	1
gma_miRNC0137	gma_miRNC0137	gma_miRNC0137	miR202_R71_L21	gma_miRNC0137.v1	miR452_R18_L22	5	5	1	4	4	9	0.1111111111111111	yes	1	0
gma_miRNC0141	gma_miRNC0141	gma_miRNC0141	miR303_R37_L21	gma_miRNC0141.v1	miR689_R8_L20	6	3	1	5	2	8	0.125	yes	-1	0
gma_miRNC0145	gma_miRNC0145	gma_miRNC0145	miR486_R15_L21	gma_miRNC0145.v1	miR1541_R2_L22	5	4	0	5	4	9	0.0	yes	3	-2
gma_miRNC0151	gma_miRNC0151	gma_miRNC0151	miR530_R13_L22	gma_miRNC0151.v1	miR1188_R3_L22	2	6	0	2	6	8	0.0	yes	-1	1
gma_miRNC0158	gma_miRNC0158	gma_miRNC0158	miR763_R7_L20	gma_miRNC0158.v1	miR1041_R4_L22	7	3	0	7	3	10	0.0	yes	1	1
gma_miRNC0160	gma_miRNC0160	gma_miRNC0160	miR188_R81_L22	gma_miRNC0160.v1	miR792_R6_L21	6	3	0	6	3	9	0.0	yes	-1	0
gma_miRNC0164	gma_miRNC0164	gma_miRNC0164	miR105_R172_L21	gma_miRNC0164.v1	miR972_R4_L21	2	3	0	2	3	5	0.0	yes	1	-1
gma_miRNC0165	gma_miRNC0165	gma_miRNC0165	miR231_R58_L22	gma_miRNC0165.v1	miR1066_R4_L20	5	4	0	5	4	9	0.0	yes	-1	-1
gma_miRNC0177	gma_miRNC0177	gma_miRNC0177	miR711_R8_L22	gma_miRNC0177.v1	miR1081_R3_L21	3	3	2	1	1	4	0.5	no	0	-1
gma_miRNC0179	gma_miRNC0179	gma_miRNC0179	miR1533_R2_L22	gma_miRNC0179.v1	miR1457_R2_L22	2	6	0	2	6	8	0.0	yes	-3	3
gma_miRNC0181	gma_miRNC0181	gma_miRNC0181	miR1056_R4_L21	gma_miRNC0181.v1	miR1204_R3_L21	5	6	1	4	5	10	0.1	yes	1	-1
gma_miRNC0183	gma_miRNC0183	gma_miRNC0183	miR845_R6_L21	gma_miRNC0183.v1	miR1117_R3_L20	2	11	1	1	10	12	0.08333333333333333	yes	1	-2
gma_miRNC0190	gma_miRNC0190	gma_miRNC0190	miR212_R67_L22	gma_miRNC0190.v1	miR349_R28_L21	1	3	0	1	3	4	0.0	yes	-1	0
gma_miRNC0191	gma_miRNC0191	gma_miRNC0191	miR813_R6_L22	gma_miRNC0191.v1	miR838_R6_L21	2	3	0	2	3	5	0.0	yes	-1	0
gma_miRNC0193	gma_miRNC0193	gma_miRNC0193	miR819_R6_L22	gma_miRNC0193.v1	miR1196_R3_L21	3	7	0	3	7	10	0.0	yes	-3	2
gma_miRNC0197	gma_miRNC0197	gma_miRNC0197	miR906_R5_L21	gma_miRNC0197.v1	miR1205_R3_L20	6	5	0	6	5	11	0.0	yes	-1	0
gma_miRNC0200	gma_miRNC0200	gma_miRNC0200	miR542_R13_L21	gma_miRNC0200.v1	miR1241_R3_L20	7	6	0	7	6	13	0.0	yes	-1	0
gma_miRNC0201	gma_miRNC0201	gma_miRNC0201	miR519_R14_L20	gma_miRNC0201.v1	miR576_R12_L21	4	4	4	0	0	4	1.0	no	0	1
gma_miRNC0204	gma_miRNC0204	gma_miRNC0204	miR765_R7_L22	gma_miRNC0204.v1	miR1298_R2_L21	3	4	0	3	4	7	0.0	yes	-3	2
gma_miRNC0208	gma_miRNC0208	gma_miRNC0208	miR889_R5_L21	gma_miRNC0208.v1	miR1329_R2_L20	6	7	5	1	2	8	0.625	no	0	-1
